club_name,province,city,city_source,region,website,email,phone,leagues,type,lat,lon,postal_code,place_id,geo_precision,social,contact_person,contact_note,website_status,address,formatted_address,leader,sources,source_count,row_count,oba_affiliated,team_derived,aliases,evidence_url,claimable,domain_claim_ok,domain_claim_reason,last_verified,stale,audience,needs_review
AB Elite Basketball Club,Alberta,Camrose,source,Rest of Alberta,https://www.instagram.com/alberta.elite/,rcowan04@gmail.com,780-678-9405,,private club,,,,,,,,,,,,,census-2026-07,1,1,,,AB Elite Basketball Club,https://www.abbasketball.ca/content/Alberta-Club-Map,yes,,unverified-single-source-non-ca,2026-07,,youth,
ACE Basketball (formerly Gotham Basketball Academy / Gotham Hoops),Alberta,Calgary,source,Calgary metro,https://gothambasketballacademy.ca/,info@acebasketball.ca,403-465-0743,AYBC — Alberta Youth Basketball Clubs circuit; AYBC — Association of Alberta Youth Basketball Clubs,private academy / elite club,,,,,,"Facebook (found via search, handle unconfirmed: facebook.com/61553107808621)",,"Search results state ACE Basketball is based in Toronto, ON and co-hosts the Canada Hoops Circuit National Championships — matches the input league. However this environment could not resolve acebaske",,,,,"census-2026-07,tier3-search",2,2,,,ACE Basketball | ACE Basketball (formerly Gotham Basketball Academy / Gotham Hoops),https://gothambasketballacademy.ca/,yes,yes,canadian-tld,2026-07,,youth,
Airdrie Minor Basketball Association (AMBA),Alberta,Airdrie,source,"Calgary metro, AB",https://airdriebasketball.ca,info@airdriebasketball.ca,,Alberta Basketball Youth Provincials (YP); CMBA Fall/Winter League; CMBA Spring League,community nonprofit (CMBA zone association),,,,,,FB @airdrieminorbasketball; IG @airdrieminorbasketball,,,,,,,"census-2026-07,website-scrape",2,2,,,Airdrie Minor Basketball Association (AMBA),https://airdriebasketball.ca/executive,yes,yes,canadian-tld,2026-07,,youth,
AL Elite Hoops,Alberta,Edmonton,source,"Edmonton metro, AB",https://alelitehoops.ca/,al.elitehoops@gmail.com,(780) 982-7112,,private academy,,,,,,,,,,,,,census-2026-07,1,1,,,AL Elite Hoops,https://alelitehoops.ca/,yes,yes,canadian-tld,2026-07,,youth,
Alberta Shooting Stars Basketball,Alberta,Calgary,source,"Calgary metro, AB",http://albertashootingstars.com,albertashootingstars@gmail.com,403-803-4403,AYBC — Alberta Youth Basketball Clubs circuit; AYBC — Association of Alberta Youth Basketball Clubs,community nonprofit (girls-only),,,,,,,,,,,,,census-2026-07,1,1,,,Alberta Shooting Stars Basketball,http://albertashootingstars.com,yes,,unverified-single-source-non-ca,2026-07,,youth,
Alonzolutions Basketball (A'z Basketball),Alberta,Calgary,source,Calgary metro (Calgary + Okotoks),https://alonzolutions.ca/,,,CMBA Fall/Winter League,private academy / club,,,,,,,,,,,,,census-2026-07,1,1,,,Alonzolutions Basketball (A'z Basketball),https://alonzolutions.ca/,,yes,canadian-tld,2026-07,,youth,
Apex Athlete Development (Apex Basketball),Alberta,Ponoka,source,Rest of Alberta,https://www.apexathletedevelopment.ca/,,,Alberta Basketball Youth Provincials,private academy,,,,,,,,,,,,,census-2026-07,1,1,,,Apex Athlete Development (Apex Basketball),https://abbasketball.ca/content/2022-2023-clubs-amp-community-groups-in-good-standing,,yes,canadian-tld,2026-07,,youth,
Ascend Basketball Academy,Alberta,Red Deer,source,Rest of Alberta,,officialascendbasketball@gmail.com,403-307-7573,AYBC — Association of Alberta Youth Basketball Clubs; AYBC — Association of Alberta Youth Basketball Clubs (member),private academy,,,,,,,,,,,,,census-2026-07,1,1,,,Ascend Basketball Academy,https://www.aybc.ca/2020-club-members-1/ascend-basketball-academy,yes,,no-website,2026-07,,youth,
Aurora North Basketball Academy,Alberta,Grande Prairie,source,Rest of Alberta,https://www.facebook.com/profile.php?id=61551046507977,auroranorthbasketball@gmail.com,,,private academy,,,,,,,,,,,,,census-2026-07,1,1,,,Aurora North Basketball Academy,https://gpsportconnect.ca/sport-registration/,yes,,unverified-single-source-non-ca,2026-07,,youth,
Badlands Basketball Club,Alberta,Medicine Hat,source,Southeastern Alberta,https://www.badlandsbasketball.com/,badlandsbasketball0@gmail.com,403-977-4545,AYBC — Association of Alberta Youth Basketball Clubs; Spring club tournament circuit,private competitive club (est. 2013),,,,,,,,,,,,,census-2026-07,1,1,,,Badlands Basketball Club,https://www.badlandsbasketball.com/copy-of-our-program,yes,,unverified-single-source-non-ca,2026-07,,youth,
Barrhead Aces,Alberta,Barrhead,source,Rest of Alberta,,brettgitzel@gmail.com,587-336-7879,AYBC — Association of Alberta Youth Basketball Clubs,community club,,,,,,,,,,,,,census-2026-07,1,1,,,Barrhead Aces,https://www.aybc.ca/membership,yes,,no-website,2026-07,,youth,
Battle River Warriors,Alberta,Tofield,source,"Edmonton metro (east fringe), AB",,banderson@brsd.ab.ca,,AYBC — Association of Alberta Youth Basketball Clubs,community nonprofit,,,,,,,,,,,,,census-2026-07,1,1,,,Battle River Warriors,https://www.aybc.ca/membership,yes,,no-website,2026-07,,youth,
Beaumont Youth Basketball Association (BYBA),Alberta,Beaumont,source,"Edmonton metro, AB",https://www.byba.ca/,president@byba.ca,(780) 336-6023,EYBA Fall/Winter League,community nonprofit,,,,,,,,,,,,,census-2026-07,1,1,,,Beaumont Youth Basketball Association (BYBA),https://www.byba.ca/,yes,yes,canadian-tld,2026-07,,youth,
Big Rock Basketball Club,Alberta,Okotoks,source,"Calgary metro, AB",https://bigrockbball.ca,info@bigrockbball.ca,403-336-6503,AYBC — Alberta Youth Basketball Clubs circuit; AYBC — Association of Alberta Youth Basketball Clubs,"community club (girls, Foothills area)",,,,,,,,,,,,,census-2026-07,1,1,,,Big Rock Basketball Club,https://bigrockbball.ca,yes,yes,canadian-tld,2026-07,,youth,
Bow River South Basketball Association,Alberta,Calgary,source,"Calgary metro, AB",https://bowriverbasketball.com,president@bowriverbasketball.com,,Alberta Basketball Youth Provincials (YP); CMBA Fall/Winter League,community nonprofit (CMBA zone association),,,,,,FB @BowRiverSouthBasketball; IG @bowriverbasketball,,,,,,,"census-2026-07,website-scrape",2,2,,,Bow River South Basketball Association,https://bowriverbasketball.com/content/board-contact-list,yes,yes,website-corroborated,2026-07,,youth,
Bow Valley Basketball,Alberta,Canmore,source,"Bow Valley (Canmore — adjacent to Calgary metro, plays into Calgary/regional competition)",https://www.bowvalleybasketball.com,info@bowvalleybasketball.com,+1 403-707-9250,,private academy / club,,,,,,,,,,,,,census-2026-07,1,1,,,Bow Valley Basketball,https://www.bowvalleybasketball.com/about,yes,,unverified-single-source-non-ca,2026-07,,youth,
Brodie Rec (Calgary North),Alberta,Calgary,source,"Calgary metro, AB",https://www.brodierec.com/locations/calgary-alberta,info@brodierec.com,,Brodie rec basketball league (operator),private rec league operator,,,,,,,,,,,,,census-2026-07,1,1,,,Brodie Rec (Calgary North),https://www.brodierec.com/locations/calgary-alberta,yes,,unverified-single-source-non-ca,2026-07,,youth,
CADA Sports (CADA Red Storm),Alberta,Edmonton,source,"Edmonton metro, AB",https://www.cadasports.com/,info@cadasports.com,,AYBC — Association of Alberta Youth Basketball Clubs,private academy,,,,,,FB @CADAyouth; IG @cadayouth,,,,,,,"census-2026-07,website-scrape",2,2,,,CADA Sports (CADA Red Storm),https://www.cadasports.com/,yes,yes,website-corroborated,2026-07,,youth,
Calgary Academy Hoops,Alberta,Calgary,source,"Calgary metro, AB",https://calgaryacademyhoops.ca,academyhoops24@gmail.com,(825) 438-3316,,community club (details unpublished),,,,,,,,,,,,,census-2026-07,1,1,,,Calgary Academy Hoops,https://calgaryacademyhoops.ca,yes,yes,canadian-tld,2026-07,,youth,
Calgary Basketball Academy (CBA),Alberta,Calgary,source,"Calgary metro, AB",https://calgarybasketball.ca,info@calgarybasketball.ca,,CMBA (referenced on site; CMBA Spring League (club season); spring club league level unconfirmed),private academy (with nonprofit spring club arm 'Youth Basketball in Calgary'),,,,,,FB @cbacalgary; IG @_c_b_a_,,,,,,,"census-2026-07,website-scrape",2,2,,,Calgary Basketball Academy (CBA),https://calgarybasketball.ca,yes,yes,canadian-tld,2026-07,,youth,
Calgary Chinooks Basketball,Alberta,Calgary,source,"Calgary metro, AB",https://www.calgarychinooksbasketball.com,calgarychinooksbasketball@gmail.com,,Calgary); Great Canadian Shootout (GCSO) series; Prolific Spring League; Prolific Spring League (Prolific Sports House,community nonprofit (academy),,,,,,,,,,,,,census-2026-07,1,1,,,Calgary Chinooks Basketball,https://www.calgarychinooksbasketball.com,yes,,unverified-single-source-non-ca,2026-07,,youth,
Calgary Elite Basketball,Alberta,Calgary,source,Calgary metro,,,,CMBA Spring League (club season),private club,,,,,,,,,,,,,census-2026-07,1,1,,,Calgary Elite Basketball,https://www.cmba.ab.ca/team/7743/302/22786/173471,,,no-website,2026-07,,youth,
Calgary Impact Basketball Club,Alberta,Calgary,source,"Calgary metro, AB",https://www.calgaryimpactbasketball.com,calgaryimpactbasketball@gmail.com,(403) 702-5880,CMBA (league play — 'Calgary Impact White' team page on cmba.ab.ca); CMBA Fall/Winter League,private club,,,,,,,,,,,,,census-2026-07,1,1,,,Calgary Impact Basketball Club,https://www.calgaryimpactbasketball.com,yes,,unverified-single-source-non-ca,2026-07,,youth,
Calgary Minor Basketball Association (CMBA) — league operator reference,Alberta,Calgary,source,"Calgary metro, AB",http://www.calgarygrizzlies.ab.ca,grizzlies@calgarygrizzlies.ab.ca,(403) 804-3396,CMBA Diamond Prep League (operator); CMBA Fall/Winter League (operator); CMBA Spring League (operator),"community nonprofit (adaptive/wheelchair, all ages incl. youth)",,,,,,,,,,,,,census-2026-07,1,2,,,Calgary Grizzlies Wheelchair Basketball Society | Calgary Minor Basketball Association (CMBA) — league operator reference,http://www.calgarygrizzlies.ab.ca,yes,yes,canadian-tld,2026-07,,youth,
Calgary Northwest Basketball Association (CNWB),Alberta,Calgary,source,"Calgary metro, AB",https://cnwb.ca,calgarynwbasketball@gmail.com,,CMBA Fall/Winter League; CMBA Spring League,community nonprofit (CMBA zone association),,,,,,IG @calgarynwbasketball,,,,,,,"census-2026-07,website-scrape",2,2,,,Calgary Northwest Basketball Association (CNWB),https://cnwb.ca,yes,yes,canadian-tld,2026-07,,youth,
Calgary Selects Basketball,Alberta,Calgary,source,Calgary metro,https://calgaryselects.ca/,lettichhoops@gmail.com,403-808-2986,AYBC — Alberta Youth Basketball Clubs circuit; AYBC — Association of Alberta Youth Basketball Clubs; CMBA Spring League (club season),private club,,,,,,,,,,,,,census-2026-07,1,1,,,Calgary Selects Basketball,https://calgaryselects.ca/,yes,yes,canadian-tld,2026-07,,youth,
Calgary South Basketball Academy (CSBA),Alberta,Calgary,source,"Calgary metro, AB",https://csbasketball.academy,csbaattendance@gmail.com,587-719-0119,,private academy,,,,,,,,,,,,,census-2026-07,1,1,,,Calgary South Basketball Academy (CSBA),https://csbasketball.academy,yes,,unverified-single-source-non-ca,2026-07,,youth,
Calgary Warriors Basketball Club,Alberta,Calgary,source,Calgary metro,https://www.sportsengine.com/org/calgary-warriors-basketball-club,calgarywarriorsbasketball.lt@gmail.com,430-874-3120,AYBC — Alberta Youth Basketball Clubs circuit; AYBC — Association of Alberta Youth Basketball Clubs,private club,,,,,,,,,,,,,census-2026-07,1,1,,,Calgary Warriors Basketball Club,https://www.sportsengine.com/org/calgary-warriors-basketball-club,yes,,unverified-single-source-non-ca,2026-07,,youth,
Calwest Basketball Association,Alberta,Calgary,source,"Calgary metro, AB",https://www.calgarywestbasketball.com,calwest.president@gmail.com,,Alberta Basketball Youth Provincials (YP); CMBA Fall/Winter League,community nonprofit (CMBA zone association),,,,,,,,,,,,,census-2026-07,1,1,,,Calwest Basketball Association,https://www.calgarywestbasketball.com,yes,,unverified-single-source-non-ca,2026-07,,youth,
Capital City Basketball Academy,Alberta,Edmonton,source,Edmonton metro,https://www.capcitybballacademy.ca/,craig.frizzell@hotmail.com,,EYBA Spring League,community nonprofit,,,,,,,,,,,,,"census-2026-07,website-scrape",2,2,,,Capital City Basketball Academy,https://www.capcitybballacademy.ca/,yes,yes,canadian-tld,2026-07,,youth,
Cardston Youth Basketball,Alberta,Cardston,source,Rest of Alberta,,bjnish@gmail.com,403-308-8507,AYBC — Association of Alberta Youth Basketball Clubs,community club,,,,,,,,,,,,,census-2026-07,1,1,,,Cardston Youth Basketball,https://www.aybc.ca/2020-club-members-1/cardston-youth-basketball,yes,,no-website,2026-07,,youth,
CCA Paladins,Alberta,Calgary,source,"Calgary metro, AB",,ryan.l.scruggs@gmail.com,403-400-6971,AYBC — Alberta Youth Basketball Clubs circuit,community club (possible school-affiliated club team — affiliation unconfirmed),,,,,,,,,,,,,census-2026-07,1,1,,,CCA Paladins,https://www.aybc.ca/2020-club-members-1/cca-paladins,yes,,no-website,2026-07,,youth,
Central Alberta Basketball Club (CABC / CABC Sky),Alberta,Red Deer,source,Central Alberta,https://cabcsky.com/,centralalbertabc@gmail.com,403-506-6174,Alberta club/travel tournament circuit,competitive club (rep),,,,,,,,,,,,,census-2026-07,1,2,,,Central Alberta Basketball Club (CABC / CABC Sky) | Central Alberta Basketball Club (CABC Sky),https://cabcsky.com/,yes,,unverified-single-source-non-ca,2026-07,,youth,
Chief Mountain Wildcats,Alberta,Cardston,source,Rest of Alberta,https://www.facebook.com/share/18prQV7bCR/,chiefmountainwildcats@gmail.com,403-561-0788,,community club,,,,,,,,,,,,,census-2026-07,1,1,,,Chief Mountain Wildcats,https://www.abbasketball.ca/content/Alberta-Club-Map,yes,,unverified-single-source-non-ca,2026-07,,youth,
Climb Basketball Academy,Alberta,Edmonton,source,"Edmonton metro, AB",https://www.climbbasketball.ca/home,,,EYBA Fall/Winter League,private academy,,,,,,,,,,,,,census-2026-07,1,1,,,Climb Basketball Academy,https://www.climbbasketball.ca/home,,yes,canadian-tld,2026-07,,youth,
CLS Minor Basketball Association (Chestermere-Langdon-Strathmore),Alberta,Chestermere,source,Calgary metro (also serves Langdon and Strathmore),https://clsminorbasketball.ca/,clsminorbasketball5@gmail.com,403-667-0759,CMBA Fall/Winter League; CMBA Spring League,community nonprofit (CMBA zone association),,,,,,,,,,,,,census-2026-07,1,1,,,CLS Minor Basketball Association (Chestermere-Langdon-Strathmore),https://clsminorbasketball.ca/,yes,yes,canadian-tld,2026-07,,youth,
Coaldale Basketball Club (Coaldale Chaos),Alberta,Coaldale,source,Southern Alberta,,nicole.hanna@pallisersd.ab.ca,,AYBC — Association of Alberta Youth Basketball Clubs,community club,,,,,,,,,,,,,census-2026-07,1,1,,,Coaldale Basketball Club (Coaldale Chaos),https://www.aybc.ca/2020-club-members-1/coaldale-basketball-club,yes,,no-website,2026-07,,youth,
Coalhurst Minor Basketball,Alberta,Coalhurst,source,Rest of Alberta,,coalhurstminorbasketball@gmail.com,403-894-8698,AYBC — Association of Alberta Youth Basketball Clubs,community nonprofit,,,,,,,,,,,,,census-2026-07,1,1,,,Coalhurst Minor Basketball,https://www.aybc.ca/2020-club-members-1/coalhurst-minor-basketball,yes,,no-website,2026-07,,youth,
Cochrane Chaos,Alberta,Cochrane,source,"Calgary metro, AB",,cochranechaos@gmail.com,403-542-0893,AYBC — Alberta Youth Basketball Clubs circuit; AYBC — Association of Alberta Youth Basketball Clubs,community club (girls),,,,,,,,,,,,,census-2026-07,1,1,,,Cochrane Chaos,https://www.aybc.ca/2020-club-members-1/cochrane-chaos,yes,,no-website,2026-07,,youth,
Cochrane Minor Basketball Association (CoMBA),Alberta,Cochrane,source,"Calgary metro, AB",https://www.cochraneminorbasketball.com,cochraneminorbasketballassoc@gmail.com,,Alberta Basketball Youth Provincials (YP); CMBA Fall/Winter League; CMBA Spring League,community nonprofit (CMBA zone association),,,,,,,,,,,,,census-2026-07,1,1,,,Cochrane Minor Basketball Association (CoMBA),https://www.cochraneminorbasketball.com,yes,,unverified-single-source-non-ca,2026-07,,youth,
CTA West Prep Basketball,Alberta,Calgary,source,"Calgary metro, AB",https://www.ctawest.com,info@ctawest.com,,,"private academy (post-grad prep, with dorms)",,,,,,,,,,,,,census-2026-07,1,1,,,CTA West Prep Basketball,https://www.ctawest.com/staff-bios,yes,,unverified-single-source-non-ca,2026-07,,youth,
CYDC Panthers Basketball (Calgary Youth Development Centre),Alberta,Calgary,source,"Calgary metro, AB",https://www.cydcbasketball.com,info@cydcbasketball.com,(403) 457-2576,PUMA NXTPRO Circuit,community club / academy (status unstated),,,,,,,,,,,,,census-2026-07,1,1,,,CYDC Panthers Basketball (Calgary Youth Development Centre),https://www.cydcbasketball.com,yes,,unverified-single-source-non-ca,2026-07,,youth,
Develop,Alberta,Calgary,source,"Calgary metro, AB",,vanhooren1@shaw.ca,403-540-1693,AYBC — Alberta Youth Basketball Clubs circuit,community club (parent/coach-run),,,,,,,,,,,,,census-2026-07,1,1,,,Develop,https://www.aybc.ca/2020-club-members-1/develop,yes,,no-website,2026-07,,youth,
Devon Basketball (Devon Spring Basketball),Alberta,Devon,source,"Edmonton metro, AB",https://devonbasketball.weebly.com/,,,,community nonprofit,,,,,,,,,,,,,census-2026-07,1,1,,,Devon Basketball (Devon Spring Basketball),https://devonbasketball.weebly.com/,,,unverified-single-source-non-ca,2026-07,,youth,
Diamond Valley Club Basketball,Alberta,Diamond Valley (Turner Valley/Black Diamond),source,Calgary metro (Foothills County),,diamondvalleyclubbasketball@gmail.com,587-830-3655,AYBC — Alberta Youth Basketball Clubs circuit; AYBC — Association of Alberta Youth Basketball Clubs,private club (girls),50.6883974,-114.2327473,,ChIJfzdF5GylcVMR2D_QIIrdXeY,APPROXIMATE,,,,,,"Diamond Valley, AB, Canada",,"census-2026-07,geocode",2,2,,,Diamond Valley Club Basketball,https://maps.googleapis.com/maps/api/geocode/json,yes,,no-website,2026-07,,youth,
DT Elite Basketball Club,Alberta,Red Deer,source,Rest of Alberta,https://dteliteball.teamsnapsites.com,info.dteliteball@gmail.com,587-377-5363,CJB League (per club site claim),private club/academy,,,,,,,,,,,,,census-2026-07,1,1,,,DT Elite Basketball Club,https://www.abbasketball.ca/content/Alberta-Club-Map,yes,,unverified-single-source-non-ca,2026-07,,youth,
Dunks Basketball,Alberta,Calgary,source,"Calgary metro, AB",,dunksbball@gmail.com,403-614-0918,AYBC — Alberta Youth Basketball Clubs circuit; AYBC — Association of Alberta Youth Basketball Clubs,community club,,,,,,,,,,,,,census-2026-07,1,1,,,Dunks Basketball,https://www.aybc.ca/2020-club-members-1/dunks-basketball,yes,,no-website,2026-07,,youth,
Eagles Basketball Academy,Alberta,Cochrane,source,Calgary metro,https://eaglesbasketballacademy.com/,whorb30@gmail.com,403-354-4327,AYBC — Association of Alberta Youth Basketball Clubs; CMBA; CMBA (league entries per site); Full Court Events (tournament series); Prolific Sports House League; Prolific Sports House League (Calgary),private academy / club,,,,,,,,,,,,,census-2026-07,1,1,,,Eagles Basketball Academy,https://eaglesbasketballacademy.com/,yes,,unverified-single-source-non-ca,2026-07,,youth,
East Pro Basketball Association,Alberta,Calgary,source,"Calgary metro, AB",https://www.eastprobasketball.ca,nardinecain@hotmail.com,,CMBA Fall/Winter League,community nonprofit (CMBA zone association),,,,,,,,,,,,,census-2026-07,1,1,,,East Pro Basketball Association,https://www.eastprobasketball.ca,yes,yes,canadian-tld,2026-07,,youth,
Eastview Basketball Association,Alberta,Calgary,source,Calgary metro (NE Calgary),http://eastviewbb.ca/,eatviewbb@hotmail.com,403-561-7431,AYBC — Alberta Youth Basketball Clubs circuit,community nonprofit,,,,,,,,,,,,,census-2026-07,1,1,,,Eastview Basketball Association,http://eastviewbb.ca/,yes,yes,canadian-tld,2026-07,,youth,
Edge School (Edge Prep Basketball),Alberta,Calgary,source,"Calgary metro, AB (Springbank, Rocky View County)",https://edgeschool.com/athletics/basketball/,info@edgeschool.com,403-246-6432,Alberta Club Collective League; Canadian Junior Basketball League (CJBL); EIBC; National Preparatory Association (NPA),private academy (independent Gr 4-12 sport school — not school-board),,,,,,,,,,,,,census-2026-07,1,1,,,Edge School (Edge Prep Basketball),https://edgeschool.com/athletics/basketball/,yes,,unverified-single-source-non-ca,2026-07,,youth,
Edmonton Grads Youth Basketball Club,Alberta,Edmonton,source,Edmonton metro,https://www.gradsbasketball.ca/,gradsbball@gmail.com,(780) 499-8114,AYBC — Association of Alberta Youth Basketball Clubs; EYBA Spring League,community nonprofit,,,,,,,,,,,,,census-2026-07,1,1,,,Edmonton Grads Youth Basketball Club,https://www.gradsbasketball.ca/,yes,yes,canadian-tld,2026-07,,youth,
Edmonton Pro-Am Basketball,Alberta,Edmonton,source,"Edmonton metro, AB",https://edmontonproambasketball.com/,proambasketball@gmail.com,587-605-4510,Edmonton Pro-Am Spring/Summer Leagues (self-run),private academy,,,,,,,,,,,,,census-2026-07,1,1,,,Edmonton Pro-Am Basketball,https://edmontonproambasketball.com/,yes,,unverified-single-source-non-ca,2026-07,,youth,
Edmonton Southside Hoops,Alberta,Edmonton,source,Edmonton metro (southside),https://edmsouthsidehoops.ca/,,(780) 257-3438,Edmonton Southside Hoops Spring League (self-run in-house),private academy,,,,,,,,,,,,,census-2026-07,1,1,,,Edmonton Southside Hoops,https://edmsouthsidehoops.ca/,yes,yes,canadian-tld,2026-07,,youth,
Edson Minor Basketball (Edson Raiders),Alberta,Edson,source,Rest of Alberta,http://www.edsonminorbasketball.com/,edsonminorbasketball@gmail.com,,Local Edson minor divisions,community nonprofit,,,,,,FB @EdsonMinorBasketball,,,,,,,"census-2026-07,website-scrape",2,3,,,Edson Minor Basketball (Edson Raiders) | Edson Raiders Basketball,http://www.edsonminorbasketball.com/,yes,yes,website-corroborated,2026-07,,youth,
EJ Ballers — Ballers League Camrose,Alberta,Camrose,source,Central Alberta,https://ejballers.com/index.php/ballers-league-camrose/,info@ejballers.com,,EJ Ballers house league (Camrose),private program (Edmonton-based operator running a Camrose league),,,,,,FB @ejballers; IG @ejballers,,,,,,,"census-2026-07,website-scrape",2,2,,,EJ Ballers — Ballers League Camrose,https://ejballers.com/index.php/ballers-league-camrose/,yes,yes,website-corroborated,2026-07,,youth,
Elite Aces Athletics,Alberta,Edmonton,source,"Edmonton metro, AB",https://eliteacesathletics.com/basketball,info@eliteacesathletics.com,587-938-7264,,private academy,,,,,,,,,,,,,census-2026-07,1,1,,,Elite Aces Athletics,https://eliteacesathletics.com/basketball,yes,,unverified-single-source-non-ca,2026-07,,youth,
Encounter Sports (ES Lions),Alberta,Sherwood Park,source,"Edmonton metro, AB",https://encountersports.ca/,info@encountersports.ca,780-940-0862,,multi-sport org,,,,,,,,,,,,,census-2026-07,1,1,,,Encounter Sports (ES Lions),https://encountersports.ca/,yes,yes,canadian-tld,2026-07,,youth,
Evolve Basketball Lloydminster,Alberta,Lloydminster,source,Rest of Alberta,https://www.yllevolvebasketball.com/,yllevolvebasketball@gmail.com,780-808-4025,Calgary; Edmonton); Prairie club tournament circuit (Saskatoon; Prince Albert,private club (girls),,,,,,,,,,,,,census-2026-07,1,1,,,Evolve Basketball Lloydminster,https://www.yllevolvebasketball.com/,yes,,unverified-single-source-non-ca,2026-07,,youth,
Excel Basketball Academy (EBA),Alberta,Calgary,source,Calgary metro,https://www.excelbasketball.ca/,info@excelbasketball.ca,403-818-6674,AYBC — Alberta Youth Basketball Clubs circuit; AYBC — Association of Alberta Youth Basketball Clubs; CMBA Spring League (club season),private academy / club (community-access mission),,,,,,,,,,,,,census-2026-07,1,1,,,Excel Basketball Academy (EBA),https://www.excelbasketball.ca/,yes,yes,canadian-tld,2026-07,,youth,
Far East Basketball (Far East Basketball Training League),Alberta,Calgary,source,Calgary metro (NE Calgary),https://fareastbasketball.ca/,info@fareastbasketball.ca,587-887-5460,AYBC — Alberta Youth Basketball Clubs circuit; CMBA Fall/Winter League,community nonprofit,,,,,,,,,,,,,census-2026-07,1,1,,,Far East Basketball (Far East Basketball Training League),https://fareastbasketball.ca/,yes,yes,canadian-tld,2026-07,,youth,
FCBA Blizzards (Filipino-Canadian Basketball Association),Alberta,Calgary,source,Calgary metro,https://www.fcbablizzards.com/,,,CMBA Fall/Winter League,community club (cultural community organization),,,,,,,,,,,,,census-2026-07,1,1,,,FCBA Blizzards (Filipino-Canadian Basketball Association),https://www.fcbablizzards.com/coaches,,,unverified-single-source-non-ca,2026-07,,youth,
FCV Hoops Academy (Full Court Vision),Alberta,Edmonton,source,"Edmonton metro, AB",https://www.fcvhoops.ca/,info@fcvhoops.ca,,EYBA Fall/Winter League; EYBA Spring League,private academy,,,,,,,,,,,,,census-2026-07,1,1,,,FCV Hoops Academy (Full Court Vision),https://www.fcvhoops.ca/,yes,yes,canadian-tld,2026-07,,youth,
Foothills County Basketball Academy,Alberta,Okotoks,source,"Calgary metro, AB",,,403-801-8488,AYBC — Alberta Youth Basketball Clubs circuit; AYBC — Association of Alberta Youth Basketball Clubs,community club/academy,,,,,,,,,,,,,census-2026-07,1,1,,,Foothills County Basketball Academy,https://www.aybc.ca/2020-club-members-1/foothills-county-basketball-academy,yes,,no-website,2026-07,,youth,
Fort McMurray Basketball Academy,Alberta,Fort McMurray,source,Rest of Alberta,https://www.facebook.com/fmelitebasketball/,,,Club exhibition/tournament play (province-wide),private academy,,,,,,,,,,,,,census-2026-07,1,1,,,Fort McMurray Basketball Academy,https://www.facebook.com/fmelitebasketball/,,,unverified-single-source-non-ca,2026-07,,youth,
Fort Saskatchewan Youth Basketball (FSYB),Alberta,Fort Saskatchewan,source,Edmonton metro,https://www.fsybasketball.com/,fortsaskyouthbasketball@gmail.com,403-307-6257,,"community nonprofit (division of Fort Saskatchewan Minor Sports Association, multi-sport org)",,,,,,,,,,,,,census-2026-07,1,1,,,Fort Saskatchewan Youth Basketball (FSYB),https://www.fsybasketball.com/About-Us,yes,,unverified-single-source-non-ca,2026-07,,youth,
Foundation Youth Basketball,Alberta,Calgary,source,"Calgary metro, AB",https://www.fybball.com,jon.walker1313@gmail.com,587-888-5038,AYBC — Alberta Youth Basketball Clubs circuit; AYBC — Association of Alberta Youth Basketball Clubs,community club,,,,,,,,,,,,,census-2026-07,1,1,,,Foundation Youth Basketball,https://www.fybball.com,yes,,unverified-single-source-non-ca,2026-07,,youth,
Genesis Basketball (Calgary program),Alberta,Calgary,source,"Calgary metro, AB",https://genesisbasketball.net,eddie@genesisbasketball.net,403-870-3420,AYBC — Association of Alberta Youth Basketball Clubs; CMBA Spring League (club season); Nike Jr EYBL (13U/14U boys & girls),private club (multi-city: Calgary + Edmonton),,,,,,,,,,,,,census-2026-07,1,1,,,Genesis Basketball (Calgary program),https://genesisbasketball.net/2022-Genesis-Club-Teams-TRYOUTS,yes,,unverified-single-source-non-ca,2026-07,,youth,
Genesis Basketball YEG (Genesis Sports Group Inc.),Alberta,Edmonton,source,"Edmonton metro, AB",https://genesisbasketballyeg.ca/,admin@genesisbasketballyeg.ca,,EYBA Fall/Winter League,private academy,,,,,,,,,,,,,census-2026-07,1,1,,,Genesis Basketball YEG (Genesis Sports Group Inc.),https://genesisbasketballyeg.ca/,yes,yes,canadian-tld,2026-07,,youth,
GOOD Hoops Club,Alberta,Edmonton,source,"Edmonton metro, AB",https://goodhoops.ca/,admin@goodhoops.ca,(780) 850-3804,Alberta Basketball 3X3 (series); Jr. NBA Canada,community nonprofit,53.477707,-113.409851,,,,,,,,,,,"census-2026-07,jrnba-2019",2,2,,,GOOD Hoops Club,https://goodhoops.ca/our-vision,yes,yes,canadian-tld,2026-07,,youth,
GP Elite Basketball Club Inc.,Alberta,Grande Prairie,source,Rest of Alberta,http://www.gpelitebasketballclub.ca,gpelite23@outlook.com,,,private club,,,,,,,,,,,,,census-2026-07,1,1,,,GP Elite Basketball Club Inc.,https://www.abbasketball.ca/content/Alberta-Club-Map,yes,yes,canadian-tld,2026-07,,youth,
GP Gilas Basketball (Grande Prairie Gilas Basketball Club),Alberta,Grande Prairie,source,Peace Country / Northwest Alberta,https://grandeprairiegilasbasketball.com/,gpgilasbasketball@gmail.com,780-605-0947,Spring club tournament circuit (Alberta),community nonprofit (multicultural),,,,,,,,,,,,,census-2026-07,1,1,,,GP Gilas Basketball (Grande Prairie Gilas Basketball Club),https://grandeprairiegilasbasketball.com/,yes,,unverified-single-source-non-ca,2026-07,,youth,
GTS Hoop Factory — Lloydminster Youth Basketball,Alberta,Lloydminster,source,Rest of Alberta,https://www.gtshoopfactory.com/,gtshoopfactory@gmail.com,780-214-1221,,private academy / multi-sport facility,,,,,,,,,,,,,census-2026-07,1,2,,,GTS Hoop Factory (Golden Ticket Sports Inc.) | GTS Hoop Factory — Lloydminster Youth Basketball,https://www.gtshoopfactory.com/,yes,,unverified-single-source-non-ca,2026-07,,youth,
Hanna Basketball (Hanna Wildcats),Alberta,Hanna,source,Rest of Alberta,,,,,community club,,,,,,,,,,,,,census-2026-07,1,1,,,Hanna Basketball (Hanna Wildcats),https://abbasketball.ca/content/2022-2023-clubs-amp-community-groups-in-good-standing,,,no-website,2026-07,,youth,
Hay Lakes Hydra,Alberta,Hay Lakes,source,Rest of Alberta,,aholba8181@gmail.com,,,community club,,,,,,,,,,,,,census-2026-07,1,1,,,Hay Lakes Hydra,https://www.abbasketball.ca/content/Alberta-Club-Map,yes,,no-website,2026-07,,youth,
Highway 11 Athletics,Alberta,Red Deer area (Highway 11 corridor),source,Central Alberta,,,,,competitive club,52.2690328,-113.8114955,,ChIJmZIRRylUdFMRsEQWRJCjAAU,APPROXIMATE,,,,,,"Red Deer, AB, Canada",,"census-2026-07,geocode",2,2,,,Highway 11 Athletics,https://maps.googleapis.com/maps/api/geocode/json,,,no-website,2026-07,,youth,
Hoop Dreams Basketball,Alberta,Edmonton,source,"Edmonton metro, AB",https://www.hoopdreamsbasketball.ca/,info@hoopdreamsbasketball.ca,780-298-7238,EYBA Fall/Winter League,private academy,,,,,,,,,,,,,census-2026-07,1,1,,,Hoop Dreams Basketball,https://www.hoopdreamsbasketball.ca/,yes,yes,canadian-tld,2026-07,,youth,
HPAD Basketball (Heritage Pack Athletic Development),Alberta,Edmonton,source,"Edmonton metro, AB",https://www.hpadbasketball.com/,hpadbasketball@gmail.com,780-238-0814,,private academy,,,,,,,,,,,,,census-2026-07,1,1,,,HPAD Basketball (Heritage Pack Athletic Development),https://www.hpadbasketball.com/,yes,,unverified-single-source-non-ca,2026-07,,youth,
HYPE Hoops Basketball Club (Hype Hoops and Athletics),Alberta,Red Deer,source,Rest of Alberta,https://hypehoops.ca/,reid@hypehoops.ca,,11U/13U); Alberta club/travel tournament circuit (province-wide); HYPE community grassroots leagues (operates,community club (grassroots + competitive),,,,,,FB @hypehoops.ca; IG @hypehoops.ca,,,,,,,"census-2026-07,website-scrape",2,2,,,HYPE Hoops Basketball Club (Hype Hoops and Athletics),https://hypehoops.ca/,yes,yes,canadian-tld,2026-07,,youth,
ICONS Basketball Club,Alberta,Calgary,source,Calgary metro,https://iconsbasketball.ca/,admin@iconsbasketball.ca,,,private club,,,,,,,,,,,,,"census-2026-07,website-scrape",2,2,,,ICONS Basketball Club,https://abbasketball.ca/content/2022-2023-clubs-amp-community-groups-in-good-standing,yes,yes,canadian-tld,2026-07,,youth,
Infinity Basketball Club,Alberta,La Crete,source,Rest of Alberta,,infinitylacrete@gmail.com,780-841-5667,AYBC — Association of Alberta Youth Basketball Clubs,community club,,,,,,,,,,,,,census-2026-07,1,1,,,Infinity Basketball Club,https://www.aybc.ca/2020-club-members-1/infinity-basketball-club,yes,,no-website,2026-07,,youth,
JDL Athletics,Alberta,Peace River,source,Rest of Alberta,https://www.instagram.com/jdl_athletics/,peaceriversnyb@gmail.com,780-618-6728,,private training program / community SNYB operator,,,,,,,,,,,,,census-2026-07,1,1,,,JDL Athletics,https://www.abbasketball.ca/content/Alberta-Club-Map,yes,,unverified-single-source-non-ca,2026-07,,youth,
Jr. Horns Basketball (University of Lethbridge Pronghorns junior program),Alberta,Lethbridge,source,Southern Alberta,https://gohorns.ca/sports/2026/2/12/jr-horns-programs.aspx,kenny.otieno@uleth.ca,,Club tournament circuit (Pronghorn Invitational; Genesis Classic Calgary); Prairie Elite Basketball League (PEBL) — junior teams of prairie universities,university-affiliated academy/club,,,,,,,,,,,,,census-2026-07,1,2,,,Jr. Horns Basketball (University of Lethbridge Pronghorns junior program) | Junior Horns Basketball (University of Lethbridge),https://gohorns.ca/sports/2026/2/12/jr-horns-programs.aspx,yes,yes,canadian-tld,2026-07,,youth,
Junior Bears Basketball Club (University of Alberta),Alberta,Edmonton,source,Edmonton metro,https://bearsandpandas.ca/sports/2020/10/21/junior-bears-basketball-club.aspx,,,,multi-sport org (university varsity-extension program),,,,,,FB @UABWrestling; FB @UAPandasHockey; FB @University-of-Alberta-Pandas-Tennis-1200; FB @University-of-Alberta-Track-Field-103652,,,,,,,"census-2026-07,website-scrape",2,2,,,Junior Bears Basketball Club (University of Alberta),https://bearsandpandas.ca/sports/2020/10/21/junior-bears-basketball-club.aspx,,yes,canadian-tld,2026-07,,youth,
Junior Griffins Basketball (MacEwan University),Alberta,Edmonton,source,Edmonton metro,https://www.macewangriffins.ca/camps/jrgriffins,,,,multi-sport org (university camp program),,,,,,,,,,,,,census-2026-07,1,1,,,Junior Griffins Basketball (MacEwan University),https://www.macewangriffins.ca/camps/jrgriffins,,yes,canadian-tld,2026-07,,youth,
Lakers (Calgary),Alberta,Calgary,source,"Calgary metro, AB",,jejensen@gmail.com,403-614-4929,AYBC — Alberta Youth Basketball Clubs circuit; AYBC — Association of Alberta Youth Basketball Clubs,community club (parent/coach-run),,,,,,,,,,,,,census-2026-07,1,1,,,Lakers (Calgary),https://www.aybc.ca/2020-club-members-1/lakers,yes,,no-website,2026-07,,youth,
Leduc & County Basketball Association (LCBA / Leduc Lightning),Alberta,Leduc,source,"Leduc County, Edmonton metro",https://www.leduclightning.com/,communications@leduclightning.com,,EYBA Fall/Winter League,community nonprofit,,,,,,IG @leduccommunitybasketball,,,,,,,"census-2026-07,website-scrape",2,2,,,Leduc & County Basketball Association (LCBA / Leduc Lightning),https://www.leduclightning.com/content/team-tiering-information,yes,yes,website-corroborated,2026-07,,youth,
Lee Loewen Basketball,Alberta,Calgary,source,"Calgary metro, AB",,loewenlee@gmail.com,403-921-0411,AYBC — Alberta Youth Basketball Clubs circuit,community club / trainer-run,,,,,,,,,,,,,census-2026-07,1,1,,,Lee Loewen Basketball,https://www.aybc.ca/2020-club-members-1/lee-loewen-basketball,yes,,no-website,2026-07,,youth,
Legacy Athletics / ITD Panthers Basketball Club,Alberta,Edmonton,source,Edmonton metro (southeast),https://www.legacyathletics.ca/,info@legacyathletics.ca,,EYBA Fall/Winter League; EYBA Spring League,private academy / multi-sport facility with club teams,,,,,,FB @2008; FB @Legacy-Athletics-103502618601049; IG @genesis.yeg; IG @legacyathleticsbasketball,,,,,,,"census-2026-07,website-scrape",2,2,,,Legacy Athletics / ITD Panthers Basketball Club,https://www.legacyathletics.ca/,yes,yes,canadian-tld,2026-07,,youth,
Legends Basketball (YYC),Alberta,Calgary,source,"Calgary metro, AB",https://www.facebook.com/legendsbasketball.yyc/,darryl.movefree@gmail.com,,,community club / skills program,,,,,,FB @legendsbasketball.yyc,,,,,,,"census-2026-07,website-scrape",2,2,,,Legends Basketball (YYC),https://www.facebook.com/legendsbasketball.yyc/,yes,yes,website-corroborated,2026-07,,youth,
Lethbridge Blazers,Alberta,Lethbridge,source,Rest of Alberta,,,,,community club,,,,,,,,,,,,,census-2026-07,1,1,,,Lethbridge Blazers,https://abbasketball.ca/content/who-are-members,,,no-website,2026-07,,youth,
Lethbridge Cougars Basketball Club,Alberta,Lethbridge,source,Rest of Alberta,https://lethbridgecougars.ca/lcbc/,,403-393-4871,,community club,,,,,,,,,,,,,"census-2026-07,website-scrape",2,2,,,Lethbridge Cougars Basketball Club,https://lethbridgecougars.ca/lcbc/,yes,yes,canadian-tld,2026-07,,youth,
Lethbridge Minor Basketball Association (LMBA),Alberta,Lethbridge,source,Rest of Alberta,https://lethbridgebasketball.ca/,lethbridgebasketball@gmail.com,,AYBC/provincial spring club tournament circuit; LMBA house leagues (Lethbridge Minor Basketball Association); Lethbridge Minor Basketball Association (LMBA) leagues (operates),community nonprofit,,,,,,FB @2008; FB @LMBALethbridge; IG @lethbridgebasketball,,,,,,,"census-2026-07,website-scrape",2,2,,,Lethbridge Minor Basketball Association (LMBA),https://lethbridgebasketball.ca/about/,yes,yes,canadian-tld,2026-07,,youth,
Level Up Camps (Sherwood Park basketball camps),Alberta,Sherwood Park,source,"Strathcona County, Edmonton metro",https://www.levelupcamps.ca/,,,,"private academy (camp provider, basketball/golf/gaming)",,,,,,,,,,,,,census-2026-07,1,1,,,Level Up Camps (Sherwood Park basketball camps),https://www.levelupcamps.ca/basketballcamps/sherwoodparkmorning-sz3ka-wsd3b,,yes,canadian-tld,2026-07,,youth,
Lloydminster Filipino-Canadian Basketball Association (LFCBA),Alberta,Lloydminster,source,East-Central Alberta / Border City (AB-SK),,,639-536-4092,,community cultural association,,,,,,,,,,,,,census-2026-07,1,1,,,Lloydminster Filipino-Canadian Basketball Association (LFCBA),https://www.lloydminster.ca/recreation-culture-community/clubs-and-community-groups/,yes,,no-website,2026-07,,youth,
Lloydminster Minor Basketball Association (a.k.a. Lloydminster Youth Basketball Inc.),Alberta,Lloydminster,source,Rest of Alberta,https://www.facebook.com/p/Lloydminster-Minor-Basketball-Association-61558519229133/,,306-307-8788,Local/regional youth league and tournament play (AB-SK border region),community nonprofit,,,,,,FB @contactus; FB @lloydyouthbasketball,,,,,,,"census-2026-07,website-scrape",2,5,,,"Lloydminster Minor Basketball Association (Lloydminster Youth Basketball, Inc.) | Lloydminster Minor Basketball Association (a.k.a. Lloydminster Youth Basketball Inc.) | Lloydminster Youth Basketball Club Ltd.",https://www.facebook.com/p/Lloydminster-Minor-Basketball-Association-61558519229133/,yes,yes,website-corroborated,2026-07,,youth,
Lloydminster Renegades,Alberta,Lloydminster,source,Rest of Alberta,,jeffreygeraldwilson@gmail.com,639-840-0947,AYBC — Association of Alberta Youth Basketball Clubs,community club,,,,,,,,,,,,,census-2026-07,1,1,,,Lloydminster Renegades,https://www.aybc.ca/2020-club-members-1/lloydminster-renegades,yes,,no-website,2026-07,,youth,
Magrath Rockets / Pandas,Alberta,Magrath,source,Southern Alberta,,,403-758-3366,Alberta Basketball Youth Provincials,community club,,,,,,,,,,,,,census-2026-07,1,1,,,Magrath Rockets / Pandas,http://www.abbasketball.ca/content/association-amp-club-listing,yes,,no-website,2026-07,,youth,
Magrath youth basketball (Magrath Rockets / Magrath Pandas),Alberta,Magrath,source,Rest of Alberta,,,,Alberta Basketball Youth Provincials (YP),community club,,,,,,,,,,,,,census-2026-07,1,1,,,Magrath youth basketball (Magrath Rockets / Magrath Pandas),https://abbasketball.ca/content/who-are-members,,,no-website,2026-07,,youth,
Making Hoops Basketball Club,Alberta,Fort McMurray,source,Wood Buffalo / Northeast Alberta,https://www.facebook.com/MakinHoopsClub/,,(780) 370-5437,,private club/program,,,,,,FB @MakinHoopsClub,,,,,,,"census-2026-07,website-scrape",2,2,,,Making Hoops Basketball Club,https://www.facebook.com/MakinHoopsClub/,yes,yes,website-corroborated,2026-07,,youth,
Medicine Hat Community Basketball Association (MHCBA),Alberta,Medicine Hat,source,Southeastern Alberta,,,,Med Hat Minor Basketball League (operator),community nonprofit (league operator),,,,,,,,,,,,,census-2026-07,1,1,,,Medicine Hat Community Basketball Association (MHCBA),https://rangersbasketballclub.ca/,,,no-website,2026-07,,youth,
Medicine Hat Golden Hawks Basketball Club,Alberta,Medicine Hat,source,Southeastern Alberta,https://www.goldenhawksbasketballclub.com/,medicinehatgoldenhawks@outlook.com,,AYBC — Association of Alberta Youth Basketball Clubs; Spring club tournament circuit,competitive club (spring),,,,,,,,,,,,,census-2026-07,1,1,,,Medicine Hat Golden Hawks Basketball Club,https://www.goldenhawksbasketballclub.com/,yes,,unverified-single-source-non-ca,2026-07,,youth,
MENA Basketball (MENA Basketball Foundation),Alberta,Calgary,source,Calgary metro,https://mena.basketball/,zeiad@mena.basketball,(403) 903-3650,AAU/showcase circuits (International Circuit travel team); AYBC — Alberta Youth Basketball Clubs circuit; AYBC — Association of Alberta Youth Basketball Clubs,private academy / foundation,,,,,,,,,,,,,census-2026-07,1,1,,,MENA Basketball (MENA Basketball Foundation),https://mena.basketball/,yes,,unverified-single-source-non-ca,2026-07,,youth,
Misfits Basketball,Alberta,Calgary,source,"Calgary metro, AB",,dipahasan@gmail.com,403-604-4717,AYBC — Alberta Youth Basketball Clubs circuit; AYBC — Association of Alberta Youth Basketball Clubs,community club (parent/coach-run),,,,,,,,,,,,,census-2026-07,1,2,,,Misfits | Misfits Basketball,https://www.aybc.ca/2020-club-members-1/misfits,yes,,no-website,2026-07,,youth,
Morinville Youth Basketball Association (MYBA),Alberta,Morinville,source,"Sturgeon County, Edmonton metro",http://www.morinvilleyouthbasketball.com/,ask.myba@gmail.com,,EYBA Fall/Winter League,community nonprofit,,,,,,FB @morinvilleyouthbasketball; IG @morinvilleyouthbasketball,,,,,,,"census-2026-07,website-scrape",2,2,,,Morinville Youth Basketball Association (MYBA),http://www.morinvilleyouthbasketball.com/,yes,yes,website-corroborated,2026-07,,youth,
NCBC Thunder Basketball (North Central Basketball Club),Alberta,Calgary,source,"Calgary metro, AB",http://thunderbasketball.ca/,registrar@thunderbasketball.ca,(403) 973-6665,CMBA Fall/Winter League; CMBA Spring League,community club,,,,,,FB @ncbcthunder,,,,,,,"census-2026-07,website-scrape",2,3,,,Calgary Thunder Basketball Club | NCBC Thunder Basketball (North Central Basketball Club),https://www.sportsengine.com/org/calgary-thunder-basketball-club,yes,yes,canadian-tld,2026-07,,youth,
No Limit Elite,Alberta,Calgary,source,Calgary metro,,,,,private club,,,,,,,,,,,,,census-2026-07,1,1,,,No Limit Elite,https://abbasketball.ca/content/2022-2023-clubs-amp-community-groups-in-good-standing,,,no-website,2026-07,,youth,
North East Basketball Association (NEBA),Alberta,Edmonton,source,Edmonton metro (northeast quadrant),http://northeastbasketball.com/,info@northeastbasketball.com,,EYBA Fall/Winter League; EYBA Spring League,community nonprofit,,,,,,FB @North-East-Basketball-Association-164858,,,,,,,"census-2026-07,website-scrape",2,2,,,North East Basketball Association (NEBA),http://northeastbasketball.com/,yes,yes,website-corroborated,2026-07,,youth,
Northern Hoops Selects Club Basketball,Alberta,Edmonton,source,Edmonton metro,,,,Alberta Basketball Youth Provincials (YP); EYBA Fall/Winter League,club (type unpublished),,,,,,,,,,,,,census-2026-07,1,1,,,Northern Hoops Selects Club Basketball,http://www.eyba.ca/team/9993/281/4584/227689,,,no-website,2026-07,,youth,
Northern Trailblazers Basketball Association,Alberta,Fort McMurray,source,Wood Buffalo / Northeast Alberta,https://northerntrailblazers.com/,,780-881-2968,Alberta Basketball Youth Provincials; Northern Trailblazers House Leagues (Fort McMurray); Northern Trailblazers House Leagues (operates); Spring/summer club tournament circuit,community nonprofit,,,,,,,,,,,,,census-2026-07,1,1,,,Northern Trailblazers Basketball Association,https://northerntrailblazers.com/index.php/about-us/,yes,,unverified-single-source-non-ca,2026-07,,youth,
Northside Hoops,Alberta,Edmonton,source,"Edmonton metro, AB",,,,EYBA Fall/Winter League,community nonprofit,,,,,,,,,,,,,census-2026-07,1,1,,,Northside Hoops,https://www.abbasketball.ca/content/northside-hoops,,,no-website,2026-07,,youth,
Northwest Bulldogs,Alberta,Calgary,source,"Calgary metro, AB",,piccirillojeff@gmail.com,587-226-2080,AYBC — Alberta Youth Basketball Clubs circuit,community club (parent/coach-run),,,,,,,,,,,,,census-2026-07,1,1,,,Northwest Bulldogs,https://www.aybc.ca/2020-club-members-1/northwest-bulldogs,yes,,no-website,2026-07,,youth,
Northwest Zone Basketball Association (NWBA/NWZBA),Alberta,Edmonton,source,Edmonton metro (northwest quadrant),http://northwestbasketball.ca/,info@northwestbasketball.ca,,EYBA Fall/Winter League; EYBA Spring League,community nonprofit,,,,,,IG @nwbballyeg,,,,,,,"census-2026-07,website-scrape",2,2,,,Northwest Zone Basketball Association (NWBA/NWZBA),http://northwestbasketball.ca/,yes,yes,canadian-tld,2026-07,,youth,
NW Edmonton Ballers Club (Elite Knights),Alberta,Edmonton,source,"Edmonton metro, AB",https://www.nwebc.ca/,info@nwebc.ca,780-908-8059,,private academy,,,,,,,,,,,,,census-2026-07,1,2,,,NW Edmonton Ballers Club (Elite Knights) | NorthWest Edmonton Ballers Club (NWEBC),https://www.nwebc.ca/,yes,yes,canadian-tld,2026-07,,youth,
NW Warriors,Alberta,Calgary,source,"Calgary metro, AB",,pushkar.chicago@gmail.com,403-993-0419,AYBC — Alberta Youth Basketball Clubs circuit,community club (parent/coach-run),,,,,,,,,,,,,census-2026-07,1,1,,,NW Warriors,https://www.aybc.ca/2020-club-members-1/nw-warriors,yes,,no-website,2026-07,,youth,
Okotoks Basketball Association (OBA Rockies),Alberta,Okotoks,source,Calgary metro,https://okotoksbasketball.ca/,info@okotoksbasketball.ca,403-816-7698,AYBC — Alberta Youth Basketball Clubs circuit; Alberta Basketball Youth Provincials (YP); CMBA Fall/Winter League; CMBA Spring League,community nonprofit (CMBA zone association),,,,,,,,,,,,,census-2026-07,1,1,,,Okotoks Basketball Association (OBA Rockies),https://okotoksbasketball.ca/,yes,yes,canadian-tld,2026-07,,youth,
Olds College Jr. NBA Youth Basketball,Alberta,Olds,source,Central Alberta,https://gobroncos.ca/,,,,college-run community grassroots program,,,,,,,,,,,,,census-2026-07,1,1,,,Olds College Jr. NBA Youth Basketball,https://abbasketball.ca/content/2022-2023-clubs-amp-community-groups-in-good-standing,,yes,canadian-tld,2026-07,,youth,
Olds Hoops Lab,Alberta,Olds,source,Rest of Alberta,,oldshoopslab@gmail.com,403-556-9444,,private training program/academy,,,,,,,,,,,,,census-2026-07,1,1,,,Olds Hoops Lab,https://www.abbasketball.ca/content/Alberta-Club-Map,yes,,no-website,2026-07,,youth,
Open Basketball Academy,Alberta,Edmonton,source,Edmonton metro,https://www.openbasketballacademy.com/,openbasketballacademy@gmail.com,(587) 986-4008,EYBA Fall/Winter League,private academy,,,,,,,,,,,,,census-2026-07,1,1,,,Open Basketball Academy,https://www.openbasketballacademy.com/,yes,,unverified-single-source-non-ca,2026-07,,youth,
Out West Basketball Association,Alberta,Calgary,source,"Calgary metro, AB",https://www.outwestbasketball.com,info@outwestbasketball.com,403-589-6018,AYBC — Alberta Youth Basketball Clubs circuit; AYBC — Association of Alberta Youth Basketball Clubs,community club (girls-only),,,,,,,,,,,,,census-2026-07,1,1,,,Out West Basketball Association,https://www.outwestbasketball.com,yes,,unverified-single-source-non-ca,2026-07,,youth,
Panther Athletic Club (PAC),Alberta,Spruce Grove,source,"Parkland County, Edmonton metro",,,,,club (type unpublished),,,,,,,,,,,,,census-2026-07,1,1,,,Panther Athletic Club (PAC),https://www.instagram.com/pac_basketball/,,,no-website,2026-07,,youth,
Parkland Community Basketball League (Parkland Pride),Alberta,Spruce Grove,source,"Edmonton metro, AB",http://www.parklandbasketball.ca/,info@parklandbasketball.ca,,EYBA Fall/Winter League; EYBA Spring League,community nonprofit,,,,,,FB @bballpride; IG @parklandbasketball,,,,,,,"census-2026-07,website-scrape",2,3,,,Parkland Community Basketball League (PCBL) | Parkland Community Basketball League (Parkland Pride),http://www.parklandbasketball.ca/,yes,yes,canadian-tld,2026-07,,youth,
Peak Youth Athletics (PYA),Alberta,Airdrie,source,Calgary metro,https://www.peakyouthathletics.com/,peakyouthathletics@gmail.com,403-554-9479,AYBC — Alberta Youth Basketball Clubs circuit; AYBC — Association of Alberta Youth Basketball Clubs,private multi-sport org (basketball + volleyball),,,,,,,,,,,,,census-2026-07,1,1,,,Peak Youth Athletics (PYA),https://www.peakyouthathletics.com/,yes,,unverified-single-source-non-ca,2026-07,,youth,
Pivot Basketball,Alberta,Calgary,source,Calgary metro,,,,,private club,,,,,,,,,,,,,census-2026-07,1,1,,,Pivot Basketball,https://abbasketball.ca/content/2022-2023-clubs-amp-community-groups-in-good-standing,,,no-website,2026-07,,youth,
Prolific Sports Academy (PSA Prep),Alberta,Calgary,source,Calgary metro,https://prolificsportsacademy.com/,team@prolificsportsacademy.com,403-860-0062,Prolific Sports House League (operator); Prolific Spring League (operator); Prolific Spring League / Prolific house leagues (operator),"private academy (prep boarding program, boys gr.10-12 + postgrad)",,,,,,FB @2008; FB @PSAprep; IG @psaprep,,,,,,,"census-2026-07,website-scrape",2,4,,,Prolific Sports Academy | Prolific Sports Academy (PSA Prep) | Prolific Sports House,https://prolificsportsacademy.com/,yes,yes,website-corroborated,2026-07,,youth,
PUREHOOPS Basketball Club,Alberta,Calgary,source,"Calgary metro, AB",,purehoopsinfo@gmail.com,403-861-2119,AYBC — Alberta Youth Basketball Clubs circuit; AYBC — Association of Alberta Youth Basketball Clubs; Alberta Basketball Club Championship (ABA Club Invitational); CMBA Spring League (club season),community club,,,,,,,,,,,,,census-2026-07,1,1,,,PUREHOOPS Basketball Club,https://www.aybc.ca/2020-club-members-1/purehoops-basketball-club,yes,,no-website,2026-07,,youth,
Rangers Basketball Club,Alberta,Medicine Hat,source,Rest of Alberta,https://rangersbasketballclub.ca/,info@rangersbasketballclub.ca,403-952-9180,AYBC — Association of Alberta Youth Basketball Clubs; Med Hat Minor Basketball League (MHCBA Grade 5–7 developmental league); Med Hat Minor Basketball League (operates); Montana); Saskatchewan; Spring club tournament circuit (Alberta,community club organization,,,,,,,,,,,,,census-2026-07,1,1,,,Rangers Basketball Club,https://rangersbasketballclub.ca/,yes,yes,canadian-tld,2026-07,,youth,
Raymond Basketball,Alberta,Raymond,source,Southern Alberta,,,,,community program,,,,,,,,,,,,,census-2026-07,1,1,,,Raymond Basketball,http://www.abbasketball.ca/content/association-amp-club-listing,,,no-website,2026-07,,youth,
Raymond youth basketball,Alberta,Raymond,source,Rest of Alberta,,,403-752-3381,Alberta Basketball Youth Provincials (YP),community club,,,,,,,,,,,,,census-2026-07,1,1,,,Raymond youth basketball,https://abbasketball.ca/content/who-are-members,yes,,no-website,2026-07,,youth,
Red Deer Minor Basketball Association (RDMBA),Alberta,Red Deer,source,Rest of Alberta,https://www.reddeerbball.ca/,info@reddeerbball.ca,,Red Deer Minor Basketball Association (RDMBA) leagues (operated; Red Deer Minor Basketball Association (RDMBA) leagues — now wound down; now defunct),community nonprofit,,,,,,,,,,,,,census-2026-07,1,1,,,Red Deer Minor Basketball Association (RDMBA),https://rdnewsnow.com/2025/06/26/hooped-red-deer-minor-basketball-announces-closure/,yes,yes,canadian-tld,2026-07,,youth,
Red Star Basketball,Alberta,Calgary,source,"Calgary metro, AB",https://www.redstarbasketball.com,contact@redstarbasketball.com,403-681-1606,AYBC — Alberta Youth Basketball Clubs circuit; AYBC — Association of Alberta Youth Basketball Clubs,private academy,,,,,,,,,,,,,census-2026-07,1,1,,,Red Star Basketball,https://www.redstarbasketball.com,yes,,unverified-single-source-non-ca,2026-07,,youth,
Respect Basketball,Alberta,Calgary,source,"Calgary metro, AB",https://www.respectbasketball.ca,respectbball@gmail.com,,,community nonprofit,,,,,,FB @respectbballyyc; IG @respectbball,,,,,,,"census-2026-07,website-scrape",2,2,,,Respect Basketball,https://www.respectbasketball.ca,yes,yes,canadian-tld,2026-07,,youth,
Rise Above Basketball Academy,Alberta,Grande Prairie,source,Rest of Alberta,https://riseabovebasketballacademy.ca/,riseabovebasketballacademyltd@gmail.com,780-512-6699,,private academy,,,,,,FB @riseabovebasketballacademygp,,,,,,,"census-2026-07,website-scrape",2,2,,,Rise Above Basketball Academy,https://riseabovebasketballacademy.ca/,yes,yes,canadian-tld,2026-07,,youth,
"RISE Basketball / RISE Sports Complex (Team Rise Collective Inc., 'Rise Up Hoops')",Alberta,Calgary,source,Calgary metro (NE — Calgary Central Sportsplex),https://www.rise-basketball.com/,,,RISE in-house leagues (own facility),private academy + facility,,,,,,,,,,,,,census-2026-07,1,1,,,"RISE Basketball / RISE Sports Complex (Team Rise Collective Inc., 'Rise Up Hoops')",https://www.rise-basketball.com/,,,unverified-single-source-non-ca,2026-07,,youth,
Rockets Basketball (Edmonton club),Alberta,Edmonton,source,"Edmonton metro, AB",,,,EYBA Fall/Winter League; EYBA Spring League,private academy,,,,,,,,,,,,,census-2026-07,1,2,,,Rockets Basketball (EYBA club) | Rockets Basketball (Edmonton club),http://eyba.ca/content/clubs,,,no-website,2026-07,,youth,
Rocky Rapids Basketball Club,Alberta,Rocky Mountain House,source,Central/West Alberta,https://www.rockyrapidsbball.com/,rapidsbball@gmail.com,,Alberta club/travel tournament circuit,community club,,,,,,FB @rockyrapids,,,,,,,"census-2026-07,website-scrape",2,2,,,Rocky Rapids Basketball Club,https://www.rockyrapidsbball.com/,yes,yes,website-corroborated,2026-07,,youth,
Rustlers Girls Basketball,Alberta,Acme / Linden,source,Rest of Alberta,,rustlers.girls.basketball@gmail.com,,,community club (girls),,,,,,,,,,,,,census-2026-07,1,1,,,Rustlers Girls Basketball,https://www.abbasketball.ca/content/Alberta-Club-Map,yes,,no-website,2026-07,,youth,
Rustlers Youth Basketball (Lakeland College),Alberta,Lloydminster,source,East-Central Alberta / Border City (AB-SK),http://rustlersyouthbasketball.ca/,director@rustlersyouthbasketball.ca,,,college-affiliated community program,,,,,,,,,,,,,census-2026-07,1,1,,,Rustlers Youth Basketball (Lakeland College),http://rustlersyouthbasketball.ca/,yes,yes,canadian-tld,2026-07,,youth,
SC Elite Basketball (South Central Elite Basketball Club),Alberta,Airdrie,source,"Calgary metro, AB",,,403-999-8074,,community club (competitive travel),,,,,,,,,,,,,census-2026-07,1,1,,,SC Elite Basketball (South Central Elite Basketball Club),https://discoverairdrie.com/articles/sc-elite-basketball,yes,,no-website,2026-07,,youth,
Shoot 360 Sherwood Park,Alberta,Sherwood Park,source,"Edmonton metro, AB",https://www.shoot360.com/sherwood-park,info@shoot360shp.com,(587) 269-5150,,private academy,,,,,,,,,,,,,census-2026-07,1,1,,,Shoot 360 Sherwood Park,https://www.shoot360.com/sherwood-park,yes,,unverified-single-source-non-ca,2026-07,,youth,
Sixers Basketball,Alberta,Calgary,source,"Calgary metro, AB",,aweir20@gmail.com,403-998-6395,AYBC — Alberta Youth Basketball Clubs circuit; AYBC — Association of Alberta Youth Basketball Clubs,community club (parent/coach-run),,,,,,,,,,,,,census-2026-07,1,2,,,Sixers | Sixers Basketball,https://www.aybc.ca/2020-club-members-1/sixers,yes,,no-website,2026-07,,youth,
South Calgary Community Basketball Association (SoCal / SCCBA),Alberta,Calgary,source,"Calgary metro, AB",https://sccba.ca,admin@sccba.ca,,Alberta Basketball Youth Provincials (YP); CMBA Fall/Winter League,community nonprofit (CMBA zone association),,,,,,FB @southcalgarycommunitybasketballassociati; IG @southcalgarybasketball,,,,,,,"census-2026-07,website-scrape",2,2,,,South Calgary Community Basketball Association (SoCal / SCCBA),https://sccba.ca,yes,yes,canadian-tld,2026-07,,youth,
South Stoney Basketball Association (Bobcats),Alberta,Calgary,source,"Calgary metro, AB",https://southstoneybasketball.com,president@southstoneybasketball.com,,CMBA Fall/Winter League,community nonprofit (CMBA zone association),,,,,,FB @2008,,,,,,,"census-2026-07,website-scrape",2,3,,,South Stoney Basketball Association (Bobcats) | South Stoney Basketball Association (SSBA),https://southstoneybasketball.com,yes,yes,website-corroborated,2026-07,,youth,
Southeast Swarm Basketball Association (SEBA),Alberta,Edmonton,source,Edmonton metro (southeast quadrant),http://southeastbasketball.com/,info@southeastbasketball.com,780-993-9887,EYBA Fall/Winter League; EYBA Spring League,community nonprofit,,,,,,,,,,,,,census-2026-07,1,1,,,Southeast Swarm Basketball Association (SEBA),http://www.southeastbasketball.com/content/2025--26-program-information,yes,,unverified-single-source-non-ca,2026-07,,youth,
Southwest Basketball Association (SWBA),Alberta,Edmonton,source,Edmonton metro (southwest quadrant),https://southwestbasketball.com/,info@southwestbasketball.com,,EYBA Fall/Winter League; EYBA Spring League,community nonprofit,,,,,,FB @swzyba; IG @swzyba,,,,,,,"census-2026-07,website-scrape",2,2,,,Southwest Basketball Association (SWBA),https://southwestbasketball.com/content/community-based-teams,yes,yes,website-corroborated,2026-07,,youth,
Splash Canada Basketball,Alberta,Red Deer,source,Central Alberta,https://www.splashcanadabasketball.com/,splashcanadabasketball@gmail.com,403-506-3393,Alberta club/travel tournament circuit,private competitive club,,,,,,,,,,,,,census-2026-07,1,1,,,Splash Canada Basketball,https://www.splashcanadabasketball.com/,yes,,unverified-single-source-non-ca,2026-07,,youth,
Spotlight Athletic Development,Alberta,Sherwood Park,source,"Edmonton metro, AB",http://spotlightathleticdevelopment.com/,info@spotlightathleticdevelopment.com,780-720-3917,EYBA Fall/Winter League,private academy,,,,,,,,,,,,,census-2026-07,1,1,,,Spotlight Athletic Development,http://spotlightathleticdevelopment.com/,yes,,unverified-single-source-non-ca,2026-07,,youth,
Spruce Grove Knights,Alberta,Spruce Grove,source,"Parkland County, Edmonton metro",,rhonda.lang@psd.ca,780-945-9251,,club (type unpublished),,,,,,,,,,,,,census-2026-07,1,1,,,Spruce Grove Knights,https://abbasketball.ca/content/who-are-members,yes,,no-website,2026-07,,youth,
St. Albert SLAM Youth Basketball Association,Alberta,St. Albert,source,Edmonton metro,https://www.stalbertslam.com/,admin@stalbertslam.com,,EYBA Fall/Winter League; EYBA Spring League,community nonprofit,,,,,,FB @https; IG @st.albertslam,,,,,,,"census-2026-07,website-scrape",2,4,,,St. Albert SLAM Youth Basketball Association | St. Albert SLAM Youth Development Basketball,https://www.stalbertslam.com/,yes,yes,website-corroborated,2026-07,,youth,
St. Albert Youth Basketball League (SAYBL),Alberta,St. Albert,source,Edmonton metro,https://www.saybl.ca/,info.saybl@gmail.com,,St. Albert Youth Basketball League (SAYBL); St. Albert Youth Basketball League (SAYBL) — self-run house league,community nonprofit,,,,,,,,,,,,,census-2026-07,1,1,,,St. Albert Youth Basketball League (SAYBL),https://www.saybl.ca/aboutus,yes,yes,canadian-tld,2026-07,,youth,
STARS Basketball (Stars Athletics),Alberta,Calgary,source,"Calgary metro, AB",https://www.starsathletics.ca,info@starsathletics.ca,403-615-1904,,private academy / development program,,,,,,,,,,,,,census-2026-07,1,1,,,STARS Basketball (Stars Athletics),https://www.starsathletics.ca,yes,yes,canadian-tld,2026-07,,youth,
Stettler Wildcats Club Basketball (Stettler Basketball Club),Alberta,Stettler,source,Rest of Alberta,https://www.facebook.com/p/Stettler-Wildcats-Club-Basketball-100090725931850/,wildcatsclubbasketball@gmail.com,403-506-1100,Alberta club/travel tournament circuit,community club,,,,,,,,,,,,,census-2026-07,1,1,,,Stettler Wildcats Club Basketball (Stettler Basketball Club),https://www.facebook.com/p/Stettler-Wildcats-Club-Basketball-100090725931850/,yes,,unverified-single-source-non-ca,2026-07,,youth,
Stony Plain Basketball,Alberta,Stony Plain,source,"Parkland County, Edmonton metro",https://www.stonyplainbasketball.com/,roc@stonyplainbasketball.com,587-986-4959,EYBA Spring League,community nonprofit,,,,,,,,,,,,,census-2026-07,1,1,,,Stony Plain Basketball,https://www.stonyplainbasketball.com/teams.htm,yes,,unverified-single-source-non-ca,2026-07,,youth,
Strathcona Basketball Association (SBA),Alberta,Sherwood Park,source,"Strathcona County, Edmonton metro",https://sbahoops.ca/,admin@sbahoops.ca,(780) 416-9379,AYBC — Association of Alberta Youth Basketball Clubs; EYBA Fall/Winter League; EYBA Spring League,community nonprofit,,,,,,,,,,,,,census-2026-07,1,1,,,Strathcona Basketball Association (SBA),http://sbahoops.ca/,yes,yes,canadian-tld,2026-07,,youth,
Supreme Hoops Canada,Alberta,Calgary,source,"Calgary metro, AB",https://www.supremehoopscanada.com,info@supremehoopscanada.com,(587) 576-7877,CMBA Spring League (club season),private academy,,,,,,,,,,,,,census-2026-07,1,1,,,Supreme Hoops Canada,https://www.supremehoopscanada.com,yes,,unverified-single-source-non-ca,2026-07,,youth,
Swan City Basketball,Alberta,Grande Prairie,source,Rest of Alberta,http://www.swancitybasketball.ca/,swancitybasketball@gmail.com,250-571-2766,Spring club tournament circuit (Alberta),community nonprofit,,,,,,,,,,,,,census-2026-07,1,1,,,Swan City Basketball,http://www.swancitybasketball.ca/club-bball.html,yes,yes,canadian-tld,2026-07,,youth,
Swoosh Basketball Canada,Alberta,Edmonton,source,Edmonton metro,https://www.swooshcanada.com/,coachhopkins45@gmail.com,(780) 200-9053,EYBA Fall/Winter League; EYBA Spring League; Swoosh Fall League (self-run); Swoosh Spring League (self-run),private academy (Swoosh Canada Basketball Inc.),,,,,,,,,,,,,census-2026-07,1,1,,,Swoosh Basketball Canada,https://www.swooshcanada.com/,yes,,unverified-single-source-non-ca,2026-07,,youth,
Sylvan Lake Clippers (Sylvan Lake Minor Basketball Association),Alberta,Sylvan Lake,source,Rest of Alberta,https://www.sylvanlakeclippers.ca/,slclippers@gmail.com,(403) 863-7309,Alberta club/travel tournament circuit,community nonprofit,,,,,,,,,,,,,census-2026-07,1,1,,,Sylvan Lake Clippers (Sylvan Lake Minor Basketball Association),https://www.sylvanlakeclippers.ca/,yes,yes,canadian-tld,2026-07,,youth,
Taber Basketball,Alberta,Taber,source,Rest of Alberta,,,,,community club,,,,,,,,,,,,,census-2026-07,1,1,,,Taber Basketball,https://abbasketball.ca/content/2022-2023-clubs-amp-community-groups-in-good-standing,,,no-website,2026-07,,youth,
The Perimeter Basketball Academy,Alberta,Red Deer,source,Central Alberta,https://www.perimeterbasketballacademy.ca/,perimeter.basketball.academy@gmail.com,,,private academy (camps/skills),,,,,,FB @theperimeterbasketballacademy; IG @perimeterbasketballacademy,,,,,,,"census-2026-07,website-scrape",2,2,,,The Perimeter Basketball Academy,https://www.perimeterbasketballacademy.ca/,yes,yes,canadian-tld,2026-07,,youth,
The Tech Shop,Alberta,Calgary,source,"Calgary metro, AB",,bkadams@shaw.ca,403-239-3752,AYBC — Alberta Youth Basketball Clubs circuit,community club (parent/coach-run),,,,,,,,,,,,,census-2026-07,1,1,,,The Tech Shop,https://www.aybc.ca/2020-club-members-1/the-tech-shop,yes,,no-website,2026-07,,youth,
Titans Basketball (YYC),Alberta,Calgary,source,Calgary metro,,titansbasketballyyc@gmail.com,403-970-0784,AYBC — Association of Alberta Youth Basketball Clubs,private club,,,,,,,,,,,,,census-2026-07,1,1,,,Titans Basketball (YYC),https://www.aybc.ca/2020-club-members-1/titans-basketball,yes,,no-website,2026-07,,youth,
TriCounty Broncos,Alberta,Didsbury,source,Rest of Alberta,,tricountybroncos@gmail.com,403-415-6870,,community club,,,,,,,,,,,,,census-2026-07,1,1,,,TriCounty Broncos,https://www.abbasketball.ca/content/Alberta-Club-Map,yes,,no-website,2026-07,,youth,
True North Basketball Academy (TNBA),Alberta,Edmonton,source,"Edmonton metro, AB",https://www.truenorthbasketballacademy.com/,office@truenorthbasketballacademy.com,(587) 402-4730,EYBA Spring League,private academy,,,,,,,,,,,,,census-2026-07,1,1,,,True North Basketball Academy (TNBA),https://www.truenorthbasketballacademy.com/,yes,,unverified-single-source-non-ca,2026-07,,youth,
Underground Basketball Academy Inc.,Alberta,Grande Prairie,source,Rest of Alberta,https://www.undergroundbasketball.ca/,info@undergroundbasketball.ca,,,private academy,,,,,,,,,,,,,census-2026-07,1,1,,,Underground Basketball Academy Inc.,https://www.undergroundbasketball.ca/,yes,yes,canadian-tld,2026-07,,youth,
United Storm Basketball (United S.T.O.R.M. / Calgary Storm Youth Basketball Association),Alberta,Calgary,source,Calgary metro (SW Calgary — Cedarbrae),https://www.usbball.ca/,register@usbball.ca,403-834-4766,AYBC — Alberta Youth Basketball Clubs circuit; AYBC — Association of Alberta Youth Basketball Clubs,community club,,,,,,,,,,,,,census-2026-07,1,1,,,United Storm Basketball (United S.T.O.R.M. / Calgary Storm Youth Basketball Association),https://www.usbball.ca/,yes,yes,canadian-tld,2026-07,,youth,
Vision Basketball Academy,Alberta,Calgary,source,"Calgary metro, AB",https://visionbasketballacademy.com,mark@visionbasketball.ca,587-999-2510,AYBC — Alberta Youth Basketball Clubs circuit,private academy / club,50.7255163,-113.9749127,,ChIJ5W_X2zKYcVMRYbkpCfoGOVg,APPROXIMATE,,,,,,"Okotoks, AB, Canada",,"census-2026-07,geocode",2,2,,,Vision Basketball Academy,https://maps.googleapis.com/maps/api/geocode/json,yes,,unverified-single-source-non-ca,2026-07,,youth,
Vision Basketball Academy,Alberta,Okotoks,source,Calgary metro (Okotoks + Calgary),https://visionbasketballacademy.com/,mark@visionbasketball.ca,587-999-2510,AYBC — Association of Alberta Youth Basketball Clubs,private academy / club,,,,,,,,,,,,,census-2026-07,1,1,,,Vision Basketball Academy,https://visionbasketballacademy.com/locations,yes,,unverified-single-source-non-ca,2026-07,,youth,
Vision Elite Academy (Calgary programs),Alberta,Calgary,source,"Calgary metro, AB",https://visioneliteacademy.org/basketball,hello@visioneliteacademy.org,403-510-1784,,private academy (multi-city: Winnipeg/Calgary/Edmonton/Fraser Valley),,,,,,,,,,,,,census-2026-07,1,1,,,Vision Elite Academy (Calgary programs),https://visioneliteacademy.org/basketball,yes,,unverified-single-source-non-ca,2026-07,,youth,
W.I.N. Basketball Club of Calgary,Alberta,Calgary,source,Calgary metro,https://www.winbasketball.ca/,winbasketball13@gmail.com,(587) 718-7005,AYBC — Association of Alberta Youth Basketball Clubs (tournament circuit); Jr. NBA Canada,"community nonprofit (non-profit society, est. 2011)",50.859102,-114.026361,,,,,,,,,,,"census-2026-07,jrnba-2019",2,3,,,W.I.N Basketball Club of Calgary | W.I.N. Basketball Club of Calgary,https://www.winbasketball.ca/,yes,yes,canadian-tld,2026-07,,youth,
Warriors Basketball — Peace River,Alberta,Peace River,source,Rest of Alberta,https://www.facebook.com/profile.php?id=100068770855153,wayne.basketball14@gmail.com,780-617-2583,Spring club tournament circuit (Peace region/Alberta),community club,,,,,,,,,,,,,census-2026-07,1,2,,,Warriors Basketball Association | Warriors Basketball — Peace River,https://www.abbasketball.ca/content/Alberta-Club-Map,yes,,unverified-single-source-non-ca,2026-07,,youth,
West Elite Basketball Association (WEBA),Alberta,Edmonton,source,Edmonton metro (west),https://sites.google.com/view/west-elite-basketball/home,westelitebasketball@gmail.com,,EYBA Fall/Winter League; EYBA Spring League; Edmonton Youth Premier League (EYPL),community nonprofit (competitive club),,,,,,FB @thegrindsession,,,,,,,"census-2026-07,website-scrape",2,2,,,West Elite Basketball Association (WEBA),https://sites.google.com/view/west-elite-basketball/home?authuser=0,yes,yes,website-corroborated,2026-07,,youth,
Wetaskiwin Basketball Club,Alberta,Wetaskiwin,source,Rest of Alberta,https://www.facebook.com/Wetaskiwin-Basketball-Club-463146107518650/,,,EYBA Fall/Winter League (Edmonton Youth Basketball Association),community club,,,,,,,,,,,,,census-2026-07,1,1,,,Wetaskiwin Basketball Club,https://www.abbasketball.ca/content/Alberta-Club-Map,,,unverified-single-source-non-ca,2026-07,,youth,
Wetaskiwin Minor Basketball Association (WMBA),Alberta,Wetaskiwin,source,South of Edmonton metro (EYBA orbit),,wmba@wrps11.ca,,EYBA Fall/Winter League,community nonprofit,,,,,,,,,,,,,census-2026-07,1,1,,,Wetaskiwin Minor Basketball Association (WMBA),https://www.wrps11.ca/trustees/whats-new/post/wmba-23rd-annual-season-is-open-for-registration,yes,,no-website,2026-07,,youth,
Whitecourt Wolves Community Basketball League (Whitecourt Community Youth Basketball),Alberta,Whitecourt,source,Rest of Alberta,https://rec.whitecourt.ca/whitecourt/public/booking/classes/be692a4f-e276-458f-8373-578de50a9cda,wctwolves.info@gmail.com,,Whitecourt Wolves Community Basketball League (operates),community nonprofit,,,,,,,,,,,,,census-2026-07,1,1,,,Whitecourt Wolves Community Basketball League (Whitecourt Community Youth Basketball),https://www.abbasketball.ca/content/Alberta-Club-Map,yes,yes,canadian-tld,2026-07,,youth,
Windy City Basketball Club,Alberta,Lethbridge,source,Rest of Alberta,,windycitybasketballclub@gmail.com,403-795-9185,AYBC — Association of Alberta Youth Basketball Clubs,community club (girls),,,,,,,,,,,,,census-2026-07,1,1,,,Windy City Basketball Club,https://www.aybc.ca/2020-club-members-1/windy-city-basketball-club,yes,,no-website,2026-07,,youth,
Wings Girls Basketball,Alberta,Calgary,source,"Calgary metro, AB",,fugel6@telus.net,403-918-3940,AYBC — Alberta Youth Basketball Clubs circuit; AYBC — Association of Alberta Youth Basketball Clubs,community club (girls-only),,,,,,,,,,,,,census-2026-07,1,1,,,Wings Girls Basketball,https://www.aybc.ca/2020-club-members-1/wings-girls-basketball,yes,,no-website,2026-07,,youth,
Wolfpack Club Basketball,Alberta,Chestermere,source,Calgary metro,https://www.instagram.com/wolfpackclubbasketball/,,(213) 986-9582,,private club (boys),,,,,,IG @wolfpackclubbasketball,,,,,,,"census-2026-07,website-scrape",2,2,,,Wolfpack Club Basketball,https://www.instagram.com/wolfpackclubbasketball/,yes,yes,website-corroborated,2026-07,,youth,
Wolves Athletic Club (Jr. Wolves Basketball / Free Play for Kids),Alberta,Edmonton,source,"Edmonton metro, AB",https://www.wolvesathleticclub.com/,wolves@freeplayforkids.com,,,multi-sport org,,,,,,FB @freeplayforkidsyeg; IG @wolves.athleticclub,,,,,,,"census-2026-07,website-scrape",2,2,,,Wolves Athletic Club (Jr. Wolves Basketball / Free Play for Kids),https://www.wolvesathleticclub.com/jr-wolves-basketball,yes,yes,website-corroborated,2026-07,,youth,
Wood Buffalo Basketball Club,Alberta,Fort McMurray,source,Rest of Alberta,https://www.facebook.com/profile.php?id=61579214611190,,,,community club,,,,,,,,,,,,,census-2026-07,1,1,,,Wood Buffalo Basketball Club,https://www.abbasketball.ca/content/Alberta-Club-Map,,,unverified-single-source-non-ca,2026-07,,youth,
YMCA Calgary,Alberta,Calgary,source,"Calgary metro, AB",https://www.ymcacalgary.org/programs-and-services/sports-programs,media@ymcacalgary.org,403-351-6673,YMCA Calgary in-house youth basketball league (operator),multi-sport org (charity),,,,,,,,,,,,,census-2026-07,1,1,,,YMCA Calgary,https://www.ymcacalgary.org/programs-and-services/sports-programs,yes,,unverified-single-source-non-ca,2026-07,,youth,
Youngbloods Basketball Club,Alberta,Calgary,source,"Calgary metro, AB",,ladde.tanner@astrazeneca.com,403-461-8981,AYBC — Alberta Youth Basketball Clubs circuit,community club (parent/coach-run),,,,,,,,,,,,,census-2026-07,1,1,,,Youngbloods Basketball Club,https://www.aybc.ca/2020-club-members-1/youngbloods-basketball-club,yes,,no-website,2026-07,,youth,
Youth Hoops Basketball Academy,Alberta,Edmonton,source,"Edmonton metro, AB",https://youthhoops.ca/,youthhoopsinc@gmail.com,587-407-2066,,private academy,,,,,,,,,,,,,census-2026-07,1,1,,,Youth Hoops Basketball Academy,https://youthhoops.ca/,yes,yes,canadian-tld,2026-07,,youth,
YYC Wolves,Alberta,Calgary,source,"Calgary metro, AB",,mjamias@shaw.ca,403-714-3199,AYBC — Alberta Youth Basketball Clubs circuit; AYBC — Association of Alberta Youth Basketball Clubs,community club (parent/coach-run),,,,,,,,,,,,,census-2026-07,1,1,,,YYC Wolves,https://www.aybc.ca/2020-club-members-1/yyc-wolves,yes,,no-website,2026-07,,youth,
YYCCRUSH Basketball,Alberta,Calgary,source,"Calgary metro, AB",,kvanweber@gmail.com,403-390-9767,AYBC — Alberta Youth Basketball Clubs circuit; AYBC — Association of Alberta Youth Basketball Clubs,community club (parent/coach-run),,,,,,,,,,,,,census-2026-07,1,1,,,YYCCRUSH Basketball,https://www.aybc.ca/2020-club-members-1/yyccrush-basketball,yes,,no-website,2026-07,,youth,
3 Point Basketball,British Columbia,North Vancouver,source,Metro Vancouver & Fraser Valley,https://3pointbasketball.com,,,,private academy,,,,,,,,,,,,,census-2026-07,1,1,,,3 Point Basketball,https://basketball604.com/basketball-clubs/,,,unverified-single-source-non-ca,2026-07,,youth,
3D Basketball Academy,British Columbia,North Vancouver,source,Metro Vancouver (North Shore),https://www.3dbasketball.net,info@3dbasketball.net,(604) 998-3360,UA Rise / Under Armour Next circuit — Canada West Hoops,private academy,,,,,,,,,,,,,census-2026-07,1,1,,,3D Basketball Academy,https://basketball604.com/basketball-clubs/,yes,,unverified-single-source-non-ca,2026-07,,youth,
Abbotsford Basketball Association (ABA),British Columbia,Abbotsford,source,Fraser Valley,https://abbotsfordbasketball.com/,info@abbotsfordbasketball.com,,ABA city leagues (own); ABA youth leagues (own),community nonprofit,,,,,,FB @AbbotsfordBasketballAssociation; FB @abbotsfordbasketballassociation; IG @abbotsfordbasketball; IG @abbotsfordmbl,,,,,,,"census-2026-07,website-scrape",2,2,,,Abbotsford Basketball Association (ABA),https://abbotsfordbasketball.com/about/,yes,yes,website-corroborated,2026-07,,youth,
Academy Basketball,British Columbia,Vancouver,source,Metro Vancouver (Burnaby–Tri-Cities programs),https://www.academybasketball.com,,778.835.3632,Academy Basketball Nike 3-on-3 League (own),private academy,,,,,,FB @VancouverBasketballAcademy; IG @academy.basketball; IG @vancouverbasketballacademy,,,,,,,"census-2026-07,website-scrape",2,2,,,Academy Basketball,https://www.academybasketball.com/programs/nike-3-on-3-league,yes,yes,website-corroborated,2026-07,,youth,
ACE Hoops (Ace Hoops Vernon),British Columbia,Vernon,source,BC Interior — Okanagan,https://acehoops.net/,,(778) 240-5370,ACE Hoops 4x4 Winter League (own); ACE Hoops community spring/summer leagues (own); ACE Hoops winter 4x4; spring leagues (own),community nonprofit,,,,,,,,,,,,,census-2026-07,1,1,,,ACE Hoops (Ace Hoops Vernon),https://acehoops.net/,yes,,unverified-single-source-non-ca,2026-07,,youth,
AFG (All For Girls) Basketball,British Columbia,Richmond,source,Metro Vancouver,,,,,private academy,,,,,,,,,,,,,census-2026-07,1,1,,,AFG (All For Girls) Basketball,https://basketball604.com/basketball-clubs/,,,no-website,2026-07,,youth,
AIM Basketball,British Columbia,Burnaby,source,Metro Vancouver & Fraser Valley,https://www.facebook.com/aimbball/,,,,private academy,,,,,,FB @aimbball,,,,,,,"census-2026-07,website-scrape",2,2,,,AIM Basketball,https://basketball604.com/basketball-clubs/,,yes,website-corroborated,2026-07,,youth,
Alberni Basketball / Port Alberni Minor Basketball Association (PAMBA),British Columbia,Port Alberni,source,Vancouver Island (Alberni Valley),https://www.albernibasketball.ca/,,,,community nonprofit,,,,,,,,,,,,,census-2026-07,1,2,,,Alberni Basketball / Port Alberni Minor Basketball Association (PAMBA) | Port Alberni Minor Basketball Association (PAMBA / Alberni Basketball),https://www.albernibasketball.ca/,,yes,canadian-tld,2026-07,,youth,
Arrowsmith Community Recreation Association (ACRA) — youth basketball,British Columbia,Coombs (Oceanside / Parksville-Qualicum area),source,"Vancouver Island, BC",,,,,multi-sport org (community recreation association),49.30549999999999,-124.428831,V0R 1M0,ChIJs8-rPmeOiFQRkWqAm_XHNsg,APPROXIMATE,,,,,,"Coombs, BC V0R 1M0, Canada",,"census-2026-07,geocode",2,2,,,Arrowsmith Community Recreation Association (ACRA) — youth basketball,https://maps.googleapis.com/maps/api/geocode/json,,,no-website,2026-07,,youth,
Athelite Basketball,British Columbia,Surrey,source,Metro Vancouver & Fraser Valley,http://www.athelitebasketball.com,info@athelitebasketball.com,,,private academy,,,,,,FB @athelitebball; IG @athelitebball,,,,,,,"census-2026-07,website-scrape",2,2,,,Athelite Basketball,https://basketball604.com/basketball-clubs/,yes,yes,website-corroborated,2026-07,,youth,
Ball Lab Training Academy,British Columbia,North Vancouver,source,Metro Vancouver (North Shore),http://balllab.ca,info@balllab.ca,604-971-4625,,private academy,,,,,,,,,,,,,census-2026-07,1,1,,,Ball Lab Training Academy,https://basketball604.com/basketball-clubs/,yes,yes,canadian-tld,2026-07,,youth,
Balloholics Victory Sports Camp,British Columbia,Burnaby,source,Metro Vancouver & Fraser Valley,https://www.balloholic.com,info@balloholic.com,604-800-3539,,private academy,,,,,,,,,,,,,census-2026-07,1,1,,,Balloholics Victory Sports Camp,https://basketball604.com/basketball-clubs/,yes,,unverified-single-source-non-ca,2026-07,,youth,
Bandits Youth Basketball League (BYBL),British Columbia,Abbotsford,source,Metro Vancouver & Fraser Valley,http://bybl.goalline.ca,cranspot@basketball.bc.ca,(778) 621-2004,Bandits Youth Basketball League (own),league operator (pro-team youth program),,,,,,,,,,,,,census-2026-07,1,1,,,Bandits Youth Basketball League (BYBL),http://bybl.goalline.ca,yes,yes,canadian-tld,2026-07,,youth,
Basketball 4All Academy,British Columbia,Kamloops,source,BC — Thompson-Okanagan (Interior & North),https://www.bball-academy.com/,info@bball-academy.com,778-384-0351,,private academy,,,,,,,,,,,,,census-2026-07,1,1,,,Basketball 4All Academy,https://www.bball-academy.com/,yes,,unverified-single-source-non-ca,2026-07,,youth,
Bay Nation Basketball Club,British Columbia,Victoria (Oak Bay),source,Vancouver Island,https://www.baynationhoops.com/,don@edvantageinteractive.com,866-422-7310,V&DABA Night League (Victoria and District Amateur Basketball Association),community nonprofit,,,,,,,,,,,,,census-2026-07,1,1,,,Bay Nation Basketball Club,https://www.baynationhoops.com/,yes,,unverified-single-source-non-ca,2026-07,,youth,
BC Bounce,British Columbia,Abbotsford,source,"Fraser Valley (also Chilliwack, Mission, Agassiz)",https://bcbounce.com/,info@bcbounce.com,778-808-3198,BC Bounce Rec League (own),private academy,,,,,,,,,,,,,census-2026-07,1,1,,,BC Bounce,https://bcbounce.com/,yes,,unverified-single-source-non-ca,2026-07,,youth,
BC Energy Basketball Club,British Columbia,Abbotsford,source,Fraser Valley,https://www.bcenergybasketball.org/,bcenergybasketball@gmail.com,778-859-6073,,private academy,,,,,,,,,,,,,census-2026-07,1,1,,,BC Energy Basketball Club,https://basketball604.com/basketball-clubs/,yes,,unverified-single-source-non-ca,2026-07,,youth,
BC Preparatory Academy (BCPrep),British Columbia,Surrey,source,Metro Vancouver,http://www.bcprep.com,info@bcprep.com,778-591-3660,BCPrep Basketball Youth League; BCPrep Basketball Youth League (own),private academy,,,,,,,,,,,,,census-2026-07,1,2,,,BC Preparatory Academy (BCPrep) | BCPrep (BC Preparatory Academy),https://bcprep.com/programs/basketball-youth-league/,yes,,unverified-single-source-non-ca,2026-07,,youth,
BC Swish Basketball Club,British Columbia,Coquitlam,source,Metro Vancouver & Fraser Valley,https://bcswishbasketballclub.com/,bcswishbasketballclub@gmail.com,,,community nonprofit,,,,,,FB @BC-SWISH-Basketball-Club-165120167166107; FB @CatchShootSWISH; IG @bcswishbasketball,,,,,,,"census-2026-07,website-scrape",2,2,,,BC Swish Basketball Club,https://bcswishbasketballclub.com/,yes,yes,website-corroborated,2026-07,,youth,
BC United Basketball Club,British Columbia,North Vancouver,source,Metro Vancouver & Fraser Valley,https://www.bcunitedbasketball.com,info@bcunitedbasketball.com,,,private academy,,,,,,FB @bcunitedhoops; IG @bcunitedhoops,,,,,,,"census-2026-07,website-scrape",2,2,,,BC United Basketball Club,https://basketball604.com/basketball-clubs/,yes,yes,website-corroborated,2026-07,,youth,
Believe Basketball Academy,British Columbia,Nanaimo,source,"Vancouver Island, BC",https://www.believebasketballacademy.com/,,,Believe 3-on-3 leagues (own),private academy,,,,,,,,,,,,,census-2026-07,1,1,,,Believe Basketball Academy,https://www.believebasketballacademy.com/,,,unverified-single-source-non-ca,2026-07,,youth,
Beyond Basketball,British Columbia,Duncan (Cowichan Valley),source,"Vancouver Island, BC",https://beyondbasketball.ca/,beyondbasketballcvi@gmail.com,,Vancouver Island girls club play/tournaments,community nonprofit (volunteer-run),,,,,,IG @beyondbasketballco,,,,,,,"census-2026-07,website-scrape",2,2,,,Beyond Basketball,https://ladysmithchronicle.com/2026/01/22/beyond-basketball-looks-to-level-the-court-for-cowichan-valley-girls/,yes,yes,canadian-tld,2026-07,,youth,
Big Kahuna Basketball Club (Airball Academy),British Columbia,Fraser River region — Surrey/Delta/Richmond/New West,source,Metro Vancouver,,brichlefty@gmail.com,,,private academy,,,,,,,,,,,,,census-2026-07,1,2,,,Big Kahuna Basketball Club (Airball Academy),https://basketball.bc.ca/clubs/member-clubs-2025-26/,yes,,no-website,2026-07,,youth,
Born2Grind Athletics,British Columbia,Pitt Meadows,source,Metro Vancouver,https://born2grindathletics.com/,tomas@born2grindathletics.com,,,private academy,,,,,,IG @born2grind_athletics,,,,,,,"census-2026-07,website-scrape",2,2,,,Born2Grind Athletics,https://born2grindathletics.com/,yes,yes,website-corroborated,2026-07,,youth,
Bulkley Valley Basketball Society,British Columbia,Smithers,source,BC — North West (Interior & North),https://www.bvbasketball.ca,clubbasketballbv@gmail.com,,northern BC tournament circuit,community nonprofit,,,,,,FB @RedDogLogging; FB @staggeredpeakscontracting,,,,,,,"census-2026-07,website-scrape",2,2,,,Bulkley Valley Basketball Society,https://www.bvbasketball.ca,yes,yes,canadian-tld,2026-07,,youth,
Burnaby Basketball Club,British Columbia,Burnaby,source,Metro Vancouver & Fraser Valley,https://burnabybasketballclub.com/,,778-855-8273,,private academy,,,,,,,,,,,,,census-2026-07,1,1,,,Burnaby Basketball Club,https://burnabybasketballclub.com/,yes,,unverified-single-source-non-ca,2026-07,,youth,
C3 Basketball (C3 Boys Basketball),British Columbia,Courtenay / Comox / Cumberland,source,"Vancouver Island, BC",https://c3basketball.ca/,info@c3basketball.ca,250-702-3926,,private academy (boys only),,,,,,,,,,,,,census-2026-07,1,1,,,C3 Basketball (C3 Boys Basketball),https://c3basketball.ca/,yes,yes,canadian-tld,2026-07,,youth,
Campbell River Youth Basketball Association (Campbell River Steve Nash Youth Basketball),British Columbia,Campbell River,source,Vancouver Island,https://www.facebook.com/CampbellRiverSteveNashYouthBasketball/,recandculture@campbellriver.ca,250-286-1161,Steve Nash Youth Basketball (SNYB) program network; Steve Nash Youth Basketball (SNYB) — Campbell River,community nonprofit,,,,,,,,,,,,,census-2026-07,1,1,,,Campbell River Youth Basketball Association (Campbell River Steve Nash Youth Basketball),https://www.facebook.com/CampbellRiverSteveNashYouthBasketball/,yes,,unverified-single-source-non-ca,2026-07,,youth,
Capital City Hoopsters,British Columbia,Victoria,source,Vancouver Island,,,,V&DABA Night League (Victoria and District Amateur Basketball Association),community nonprofit,,,,,,,,,,,,,census-2026-07,1,1,,,Capital City Hoopsters,https://www.vicbball.com/contact-page.html,,,no-website,2026-07,,youth,
Carnarvon Ball Club — Basketball Division (Carnarvon Basketball Club),British Columbia,Victoria,source,"Vancouver Island, BC (Oak Bay/Camosun area)",https://carnarvon.ca/basketball,carnarvonvpbasketball@gmail.com,,BC club tournament circuit (Basketball BC member — girls tournament teams U12-U14); V&DABA Night League (Victoria and District Amateur Basketball Association); Victoria Night League (V&DABA),"community nonprofit (parent-run, division of multi-sport Carnarvon Ball Club)",,,,,,FB @carnarvonballclub; IG @carnarvonballclub,,,,,,,"census-2026-07,website-scrape",2,2,,,Carnarvon Ball Club — Basketball Division (Carnarvon Basketball Club),https://carnarvon.ca/basketball,yes,yes,canadian-tld,2026-07,,youth,
Chilliwack Basketball Association,British Columbia,Chilliwack,source,Metro Vancouver & Fraser Valley,https://www.chilliwackbasketball.ca/,chilliwackbasketball@gmail.com,604-799-8035,Chilliwack Basketball Association leagues (own),community nonprofit / league operator,,,,,,,,,,,,,census-2026-07,1,2,,,Chilliwack Basketball Association | Chilliwack Basketball Club,https://www.chilliwackbasketball.ca/,yes,yes,canadian-tld,2026-07,,youth,
Community Elite,British Columbia,Richmond,source,Metro Vancouver & Fraser Valley,https://www.community-elite.com/,cmntyelite@gmail.com,,,private academy,49.2827291,-123.1207375,,ChIJs0-pQ_FzhlQRi_OBm-qWkbs,APPROXIMATE,FB @2008; IG @communityelite_; IG @luxury_rentals_yvr,,,,,"Vancouver, BC, Canada",,"census-2026-07,geocode,website-scrape",3,5,,,Community Elite,https://maps.googleapis.com/maps/api/geocode/json,yes,yes,website-corroborated,2026-07,,youth,
Comox Valley Athletic Association (CVAA),British Columbia,Courtenay (Comox Valley),source,"Vancouver Island, BC",https://cvathletics.ca/,drpedro@telus.net,(250) 334-7497,CVAA Friday Night League (own — already mapped); CVAA GO Monday Basketball (own); Comox Valley Athletic Association (CVAA) basketball; Jr. NBA Canada; Victoria club tournaments (Fastbreak girls teams),community nonprofit (multi-sport: basketball + rugby),49.745694,-125.061613,,,,,,,,,,,"census-2026-07,jrnba-2019",2,2,,,CVAA (Comox Valley Athletic Association) | Comox Valley Athletic Association (CVAA),https://cvathletics.ca/,yes,yes,canadian-tld,2026-07,,youth,
Comox Valley Youth Basketball Association (CVYBA),British Columbia,Courtenay (Comox Valley),source,"Vancouver Island, BC",http://cvyba.blogspot.com/,street.car1@shaw.ca,,Steve Nash Youth Basketball (SNYB) fall league (own); Steve Nash Youth Basketball (SNYB) — Comox Valley; own spring leagues,community nonprofit,,,,,,,,,,,,,census-2026-07,1,1,,,Comox Valley Youth Basketball Association (CVYBA),http://cvyba.blogspot.com/p/leagues.html,yes,,unverified-single-source-non-ca,2026-07,,youth,
Coquitlam Storm,British Columbia,Coquitlam,source,Metro Vancouver (Fraser Valley region per PSO),,,,,community nonprofit,,,,,,,,,,,,,census-2026-07,1,1,,,Coquitlam Storm,https://basketball.bc.ca/clubs/member-clubs-2025-26/,,,no-website,2026-07,,youth,
DC Wildcats Basketball Club,British Columbia,Dawson Creek,source,BC — Cariboo North-East (Interior & North),https://www.facebook.com/DCWildcatsBasketball/,dcwildcatsbasketball@gmail.com,,northern BC tournament circuit,community club,,,,,,FB @DCWildcatsBasketball,,,,,,,"census-2026-07,website-scrape",2,2,,,DC Wildcats Basketball Club,https://basketball.bc.ca/clubs/member-clubs-2025-26/,yes,yes,website-corroborated,2026-07,,youth,
DD Nation Basketball,British Columbia,Langley,source,Metro Vancouver & Fraser Valley,https://www.facebook.com/DDNationVentures,,,,private academy,,,,,,FB @DDNationVentures,,,,,,,"census-2026-07,website-scrape",2,2,,,DD Nation Basketball,https://basketball604.com/basketball-clubs/,,yes,website-corroborated,2026-07,,youth,
Delbrook Basketball Association (Delbrook Steve Nash Youth Basketball),British Columbia,North Vancouver,source,Metro Vancouver (North Shore),https://www.sportsengine.com/org/delbrook-basketball-association,admin@delbrookbasketball.com,1 (778) 558-0164,Delbrook Steve Nash Youth Basketball League; Delbrook Steve Nash Youth Basketball League (own); Jr. NBA Canada; Seymour Steve Nash Youth Basketball League (own); Seymour Steve Nash Youth Basketball league,community nonprofit,49.32366,-123.072671,,,,,,,,,,,"census-2026-07,jrnba-2019",2,6,,,Delbrook Basketball Association | Delbrook Basketball Association (Delbrook Steve Nash Youth Basketball) | Seymour Basketball Association | Seymour Basketball Association (Seymour Steve Nash Youth Basketball),https://www.sportsengine.com/org/delbrook-basketball-association,yes,,unverified-single-source-non-ca,2026-07,,youth,
Dime Valley Basketball,British Columbia,"Courtenay (Comox Valley; also serves Campbell River, Oceanside, Powell River)",source,"Vancouver Island, BC",https://www.dimevalleybasketball.ca/,dimevalleybasketball@gmail.com,,BC club tournament circuit (spring); Comox Valley Athletic Association (CVAA) basketball; Dime Valley Winter City League (own),community club,,,,,,FB @2008; FB @dimevalleybasketball; IG @dimevalleybasketball,,,,,,,"census-2026-07,website-scrape",2,2,,,Dime Valley Basketball,https://www.dimevalleybasketball.ca/programs,yes,yes,canadian-tld,2026-07,,youth,
Drive & Dish Basketball Club,British Columbia,Surrey,source,Metro Vancouver & Fraser Valley,https://drivendish.com/,info@drivendish.com,778-822-4966,Youth Coed Basketball League (joint with NV Ballers / N.W. Sports Club),community nonprofit,,,,,,,,,,,,,census-2026-07,1,1,,,Drive & Dish Basketball Club,https://drivendish.com/,yes,,unverified-single-source-non-ca,2026-07,,youth,
DRIVE Basketball,British Columbia,Surrey,source,Metro Vancouver & Fraser Valley,https://drivebasketball.com/,,604-670-4340,DRIVE Basketball League (DBL); DRIVE in-house spring leagues; in-house spring leagues (own),private academy / league operator,,,,,,FB @DRIVE.Basketball; FB @DRIVEBasketball; IG @drivebasketball,,,,,,,"census-2026-07,website-scrape",2,2,,,DRIVE Basketball,https://drivebasketball.com/,yes,yes,website-corroborated,2026-07,,youth,
Dynamite Basketball,British Columbia,Vancouver,source,Metro Vancouver,https://www.dynamitebasketball.com,,,,private academy,,,,,,IG @dynamitebasketball,,,,,,,"census-2026-07,website-scrape",2,2,,,Dynamite Basketball,https://basketball604.com/basketball-clubs/,,yes,website-corroborated,2026-07,,youth,
East Kootenay Basketball Camp (Kanikkerz),British Columbia,Cranbrook,source,BC Interior — East Kootenay,https://kanikkerz.wixsite.com/ekbasketballcamp,,,,private academy,,,,,,,,,,,,,census-2026-07,1,1,,,East Kootenay Basketball Camp (Kanikkerz),https://kanikkerz.wixsite.com/ekbasketballcamp/executives,,,unverified-single-source-non-ca,2026-07,,youth,
EK Hoops Training,British Columbia,Surrey,source,Metro Vancouver,https://www.ekhoopstraining.com,,,,private academy,,,,,,,,,,,,,census-2026-07,1,1,,,EK Hoops Training,https://basketball604.com/basketball-clubs/,,,unverified-single-source-non-ca,2026-07,,youth,
ELEVATE Basketball,British Columbia,Langley,source,Metro Vancouver & Fraser Valley,https://elevateyourgame.ca/,elevateyourgame.info@gmail.com,,,private academy,,,,,,FB @ElevateBask; FB @elevateyourgame; IG @elevatebask; IG @pureshooting,,,,,,,"census-2026-07,website-scrape",2,2,,,ELEVATE Basketball,https://elevateyourgame.ca/,yes,yes,canadian-tld,2026-07,,youth,
ELEVATE Basketball Inc.,British Columbia,Surrey (South Surrey / White Rock),source,Metro Vancouver,http://elevateyourgame.ca,elevateyourgame.info@gmail.com,,,private academy,,,,,,FB @ElevateBask; FB @elevateyourgame; IG @elevatebask; IG @pureshooting,,,,,,,"census-2026-07,website-scrape",2,2,,,ELEVATE Basketball Inc.,https://elevateyourgame.ca/program-calendar/surrey-b-c/south-surrey-club-teams/,yes,yes,canadian-tld,2026-07,,youth,
Eli Pasquale Basketball / Champions Academy,British Columbia,Victoria,source,Vancouver Island,https://www.elipasquale.com/,,(250) 592-4038,V&DABA Night League (Victoria and District Amateur Basketball Association); Victoria Night League (V&DABA),private academy,,,,,,IG @elipasqualebasketball,,,,,,,"census-2026-07,website-scrape",2,2,,,Eli Pasquale Basketball / Champions Academy,https://www.elipasquale.com/,yes,yes,website-corroborated,2026-07,,youth,
Enver Cats,British Columbia,Surrey,source,Metro Vancouver (Fraser Valley region per PSO),,reid_g@surreyschools.ca,,,community nonprofit,,,,,,,,,,,,,census-2026-07,1,1,,,Enver Cats,https://basketball.bc.ca/clubs/member-clubs-2025-26/,yes,,no-website,2026-07,,youth,
Excel Basketball,British Columbia,Port Coquitlam,source,Metro Vancouver & Fraser Valley,https://excelbasketball.com/,info@excelbasketball.com,604-809-1876,AAU circuit; EYBL 3x3 Youth League (own),private academy / league operator,49.1913466,-122.8490125,,ChIJW6c_TQPchVQR4JjVq5hIi9I,APPROXIMATE,,,,,,"Surrey, BC, Canada",,"census-2026-07,geocode",2,2,,,Excel Basketball,https://maps.googleapis.com/maps/api/geocode/json,yes,,unverified-single-source-non-ca,2026-07,,youth,
Excel Basketball,British Columbia,Surrey,source,Metro Vancouver,https://excelbasketball.com/,info@excelbasketball.com,778-222-0795,,private academy,,,,,,,,,,,,,census-2026-07,1,1,,,Excel Basketball,https://excelbasketball.com/,yes,,unverified-single-source-non-ca,2026-07,,youth,
F.O.R.M. Basketball,British Columbia,Vancouver,source,Metro Vancouver,https://formbasketball.com,coaches@formbasketball.com,,,private academy,,,,,,FB @FORMBasketball; FB @formbasketball; IG @f.o.r.m._basketball,,,,,,,"census-2026-07,website-scrape",2,2,,,F.O.R.M. Basketball,https://basketball604.com/basketball-clubs/,yes,yes,website-corroborated,2026-07,,youth,
Falcons Basketball Club,British Columbia,Surrey,source,Metro Vancouver,,,,,private academy,,,,,,,,,,,,,census-2026-07,1,1,,,Falcons Basketball Club,https://basketball604.com/basketball-clubs/,,,no-website,2026-07,,youth,
Fastbreak Basketball BC,British Columbia,Burnaby,source,Metro Vancouver & Fraser Valley,https://www.fastbreakbasketballbc.ca,info@fastbreakbasketball.org,,,private academy,,,,,,,,,,,,,census-2026-07,1,1,,,Fastbreak Basketball BC,https://basketball604.com/basketball-clubs/,yes,yes,canadian-tld,2026-07,,youth,
Fernie Elevate Basketball,British Columbia,Fernie,source,BC — Kootenays (East Kootenay) (Interior & North),https://www.ferniebasketball.com/,fernieelevatebball@gmail.com,,AYBC — Association of Alberta Youth Basketball Clubs (tournament listings/events),community club,,,,,,,,,,,,,census-2026-07,1,1,,,Fernie Elevate Basketball,https://www.ferniebasketball.com/,yes,,unverified-single-source-non-ca,2026-07,,youth,
Finish Strong Basketball,British Columbia,Vancouver,source,Metro Vancouver,http://finishstrongbasketball.ca,team@finishstrongbasketball.ca,,,private academy,,,,,,,,,,,,,"census-2026-07,website-scrape",2,2,,,Finish Strong Basketball,https://basketball604.com/basketball-clubs/,yes,yes,canadian-tld,2026-07,,youth,
Flight Basketball (Flight Basketball Academy),British Columbia,Victoria,source,"Vancouver Island, BC",https://www.flightbasketball.ca/,info@flightbasketball.ca,,Jr. NBA (Canada Basketball program); V&DABA Night League (Victoria and District Amateur Basketball Association),private academy,,,,,,FB @Flightbballvic; FB @flightbasketballvictoria; IG @flightbasketballvictoria,,,,,,,"census-2026-07,website-scrape",2,2,,,Flight Basketball (Flight Basketball Academy),https://www.flightbasketball.ca/,yes,yes,canadian-tld,2026-07,,youth,
Fort St. John Basketball Association (FSJ Flight Basketball),British Columbia,Fort St. John,source,BC North — Northeast (Peace),https://fsjflight.ca/,info@fsjflight.ca,,FSJ Flight recreational leagues (own); FSJ Flight recreational leagues U7–U18 (own); Northern Hoops Classic (hosts),community nonprofit,,,,,,FB @FSJClubBasketball; IG @fsj_flight_basketball_club,,,,,,,"census-2026-07,website-scrape",2,2,,,Fort St. John Basketball Association (FSJ Flight Basketball),https://fsjflight.ca/,yes,yes,canadian-tld,2026-07,,youth,
Fraser Valley Basketball Association,British Columbia,Surrey,source,Metro Vancouver & Fraser Valley,https://sites.google.com/site/fvbasketball/,basketballfv@gmail.com,(778) 833-3822,,community nonprofit,,,,,,,,,,,,,census-2026-07,1,1,,,Fraser Valley Basketball Association,https://sites.google.com/site/fvbasketball/,yes,,unverified-single-source-non-ca,2026-07,,youth,
Fraser Valley Unity Ball,British Columbia,,,Fraser Valley,https://www.facebook.com/fvbball/,jackiecraven7@gmail.com,,,community nonprofit,,,,,,FB @fvbball,,,,,,,"census-2026-07,website-scrape",2,3,,,Fraser Valley Unity Ball,https://basketball.bc.ca/clubs/member-clubs-2025-26/,yes,yes,website-corroborated,2026-07,,youth,
Friday Nite Basketball (Athletes in Action),British Columbia,Abbotsford,source,Fraser Valley,https://athletesinaction.ca/friday-night-basketball/,fnb@athletesinaction.ca,(604) 514-2074,,community nonprofit,,,,,,,,,,,,,census-2026-07,1,1,,,Friday Nite Basketball (Athletes in Action),https://basketball604.com/basketball-clubs/,yes,yes,canadian-tld,2026-07,,youth,
Fundamentals BC (Fundamentals Basketball Club),British Columbia,Surrey,source,Metro Vancouver & Fraser Valley,https://www.fundamentalsbc.com/,,6046702322,FBC Developmental Basketball League (own),private academy,,,,,,,,,,,,,"census-2026-07,website-scrape",2,4,,,Fundamentals BC (Fundamentals Basketball Club) | Fundamentals Basketball Club (Fundamentals BC),https://www.fundamentalsbc.com/,yes,yes,website-corroborated,2026-07,,youth,
Future Bounce Basketball,British Columbia,Vancouver,source,Metro Vancouver,https://www.futurebounce.ca,futurebouncebasketball@gmail.com,,,private academy,,,,,,FB @2008; IG @futurebounce.ca; IG @futurebouncebasketball,,,,,,,"census-2026-07,website-scrape",2,2,,,Future Bounce Basketball,https://basketball604.com/basketball-clubs/,yes,yes,canadian-tld,2026-07,,youth,
FV Prep,British Columbia,Abbotsford,source,Fraser Valley,https://fvprep.com/,fvprep@gmail.com,778-246-6496,,private academy,,,,,,,,,,,,,census-2026-07,1,1,,,FV Prep,https://fvprep.com/,yes,,unverified-single-source-non-ca,2026-07,,youth,
FYBA — Fundamental Youth Basketball Academy,British Columbia,Vernon / Kelowna / Penticton (multi-site Okanagan),source,BC — Thompson-Okanagan (Interior & North),https://www.fyba.ca/,,,FYBA Fall League Kelowna (in-house); FYBA Fall League Vernon (in-house),private academy,,,,,,,,,,,,,census-2026-07,1,1,,,FYBA — Fundamental Youth Basketball Academy,https://www.fyba.ca/39-fall-league-vernon,,yes,canadian-tld,2026-07,,youth,
G2 Athletics,British Columbia,Burnaby,source,Metro Vancouver & Fraser Valley,https://g2athletics.com/,info@g2athletics.com,604-354-0645,UNCLEDREW Circuit x G2 Elite PRSPX,multi-sport org / private academy,,,,,,,,,,,,,census-2026-07,1,1,,,G2 Athletics,https://g2athletics.com/,yes,,unverified-single-source-non-ca,2026-07,,youth,
GG Wolves Basketball Skills Academy,British Columbia,Vancouver,source,Metro Vancouver (Vancouver-Coastal),,rpennington.basketball@gmail.com,,,private academy,,,,,,,,,,,,,census-2026-07,1,1,,,GG Wolves Basketball Skills Academy,https://basketball.bc.ca/clubs/member-clubs-2025-26/,yes,,no-website,2026-07,,youth,
Golden Bears,British Columbia,Fraser River region — Surrey/Delta/Richmond/New West,source,Metro Vancouver,,,,,community nonprofit,,,,,,,,,,,,,census-2026-07,1,2,,,Golden Bears,https://basketball.bc.ca/clubs/member-clubs-2025-26/,,,no-website,2026-07,,youth,
Grit Performance Athletics,British Columbia,Vancouver,source,Metro Vancouver,https://www.builtongrit.com,info@builtongrit.com,604-834-4880,,private academy,,,,,,,,,,,,,census-2026-07,1,1,,,Grit Performance Athletics,https://basketball604.com/basketball-clubs/,yes,,unverified-single-source-non-ca,2026-07,,youth,
Gryphons Basketball,British Columbia,Victoria,source,Vancouver Island,https://www.gryphonsbasketball.net,academy@gryphonsbasketball.net,,V&DABA Night League (Victoria and District Amateur Basketball Association),community nonprofit,,,,,,,,,,,,,census-2026-07,1,1,,,Gryphons Basketball,https://www.vicbball.com/contact-page.html,yes,,unverified-single-source-non-ca,2026-07,,youth,
GW Hoops (GoodWin Hoops),British Columbia,Kelowna,source,BC Interior — Okanagan,https://www.goodwinhoops.com/,dani@goodwinhoops.com,,GW Hoops in-house winter/spring/fall/summer leagues; GW Hoops internal Spring/Fall/Summer Leagues; Okanagan Basketball League; regional tournament circuits (incl. Kelowna Hoopfest),private academy,,,,,,FB @2008; IG @gwhoops,,,,,,,"census-2026-07,website-scrape",2,4,,,GW Hoops (GoodWin Hoops) | Goodwin Hoops (GW Hoops),https://www.goodwinhoops.com/,yes,yes,website-corroborated,2026-07,,youth,
Harbour City Elite,British Columbia,Nanaimo,source,"Vancouver Island, BC",,chrisjoseph12@gmail.com,,,rep/club program (structure not published),,,,,,,,,,,,,census-2026-07,1,1,,,Harbour City Elite,https://basketball.bc.ca/clubs/member-clubs-2025-26/,yes,,no-website,2026-07,,youth,
Hustle Basketball (Sea to Sky),British Columbia,Squamish,source,"Sea to Sky (Squamish, Whistler, Pemberton)",https://hustlebasketball.ca/,,604-907-2024,Squamish Youth Basketball; Whistler Youth Basketball,private academy,,,,,,FB @hustlebasketballfamily; IG @squamishhustlebasketball,,,,,,,"census-2026-07,website-scrape",2,2,,,Hustle Basketball (Sea to Sky),https://hustlebasketball.ca/,yes,yes,canadian-tld,2026-07,,youth,
Impact Hoops,British Columbia,Langley,source,Metro Vancouver & Fraser Valley,https://www.impacthoops.ca/,info@impacthoops.ca,778-808-5170,Impact Hoops Winter League (own),private academy,,,,,,FB @impacthoops; IG @impacthoops,,,,,,,"census-2026-07,website-scrape",2,2,,,Impact Hoops,https://www.impacthoops.ca/,yes,yes,canadian-tld,2026-07,,youth,
Inspire Basketball Club,British Columbia,Abbotsford,source,Metro Vancouver & Fraser Valley,https://www.inspirebasketballclub.com,,,,private academy,,,,,,,,,,,,,census-2026-07,1,1,,,Inspire Basketball Club,https://basketball604.com/basketball-clubs/,,,unverified-single-source-non-ca,2026-07,,youth,
Island Swish,British Columbia,Nanaimo,source,Vancouver Island,https://islandswish.com/,info@islandswish.com,,Island Swish (Nanaimo rec; Island Swish rec league (own; Nanaimo); Vancouver Island / Lower Mainland / US club tournament circuit; club basketball),community program (private/nonprofit status unpublished),,,,,,,,,,,,,census-2026-07,1,1,,,Island Swish,https://islandswish.com/,yes,,unverified-single-source-non-ca,2026-07,,youth,
J-Hawks Basketball Program (Kootenay Basketball),British Columbia,Castlegar,source,BC Interior — West Kootenay,http://www.kootenaybasketball.com,jhawksbasketballprogram@gmail.com,250-231-6682,regional tournament circuit (Basketball BC affiliated),community nonprofit,,,,,,,,,,,,,census-2026-07,1,2,,,J-Hawks Basketball Program (Kootenay Basketball) | Kootenay Basketball / J-Hawks Basketball Program,http://www.kootenaybasketball.com,yes,,unverified-single-source-non-ca,2026-07,,youth,
Journey Basketball,British Columbia,Vancouver,source,Metro Vancouver,http://www.journeybasketball.ca,journeybasketball2020@gmail.com,,,private academy,,,,,,FB @2008; FB @journeybasketball2020; IG @journey_basketball,,,,,,,"census-2026-07,website-scrape",2,2,,,Journey Basketball,https://basketball604.com/basketball-clubs/,yes,yes,canadian-tld,2026-07,,youth,
JR Basketball Club,British Columbia,Langley,source,Metro Vancouver & Fraser Valley,https://www.jrbasketballclub.com,,,,private academy,,,,,,,,,,,,,census-2026-07,1,1,,,JR Basketball Club,https://basketball604.com/basketball-clubs/,,,unverified-single-source-non-ca,2026-07,,youth,
JR Cascades Basketball (UFV),British Columbia,Abbotsford,source,Fraser Valley,https://gocascades.ca/sports/jr-cascades,,604-504-7441,,community nonprofit,,,,,,FB @UFVCascades; FB @intent; IG @ufvcascades,,,,,,,"census-2026-07,website-scrape",2,2,,,JR Cascades Basketball (UFV),https://basketball604.com/basketball-clubs/,yes,yes,canadian-tld,2026-07,,youth,
Jumpshot Basketball Academy (Titans Basketball Club; also operates as Bears Basketball Academy),British Columbia,Victoria,source,"Vancouver Island, BC",https://www.jumpshotbasketball.org/,,(250) 999-9380,BC/Alberta/Ontario/US club tournaments; V&DABA Night League (Victoria and District Amateur Basketball Association); Victoria Night League (V&DABA),private academy,,,,,,,,,,,,,census-2026-07,1,1,,,Jumpshot Basketball Academy (Titans Basketball Club; also operates as Bears Basketball Academy),https://www.jumpshotbasketball.org/,yes,,unverified-single-source-non-ca,2026-07,,youth,
Junior Coyotes Basketball,British Columbia,Kelowna,source,BC — Thompson-Okanagan (Interior & North),https://www.gocoyotes.ca/,andrew@juniorcoyotes.com,250-575-7731,Junior Coyotes Basketball leagues (3v3; club),private academy,,,,,,,,,,,,,census-2026-07,1,1,,,Junior Coyotes Basketball,https://www.gocoyotes.ca/,yes,yes,canadian-tld,2026-07,,youth,
Junior Timberwolves Basketball (UNBC),British Columbia,Prince George,source,BC — Cariboo North-East (Interior & North),https://www.juniortimberwolves.com/,todd.jordan@unbc.ca,250-960-5882,Alberta youth tournament circuit; BC,university-affiliated youth club program,,,,,,,,,,,,,census-2026-07,1,1,,,Junior Timberwolves Basketball (UNBC),https://www.juniortimberwolves.com/,yes,,unverified-single-source-non-ca,2026-07,,youth,
Just Real Ballers,British Columbia,Vancouver,source,Metro Vancouver,https://www.instagram.com/justrealballers/,westendcc2020@gmail.com,604-257-8333,,private academy,,,,,,,,,,,,,census-2026-07,1,1,,,Just Real Ballers,https://basketball604.com/basketball-clubs/,yes,,unverified-single-source-non-ca,2026-07,,youth,
K.T.B. Performance,British Columbia,Abbotsford,source,Fraser Valley,https://www.ktbpt.com,,,,private academy,,,,,,,,,,,,,census-2026-07,1,1,,,K.T.B. Performance,https://basketball604.com/basketball-clubs/,,,unverified-single-source-non-ca,2026-07,,youth,
Kamloops Hoops,British Columbia,Kamloops,source,BC — Thompson-Okanagan (Interior & North),https://kamloopshoops.com/,ryan@kamloopshoops.com,250.819.4335,Kamloops Hoops Groups & Leagues,private academy,,,,,,,,,,,,,census-2026-07,1,1,,,Kamloops Hoops,https://kamloopshoops.com/club-teams/,yes,,unverified-single-source-non-ca,2026-07,,youth,
Kamloops Kings Court,British Columbia,Kamloops,source,BC — Thompson-Okanagan (Interior & North),https://kamloopskingscourt.leagueapps.com/,,,Kamloops Kings Court 3x3 Youth City Basketball League (own),private league operator / academy,,,,,,,,,,,,,census-2026-07,1,1,,,Kamloops Kings Court,https://kamloopskingscourt.leagueapps.com/,,,unverified-single-source-non-ca,2026-07,,youth,
Kelowna Minor Basketball Association (KMBA),British Columbia,Kelowna,source,BC Interior — Okanagan,https://www.kelownaminorbasketball.com/,mattatkmba@gmail.com,778-363-1909,Jr. NBA Canada; Kelowna Minor Basketball Association (KMBA) League,community nonprofit,49.863562,-119.490752,,,,,,,,,,,"census-2026-07,jrnba-2019",2,3,,,Kelowna Minor Basketball Association | Kelowna Minor Basketball Association (KMBA),https://www.kelownaminorbasketball.com/,yes,,unverified-single-source-non-ca,2026-07,,youth,
Kids Basketball Club UBC,British Columbia,Vancouver,source,Metro Vancouver (UBC),https://ysbc.bms-1.com,info.recreation@ubc.ca,604-822-6000,,private academy,,,,,,,,,,,,,census-2026-07,1,1,,,Kids Basketball Club UBC,https://basketball604.com/basketball-clubs/,yes,,unverified-single-source-non-ca,2026-07,,youth,
L.E.A.D. Basketball Academy,British Columbia,Abbotsford,source,Metro Vancouver & Fraser Valley,https://leadbasketballacademy.wordpress.com,claggettkyle@gmail.com,604-614-8131,,private academy,,,,,,,,,,,,,census-2026-07,1,1,,,L.E.A.D. Basketball Academy,https://basketball604.com/basketball-clubs/,yes,,unverified-single-source-non-ca,2026-07,,youth,
L2G Basketball Athletics,British Columbia,Surrey,source,Metro Vancouver & Fraser Valley,https://l2gbasketball.ca,,,,private academy,,,,,,,,,,,,,census-2026-07,1,1,,,L2G Basketball Athletics,https://basketball604.com/basketball-clubs/,,yes,canadian-tld,2026-07,,youth,
Lake City Basketball (Lake City Hoops),British Columbia,Penticton,source,BC Interior — Okanagan (South Okanagan),https://www.lakecitybasketball.ca/,lake.city.hoops@gmail.com,250-460-2230,BC Interior; Lake City development leagues (own; Lake City spring league (own); Lower Mainland tournament circuit; Premiere Hoops Circuit (PHC); South Okanagan youth league — 10th season 2025),private academy,,,,,,,,,,,,,census-2026-07,1,1,,,Lake City Basketball (Lake City Hoops),https://www.lakecitybasketball.ca/,yes,yes,canadian-tld,2026-07,,youth,
Legacy North Academy,British Columbia,Enderby (North Okanagan/Shuswap area),source,BC — Thompson-Okanagan (Interior & North),https://www.legacynorthacademy.com/,ben@legacynorthacademy.com,,,private academy,50.5502969,-119.1401156,,ChIJpQIMQDaIflMR2JNbJVnRYhk,APPROXIMATE,,,,,,"Enderby, BC, Canada",,"census-2026-07,geocode",2,2,,,Legacy North Academy,https://maps.googleapis.com/maps/api/geocode/json,yes,,unverified-single-source-non-ca,2026-07,,youth,
MacHoops Basketball,British Columbia,Richmond,source,Metro Vancouver & Fraser Valley,https://twitter.com/machoopsbball,landondy_11@yahoo.com,,,private academy,,,,,,FB @machoopsbball,,,,,,,"census-2026-07,website-scrape",2,2,,,MacHoops Basketball,https://basketball604.com/basketball-clubs/,yes,yes,website-corroborated,2026-07,,youth,
Maple Ridge Youth Basketball Association,British Columbia,Maple Ridge,source,Fraser Valley / Metro Vancouver,,,,Maple Ridge Youth Basketball Association league (own),community nonprofit,,,,,,,,,,,,,census-2026-07,1,1,,,Maple Ridge Youth Basketball Association,https://www.vancouversports.com/basketball/maple-ridge-basketball.php,,,no-website,2026-07,,youth,
Mecca Sports Basketball,British Columbia,Richmond,source,Metro Vancouver,https://meccasports.ca,angelo@meccasports.ca,,,private academy,,,,,,IG @meccasports_vancouver,,,,,,,"census-2026-07,website-scrape",2,2,,,Mecca Sports Basketball,https://basketball604.com/basketball-clubs/,yes,yes,canadian-tld,2026-07,,youth,
Merritt Youth Basketball Association,British Columbia,Merritt,source,BC — Thompson-Okanagan (Nicola Valley) (Interior & North),https://www.facebook.com/p/Merritt-Youth-Basketball-Association-100054551556129/,,,,community nonprofit,,,,,,FB @contactus,,,,,,,"census-2026-07,website-scrape",2,2,,,Merritt Youth Basketball Association,https://www.facebook.com/p/Merritt-Youth-Basketball-Association-100054551556129/,,yes,website-corroborated,2026-07,,youth,
Mission Basketball,British Columbia,Mission,source,Fraser Valley,https://missionbasketball.ca/,info@missionbasketball.ca,,Junior All Native Tournament (JANT) — Bandits Basketball Fest; Mission Basketball Youth League (own),community nonprofit,,,,,,IG @missionbcbasketball,,,,,,,"census-2026-07,website-scrape",2,2,,,Mission Basketball,https://missionbasketball.ca/,yes,yes,canadian-tld,2026-07,,youth,
More Heart Basketball,British Columbia,Vancouver,source,Metro Vancouver,https://www.facebook.com/MoreHeartBasketball/,,,,private academy,,,,,,FB @MoreHeartBasketball,,,,,,,"census-2026-07,website-scrape",2,2,,,More Heart Basketball,https://basketball604.com/basketball-clubs/,,yes,website-corroborated,2026-07,,youth,
N.W. Sports Club Society (Ballers Basketball),British Columbia,Port Coquitlam,source,Metro Vancouver (Tri-Cities; PSO lists Vancouver-Coastal),https://nwsportsclub.ca,sassanrakhshani@yahoo.com,,BCCBA / BC Hoops (BC Club Basketball Association),multi-sport org,,,,,,FB @nwsportsclub; FB @page; IG @nw_sports_club,,,,,,,"census-2026-07,website-scrape",2,2,,,N.W. Sports Club Society (Ballers Basketball),https://nwsportsclub.ca/leagues,yes,yes,canadian-tld,2026-07,,youth,
Nak'azdli Trees (youth basketball team),British Columbia,Fort St. James,source,BC — Cariboo North-East (Interior & North),,,250-996-2260,Junior All Native Tournament (JANT),First Nations community youth team,,,,,,,,,,,,,census-2026-07,1,1,,,Nak'azdli Trees (youth basketball team),https://www.myprincegeorgenow.com/246750/news/sports/nearly-130-teams-coming-to-pg-for-junior-all-native-basketball-tournament/,yes,,no-website,2026-07,,youth,
NBN Basketball (Nothin' but Net),British Columbia,"Kaleden (serves Penticton, Oliver, Summerland)",source,BC Interior — Okanagan (South Okanagan),https://nbnbasketball.ca/,smckay15@gmail.com,604-612-4268,NBN Mini-Ball league (own),private academy,49.397805,-119.605135,V0H 1K0,ChIJFf9rWACLglQRZ7xfprSeXkM,APPROXIMATE,,,,,,"Kaleden, BC V0H 1K0, Canada",,"census-2026-07,geocode",2,2,,,NBN Basketball (Nothin' but Net),https://maps.googleapis.com/maps/api/geocode/json,yes,yes,canadian-tld,2026-07,,youth,
Nelson Hoops Association,British Columbia,Nelson,source,BC — Kootenays (Interior & North),https://nelsonhoops.com,nelsonyouthbasketball@gmail.com,,Castlegar Basketball rec league (operated by NHA); Castlegar Basketball rec league (own); Nelson Hoops house league (own); Nelson Youth Basketball rec league (own); Premiere Hoops Circuit (PHC),community nonprofit,,,,,,,,,,,,,"census-2026-07,website-scrape",2,2,,,Nelson Hoops Association,https://nelsonhoops.com,yes,yes,website-corroborated,2026-07,,youth,
New Heights Basketball Academy (Okanagan programs),British Columbia,North Vancouver (per basketball604; Basketball BC registry lists it in Thompson-Okanagan),source,BC Interior — Okanagan,https://www.newheightsbasketball.com/,kaitlyn@newheightsbasketball.com,604-440-9224,,private academy,,,,,,,,,,,,,census-2026-07,1,3,,,New Heights Basketball Academy | New Heights Basketball Academy (Okanagan programs),https://www.newheightsbasketball.com/home,yes,,unverified-single-source-non-ca,2026-07,,youth,
New West Elite Basketball,British Columbia,New Westminster,source,Metro Vancouver,https://www.newwestbasketball.com/,info@newwestbasketball.com,,,community nonprofit,,,,,,FB @2008; FB @NEWWESTELITE; IG @nwelitebball,,,,,,,"census-2026-07,website-scrape",2,2,,,New West Elite Basketball,https://www.newwestbasketball.com/,yes,yes,website-corroborated,2026-07,,youth,
Next Gen Training Basketball Academy (Genesis Athletics Club),British Columbia,Kelowna,source,BC Interior — Okanagan,https://nextgentraining.ca/basketball-academy,jadon@nextgentraining.ca,236-457-3113,,private academy,,,,,,,,,,,,,census-2026-07,1,1,,,Next Gen Training Basketball Academy (Genesis Athletics Club),https://nextgentraining.ca/basketball-academy,yes,yes,canadian-tld,2026-07,,youth,
Next Generation Athletics,British Columbia,Surrey,source,Metro Vancouver & Fraser Valley,https://www.nextgenerationathletics.ca/,info@nextgenerationathletics.ca,,,private academy,,,,,,,,,,,,,census-2026-07,1,1,,,Next Generation Athletics,https://www.nextgenerationathletics.ca/,yes,yes,canadian-tld,2026-07,,youth,
Night Hoops Basketball Society,British Columbia,Vancouver,source,Metro Vancouver,https://www.nighthoops.ca/,info@nighthoops.ca,,Night Hoops league (own); Night Hoops leagues (own),community nonprofit,,,,,,FB @nighthoops; IG @nighthoops,,,,,,,"census-2026-07,website-scrape",2,2,,,Night Hoops Basketball Society,https://www.nighthoops.ca/about-us,yes,yes,canadian-tld,2026-07,,youth,
North Delta Basketball Association (NDBA),British Columbia,Delta (North Delta),source,Metro Vancouver,https://deltabasketball.com,ndbainfo@gmail.com,(672) 755-2121,North Delta Basketball Association (own programs/games); North Delta Basketball Association league (own),community nonprofit,49.09521549999999,-123.0264759,,ChIJtwKI2-H8hVQRm63IwyoFr-c,APPROXIMATE,,,,,,"Delta, BC, Canada",,"census-2026-07,geocode",2,2,,,North Delta Basketball Association (NDBA),https://maps.googleapis.com/maps/api/geocode/json,yes,,unverified-single-source-non-ca,2026-07,,youth,
North Langley Basketball Association (NLBA),British Columbia,Langley,source,Fraser Valley,https://northlangleybasketball.ca,admin@northlangleybasketball.ca,,North Langley Basketball Association (NLBA) League; North Langley Basketball Association (NLBA) League (own),community nonprofit,,,,,,,,,,,,,"census-2026-07,website-scrape",2,2,,,North Langley Basketball Association (NLBA),https://northlangleybasketball.ca/about-us/,yes,yes,canadian-tld,2026-07,,youth,
North Shore Basketball Academy,British Columbia,North Vancouver,source,Metro Vancouver & Fraser Valley,https://www.northshorebasketballacademy.com/,info@northshorebasketballacademy.com,778-322-3529,,private academy,,,,,,,,,,,,,census-2026-07,1,1,,,North Shore Basketball Academy,https://www.northshorebasketballacademy.com/,yes,,unverified-single-source-non-ca,2026-07,,youth,
North Surrey Basketball Club (NSBC),British Columbia,Surrey,source,Metro Vancouver & Fraser Valley,https://nsbc.ca/,nsbasketballclub@gmail.com,778-859-2372,North Surrey Basketball Club Youth League; North Surrey Basketball Club Youth League (own),community nonprofit / league operator,,,,,,,,,,,,,census-2026-07,1,1,,,North Surrey Basketball Club (NSBC),https://nsbc.ca/,yes,yes,canadian-tld,2026-07,,youth,
North Vancouver Basketball Club,British Columbia,North Vancouver,source,Metro Vancouver (North Shore),https://www.facebook.com/North-Vancouver-Basketball-Club-1401374406740781/,,,,community nonprofit,,,,,,,,,,,,,census-2026-07,1,1,,,North Vancouver Basketball Club,https://basketball604.com/basketball-clubs/,,,unverified-single-source-non-ca,2026-07,,youth,
Northern Bounce Sports Academy,British Columbia,Prince George (HQ) + Kamloops division,source,BC — Cariboo North-East / Thompson-Okanagan (Interior & North),https://northernbounce.com/,hoops@northernbounce.com,,Canadian club basketball national championships (travel teams); Northern Bounce elementary leagues (in-house),private academy,,,,,,FB @2008,,,,,,,"census-2026-07,website-scrape",2,2,,,Northern Bounce Sports Academy,https://northernbounce.com/,yes,yes,website-corroborated,2026-07,,youth,
Northside Attack Athletics,British Columbia,Burnaby,source,Metro Vancouver (Burnaby/New West + Pitt Meadows/Maple Ridge programs),https://northsideattack.com,info@northsideattack.com,,,private academy,49.2190648,-122.6895165,,ChIJ8bN05z7UhVQRAAzUlOPgPZU,APPROXIMATE,FB @2008; FB @northsideattack; IG @northsideattack,,,,,"Pitt Meadows, BC, Canada",,"census-2026-07,geocode,website-scrape",3,5,,,Northside Attack Athletics,https://maps.googleapis.com/maps/api/geocode/json,yes,yes,website-corroborated,2026-07,,youth,
NV Ballers Basketball Club (N.W. Sports Club Society),British Columbia,North Vancouver,source,Metro Vancouver & Fraser Valley,https://nwsportsclub.ca/ballers-basketball,info@indiantypefoundry.com,,BCCBA / BC Hoops (BC Club Basketball Association); Youth Coed Basketball League (joint with Drive & Dish Basketball Club),community nonprofit (society),,,,,,FB @nwsportsclub; FB @page; IG @nw_sports_club,,,,,,,"census-2026-07,website-scrape",2,2,,,NV Ballers Basketball Club (N.W. Sports Club Society),https://nwsportsclub.ca/ballers-basketball,yes,yes,canadian-tld,2026-07,,youth,
Open Court Training Academy,British Columbia,Abbotsford,source,Fraser Valley,https://www.open-court.ca,,,,private academy,,,,,,,,,,,,,census-2026-07,1,1,,,Open Court Training Academy,https://basketball604.com/basketball-clubs/,,yes,canadian-tld,2026-07,,youth,
Pacific Waves Basketball,British Columbia,Surrey,source,Metro Vancouver,,,,,private academy,,,,,,,,,,,,,census-2026-07,1,1,,,Pacific Waves Basketball,https://basketball604.com/basketball-clubs/,,,no-website,2026-07,,youth,
Panther Hoops,British Columbia,Coquitlam,source,Metro Vancouver,https://www.pantherhoops.ca,info@pantherhoops.ca,(236) 428-3865,,private academy,49.2628382,-122.7810708,,ChIJ1Z_W3v7VhVQRs7gZu8BFnaE,APPROXIMATE,,,,,,"Port Coquitlam, BC, Canada",,"census-2026-07,geocode",2,2,,,Panther Hoops,https://maps.googleapis.com/maps/api/geocode/json,yes,yes,canadian-tld,2026-07,,youth,
Panther Hoops,British Columbia,Port Coquitlam,source,Metro Vancouver & Fraser Valley,https://www.pantherhoops.ca,info@pantherhoops.ca,(236) 428-3865,,private academy,,,,,,,,,,,,,census-2026-07,1,1,,,Panther Hoops,https://basketball604.com/basketball-clubs/,yes,yes,canadian-tld,2026-07,,youth,
PlayMakers Basketball,British Columbia,Richmond,source,Metro Vancouver & Fraser Valley,https://playmakersbball.com,playmakersbballtraining@gmail.com,,,private academy,,,,,,FB @2008; IG @playmakersbballtraining,,,,,,,"census-2026-07,website-scrape",2,2,,,PlayMakers Basketball,https://basketball604.com/basketball-clubs/,yes,yes,website-corroborated,2026-07,,youth,
Prime' Performance & Therapy (basketball program),British Columbia,Nanaimo,source,"Vancouver Island, BC",https://www.primeperformance.ca/training-program/basketball/,admin@primeperformance.ca,(250) 591-9950,,"private training facility (multi-sport, for-profit)",,,,,,,,,,,,,census-2026-07,1,1,,,Prime' Performance & Therapy (basketball program),https://www.primeperformance.ca/training-program/basketball/,yes,yes,canadian-tld,2026-07,,youth,
Prince George Minor Basketball Association (PGMBA),British Columbia,Prince George,source,BC — Cariboo North-East (Interior & North),http://www.pgminorbasketball.com/,pgminorbasketball@gmail.com,,Prince George Minor Basketball Association (PGMBA); Prince George Minor Basketball Association (PGMBA) league (own),community nonprofit,,,,,,,,,,,,,"census-2026-07,website-scrape",2,2,,,Prince George Minor Basketball Association (PGMBA),http://www.pgminorbasketball.com/,yes,yes,website-corroborated,2026-07,,youth,
Prince Rupert Minor Basketball Association (PRMBA),British Columbia,Prince Rupert,source,BC — North West (Interior & North),https://www.princerupert.ca/index-pages/directory-listings/prince-rupert-minor-basketball,prmba@hotmail.ca,250-627-1781,,community nonprofit,,,,,,,,,,,,,census-2026-07,1,1,,,Prince Rupert Minor Basketball Association (PRMBA),https://www.princerupert.ca/index-pages/directory-listings/prince-rupert-minor-basketball,yes,yes,canadian-tld,2026-07,,youth,
ProHop Basketball Club,British Columbia,Kamloops,source,BC — Thompson-Okanagan (Interior & North),https://vikingsvb.wixsite.com/prohopbasketball,vikingsvb@gmail.com,250-319-4069,64 teams U13–U17); Calgary; Penticton; ProHop 'The Classic' tournament (hosts; Seattle; Vancouver); regional tournament circuit (Kelowna,private academy,,,,,,,,,,,,,census-2026-07,1,1,,,ProHop Basketball Club,https://vikingsvb.wixsite.com/prohopbasketball,yes,,unverified-single-source-non-ca,2026-07,,youth,
Pursuit Sports Club,British Columbia,Vancouver,source,Metro Vancouver,https://www.instagram.com/pursuitsportsclub/,,,,private academy,,,,,,IG @pursuitsportsclub,,,,,,,"census-2026-07,website-scrape",2,2,,,Pursuit Sports Club,https://basketball604.com/basketball-clubs/,,yes,website-corroborated,2026-07,,youth,
Quesnel Youth Basketball Association,British Columbia,Quesnel,source,BC — Cariboo North-East (Interior & North),,,,,community nonprofit,,,,,,,,,,,,,census-2026-07,1,1,,,Quesnel Youth Basketball Association,https://basketball.bc.ca/clubs/member-clubs-2025-26/,,,no-website,2026-07,,youth,
R1ze Athletic Academy,British Columbia,Coquitlam,source,Metro Vancouver & Fraser Valley,https://www.r1zeathleticacademy.com,nishandhanoya@gmail.com,(778) 858-6702,,private academy,,,,,,,,,,,,,census-2026-07,1,1,,,R1ze Athletic Academy,https://basketball604.com/basketball-clubs/,yes,,unverified-single-source-non-ca,2026-07,,youth,
Rain Basketball Academy (RBA),British Columbia,Port Alberni,source,"Vancouver Island, BC",https://www.rainbasketballacademy.com/,rainbasketballacademy@gmail.com,+1-250-257-0724,RBA Run n Gun Youth Basketball League (own); RBA Youth Ignite League (own); Vancouver Island club tournament circuit,private academy,,,,,,,,,,,,,census-2026-07,1,1,,,Rain Basketball Academy (RBA),https://www.rainbasketballacademy.com/,yes,,unverified-single-source-non-ca,2026-07,,youth,
RainCity Basketball,British Columbia,Vancouver,source,Metro Vancouver,https://www.raincitybasketball.ca/,info@raincitybasketball.ca,604-961-5768,The Drip League (own),private academy,,,,,,,,,,,,,census-2026-07,1,1,,,RainCity Basketball,https://www.raincitybasketball.ca/,yes,yes,canadian-tld,2026-07,,youth,
RBL Basketball,British Columbia,Vancouver,source,Metro Vancouver & Fraser Valley,https://rblbasketball.com/,info@rblbasketball.com,236-889-1585,RBL Basketball Leagues; RBL Basketball Leagues (own),private academy / league operator,,,,,,,,,,,,,census-2026-07,1,1,,,RBL Basketball,https://rblbasketball.com/,yes,,unverified-single-source-non-ca,2026-07,,youth,
Rebels-Rebelles Basketball Association (Royal Oak),British Columbia,Saanich (Royal Oak),source,Vancouver Island,https://rebelsrebellesbasketball.com/,rebelsrebelles@gmail.com,,V&DABA Night League (Victoria and District Amateur Basketball Association),community nonprofit,48.4527784,-123.3754551,,ChIJIzGGp-Bzj1QRX_c5OC_1xro,APPROXIMATE,,,,,,"Saanich Core, BC, Canada",,"census-2026-07,geocode,website-scrape",3,3,,,Rebels-Rebelles Basketball Association (Royal Oak),https://maps.googleapis.com/maps/api/geocode/json,yes,yes,website-corroborated,2026-07,,youth,
Revelstoke Youth Basketball Association,British Columbia,Revelstoke,source,BC — Columbia-Shuswap (Interior & North),https://www.revybball.com/,revybball@gmail.com,(250) 814-8663,Revelstoke Youth Basketball in-house divisions (own); Revelstoke in-house Monday-night program,community nonprofit,,,,,,,,,,,,,census-2026-07,1,1,,,Revelstoke Youth Basketball Association,https://www.revybball.com/,yes,,unverified-single-source-non-ca,2026-07,,youth,
Revolution Basketball Club,British Columbia,Abbotsford,source,Fraser Valley (also listed in Maple Ridge directory),https://www.revolutionbasketballclub.com,revolutionbball@gmail.com,604-788-7084,Jr. NBA Canada,private academy,49.2193226,-122.598398,,ChIJyz4BT2HThVQR6ujNMOrDpUc,APPROXIMATE,,,,,,"Maple Ridge, BC, Canada",,"census-2026-07,geocode,jrnba-2019,website-scrape",4,8,,,Revolution Basketball Club,https://maps.googleapis.com/maps/api/geocode/json,yes,yes,website-corroborated,2026-07,,youth,
Rex Sports (youth basketball division),British Columbia,Victoria,source,"Vancouver Island, BC",https://rexsports.ca/,hello@rexsports.ca,,Rex Sports co-ed youth basketball league (own; launching 2026),multi-sport org (private recreational sports company),,,,,,FB @rexsportsvictoria; IG @RexSportsVictoria; IG @rexsports_,,,,,,,"census-2026-07,website-scrape",2,2,,,Rex Sports (youth basketball division),https://rexsports.ca/,yes,yes,canadian-tld,2026-07,,youth,
Richmond Sports Academy,British Columbia,Richmond,source,Metro Vancouver & Fraser Valley,https://www.richmondsportsacademy.com,,,,private academy,,,,,,,,,,,,,census-2026-07,1,1,,,Richmond Sports Academy,https://basketball604.com/basketball-clubs/,,,ambiguous-place-single-source-non-ca,2026-07,,youth,
Richmond Youth Basketball League (RYBL),British Columbia,Richmond,source,Metro Vancouver,https://www.ryblbasketball.ca/,rybl@richmond.ca,778-928-7925,Richmond Youth Basketball League (RYBL); Richmond Youth Basketball League (own),community nonprofit,,,,,,,,,,,,,census-2026-07,1,1,,,Richmond Youth Basketball League (RYBL),https://www.ryblbasketball.ca/,yes,yes,canadian-tld,2026-07,,youth,
Rise Up Ball (R.U.B.),British Columbia,Surrey,source,Metro Vancouver & Fraser Valley,https://www.riseupball.com,,,,private academy,,,,,,,,,,,,,census-2026-07,1,1,,,Rise Up Ball (R.U.B.),https://basketball604.com/basketball-clubs/,,,unverified-single-source-non-ca,2026-07,,youth,
Rookies Sports Club,British Columbia,Surrey,source,Metro Vancouver & Fraser Valley,https://www.rookiessc.ca,,,,private academy,,,,,,,,,,,,,census-2026-07,1,1,,,Rookies Sports Club,https://www.rookiessc.ca,,yes,canadian-tld,2026-07,,youth,
Roots Sports Club,British Columbia,Vernon / Lake Country,source,BC — Thompson-Okanagan (Interior & North),https://www.rootssportsclub.ca/,,,,private academy,,,,,,,,,,,,,census-2026-07,1,1,,,Roots Sports Club,https://www.rootssportsclub.ca/,,yes,canadian-tld,2026-07,,youth,
Saanich Peninsula Amateur Basketball Association (SPABA),British Columbia,Saanich Peninsula (Sidney / Brentwood Bay / North Saanich),source,"Vancouver Island, BC",https://www.saanichpeninsulabasketball.com/,support@saanichpeninsulabasketball.com,,V&DABA Night League (Victoria and District Amateur Basketball Association),community nonprofit,48.5833333,-123.45,V8M 1H3,ChIJQf8tx7Nuj1QR_gdpNx5--xo,APPROXIMATE,FB @spabafb; IG @spaba2026,,,,,"Saanich Peninsula, Capital Regional District, BC V8M 1H3, Canada",,"census-2026-07,geocode,website-scrape",3,3,,,Saanich Peninsula Amateur Basketball Association (SPABA),https://maps.googleapis.com/maps/api/geocode/json,yes,yes,website-corroborated,2026-07,,youth,
Salt Spring Basketball Association,British Columbia,Salt Spring Island,source,"Vancouver Island / Gulf Islands, BC",https://saltspringbasketball.ca/,saltspringbasketball@gmail.com,,,community nonprofit,,,,,,,,,,,,,"census-2026-07,website-scrape",2,2,,,Salt Spring Basketball Association,https://saltspringbasketball.ca/,yes,yes,canadian-tld,2026-07,,youth,
School of Handles Basketball,British Columbia,Vancouver,source,Metro Vancouver,https://schoolofhandles.com,info@schoolofhandles.ca,604-723-1582,,private academy,,,,,,,,,,,,,census-2026-07,1,1,,,School of Handles Basketball,https://basketball604.com/basketball-clubs/,yes,,unverified-single-source-non-ca,2026-07,,youth,
Sevenfold Sport Basketball,British Columbia,Abbotsford,source,Metro Vancouver & Fraser Valley,https://www.sevenfoldbasketball.ca,,,,private academy,,,,,,,,,,,,,census-2026-07,1,1,,,Sevenfold Sport Basketball,https://basketball604.com/basketball-clubs/,,yes,canadian-tld,2026-07,,youth,
Shockers Basketball Academy,British Columbia,Kelowna,source,BC — Thompson-Okanagan (Interior & North),https://shockersacademy.com,coach@shockersacademy.com,250-317-0321,,private academy,,,,,,,,,,,,,census-2026-07,1,1,,,Shockers Basketball Academy,https://shockersacademy.com/about,yes,,unverified-single-source-non-ca,2026-07,,youth,
Shooting Stars,British Columbia,Surrey,source,Metro Vancouver (Fraser River region per PSO),https://www.shootingstarsbasketball.ca/,thibault_z@surreyschools.ca,604-347-5151,,community nonprofit,,,,,,,,,,,,,census-2026-07,1,1,,,Shooting Stars,https://basketball.bc.ca/clubs/member-clubs-2025-26/,yes,yes,canadian-tld,2026-07,,youth,
Shooting Stars Basketball,British Columbia,Richmond,source,Metro Vancouver & Fraser Valley,https://www.facebook.com/ShootingStarsBall/,,604-347-5151,,private academy,,,,,,FB @ShootingStarsBall,,,,,,,"census-2026-07,website-scrape",2,2,,,Shooting Stars Basketball,https://basketball.bc.ca/clubs/member-clubs-2025-26/,yes,yes,website-corroborated,2026-07,,youth,
Showtime Academy,British Columbia,Surrey,source,Metro Vancouver & Fraser Valley,https://www.showtimeacademy.net,info.showtimebasketball@gmail.com,778-878-0991,,private academy,,,,,,,,,,,,,census-2026-07,1,1,,,Showtime Academy,https://basketball604.com/basketball-clubs/,yes,,unverified-single-source-non-ca,2026-07,,youth,
Shuswap Hoops Basketball Club,British Columbia,Salmon Arm,source,BC — Thompson-Okanagan (Interior & North),https://shuswaphoops.ca,shuswaphoops2023@gmail.com,,regional exhibition/tournament play (vs Shuswap-area school teams),community nonprofit,,,,,,,,,,,,,census-2026-07,1,1,,,Shuswap Hoops Basketball Club,https://shuswaphoops.ca,yes,yes,canadian-tld,2026-07,,youth,
Slamma Jamma Future Crusaders (Slamma Jamma Girls Basketball Club),British Columbia,Lower Mainland (Fraser River/Fraser Valley/Vancouver-Coastal regions),source,Metro Vancouver & Fraser Valley,https://www.facebook.com/slammajammabasketball/,stephenrbeauchamp@gmail.com,,,community nonprofit,49.1913466,-122.8490125,,ChIJW6c_TQPchVQR4JjVq5hIi9I,APPROXIMATE,FB @slammajammabasketball,,,,,"Surrey, BC, Canada",,"census-2026-07,geocode,website-scrape",3,5,,,Slamma Jamma Future Crusaders | Slamma Jamma Future Crusaders (Slamma Jamma Girls Basketball Club),https://maps.googleapis.com/maps/api/geocode/json,yes,yes,website-corroborated,2026-07,,youth,
SM Prep,British Columbia,Penticton,source,BC — Thompson-Okanagan (Interior & North),,jaiveer17@icloud.com,,U18 nationals (Langley); provincial tournament circuit,community grassroots club,,,,,,,,,,,,,census-2026-07,1,1,,,SM Prep,https://pentictonwesternnews.com/2026/03/12/penticton-based-startup-basketball-club-sees-rapid-growth/,yes,,no-website,2026-07,,youth,
Smith Performance Basketball,British Columbia,Vancouver Island,source,Vancouver Island,https://smithperformancebasketball.com/,,,,private academy (training group),,,,,,,,,,,,,census-2026-07,1,1,,,Smith Performance Basketball,https://smithperformancebasketball.com/,,,unverified-single-source-non-ca,2026-07,,youth,
Sooke Basketball Club,British Columbia,Sooke,source,Vancouver Island,https://www.sookebasketballclub.com/,,,Sooke grades 3-5 house league (club-run); Sooke grades 3-5 house league (own); Vancouver Island club tournament circuit,community nonprofit,,,,,,,,,,,,,census-2026-07,1,1,,,Sooke Basketball Club,https://www.sookebasketballclub.com/,,,unverified-single-source-non-ca,2026-07,,youth,
South Burnaby Metro Club (SBMC) Basketball,British Columbia,Burnaby,source,Metro Vancouver,https://basketball.southburnabymetroclub.com/,basketball.jennifercagampan@gmail.com,,BCCBA / BC Hoops events & provincials; SBMC Basketball House League; SBMC Basketball House League (own); SBMC Rep (vs Lower Mainland clubs),multi-sport org,,,,,,IG @sbmc_eagles,,,,,,,"census-2026-07,website-scrape",2,2,,,South Burnaby Metro Club (SBMC) Basketball,https://basketball.southburnabymetroclub.com/,yes,yes,website-corroborated,2026-07,,youth,
South Cariboo Basketball Association,British Columbia,100 Mile House,source,BC — Cariboo North-East (Interior & North),,eaglesbasketball.andrewsteeves@gmail.com,,Cariboo regional tournament circuit (planned rep teams),community nonprofit,,,,,,,,,,,,,census-2026-07,1,1,,,South Cariboo Basketball Association,https://basketball.bc.ca/clubs/member-clubs-2025-26/,yes,,no-website,2026-07,,youth,
South Delta Basketball Association (SDBA),British Columbia,Delta (Tsawwassen/Ladner),source,Metro Vancouver,https://www.southdeltabasketball.org,president@southdeltabasketball.org,,Lower Mainland U13 rep play out of Langley Events Centre; South Delta Basketball Association League (SNYB house); South Delta Basketball Association League (own),community nonprofit,49.09521549999999,-123.0264759,,ChIJtwKI2-H8hVQRm63IwyoFr-c,APPROXIMATE,,,,,,"Delta, BC, Canada",,"census-2026-07,geocode",2,2,,,South Delta Basketball Association (SDBA),https://maps.googleapis.com/maps/api/geocode/json,yes,,unverified-single-source-non-ca,2026-07,,youth,
South Langley Basketball Association,British Columbia,Langley,source,Fraser Valley,https://southlangleybasketball.com/,kstewart@sd35.bc.ca,,SLBA Champions League (own); SLBA Stallions Youth Hoops (own); Stallions Champions League (own); Super League (own),community nonprofit,,,,,,FB @WordPresscom,,,,,,,"census-2026-07,website-scrape",2,2,,,South Langley Basketball Association,https://southlangleybasketball.com/,yes,yes,website-corroborated,2026-07,,youth,
South Vancouver Island Basketball Association (SVIBA),British Columbia,Victoria,source,Vancouver Island,https://svibasketball.com/,westcott@shaw.ca,2365087879,SVIBA spring leagues; Vancouver Island Tournament Series / Vancouver Island Club Basketball Championship,community nonprofit,,,,,,,,,,,,,"census-2026-07,website-scrape",2,2,,,South Vancouver Island Basketball Association (SVIBA),https://svibasketball.com/,yes,yes,website-corroborated,2026-07,,youth,
Splash Basketball,British Columbia,North Vancouver,source,Metro Vancouver & Fraser Valley,https://www.splashbballbc.com,splashbrothersbasketball1@gmail.com,,,private academy,,,,,,,,,,,,,census-2026-07,1,1,,,Splash Basketball,https://basketball604.com/basketball-clubs/,yes,,unverified-single-source-non-ca,2026-07,,youth,
Split Second Basketball,British Columbia,Vancouver,source,Metro Vancouver (Fraser River / Vancouver-Coastal),https://www.jumpplaylearn.ca,info@jumpplaylearn.ca,604-258-8390,Jr. NBA Canada; Split Second 3x3 League (own); Split Second 3x3 leagues (own),private academy,49.219986,-122.966901,,,,,,,,,,,"census-2026-07,jrnba-2019",2,7,,,Jump Play Learn Canada | Split Second Basketball,https://basketball.bc.ca/clubs/member-clubs-2025-26/,yes,yes,canadian-tld,2026-07,,youth,
Spotters Basketball,British Columbia,Surrey,source,Metro Vancouver & Fraser Valley,https://www.facebook.com/spottersbball,spottersbball@hotmail.com,778-229-4533,,private academy,,,,,,,,,,,,,census-2026-07,1,1,,,Spotters Basketball,https://basketball604.com/basketball-clubs/,yes,,unverified-single-source-non-ca,2026-07,,youth,
Squamish Youth Basketball Association (SYBA),British Columbia,Squamish,source,Sea to Sky,https://squamishyouthbasketball.ca/,info@hoopreel.com,,Squamish Youth Basketball,community nonprofit,,,,,,,,,,,,,census-2026-07,1,1,,,Squamish Youth Basketball Association (SYBA),https://www.piquenewsmagazine.com/local-sports/hoop-reel-basketball-academy-thriving-in-the-sea-to-sky-5098322,yes,yes,canadian-tld,2026-07,,youth,
Steve Nash Youth Basketball — Nanaimo,British Columbia,Nanaimo,source,Vancouver Island,http://www.basketball.bc.ca/snyb-home,info@basketball.bc.ca,,Steve Nash Youth Basketball (SNYB),community nonprofit (program),,,,,,FB @basketballbc; IG @basketballbc,,,,,,,"census-2026-07,website-scrape",2,2,,,Steve Nash Youth Basketball — Nanaimo,https://pacificsportvi.com/regional-and-local-sport-organizations/,yes,yes,canadian-tld,2026-07,,youth,
Steve Nash Youth Basketball — Powell River,British Columbia,Powell River,source,"Vancouver Island-Central Coast (mainland side, grouped with VI region by PSO/PacificSport)",http://www.basketball.bc.ca/snyb-home,info@basketball.bc.ca,,Steve Nash Youth Basketball (SNYB),community nonprofit (program),,,,,,FB @basketballbc; IG @basketballbc,,,,,,,"census-2026-07,website-scrape",2,2,,,Steve Nash Youth Basketball — Powell River,https://pacificsportvi.com/regional-and-local-sport-organizations/,yes,yes,canadian-tld,2026-07,,youth,
Strathcona Basketball,British Columbia,Vancouver,source,Metro Vancouver,https://www.facebook.com/StrathconaBasketball/,strathcc@vancouver.ca,604-713-1838,,community nonprofit,,,,,,,,,,,,,census-2026-07,1,1,,,Strathcona Basketball,https://basketball604.com/basketball-clubs/,yes,,unverified-single-source-non-ca,2026-07,,youth,
Super Senior Elite,British Columbia,Williams Lake,source,BC North — Cariboo,,,,,community nonprofit,,,,,,,,,,,,,census-2026-07,1,1,,,Super Senior Elite,https://100milefreepress.net/2025/08/18/cariboo-based-u18-basketball-team-beats-out-bigger-cities/,,,no-website,2026-07,,youth,
Surrey Hornets,British Columbia,Surrey,source,Metro Vancouver (Fraser Valley region per PSO),,bsingh.aloha@outlook.com,,,community nonprofit,,,,,,,,,,,,,census-2026-07,1,1,,,Surrey Hornets,https://basketball.bc.ca/clubs/member-clubs-2025-26/,yes,,no-website,2026-07,,youth,
Surrey Rebels Basketball Association,British Columbia,Surrey,source,Metro Vancouver,https://www.surreyrebelsbasketball.com/,info.surreyrebelsbasketball@gmail.com,,,community nonprofit,,,,,,,,,,,,,"census-2026-07,website-scrape",2,2,,,Surrey Rebels Basketball Association,https://www.surreyrebelsbasketball.com/,yes,yes,website-corroborated,2026-07,,youth,
Talib Basketball,British Columbia,North Vancouver,source,Metro Vancouver & Fraser Valley,https://www.talibbasketball.com,talibbasketballprivates@gmail.com,604-418-5986,,private academy,,,,,,,,,,,,,census-2026-07,1,1,,,Talib Basketball,https://basketball604.com/basketball-clubs/,yes,,unverified-single-source-non-ca,2026-07,,youth,
Taya Hoops Academy,British Columbia,Vernon,source,BC Interior — Okanagan,https://www.tayahoops.com,tayahoops@gmail.com,,,private academy,,,,,,,,,,,,,census-2026-07,1,1,,,Taya Hoops Academy,https://www.tayahoops.com,yes,,unverified-single-source-non-ca,2026-07,,youth,
TC North Basketball Academy,British Columbia,Coquitlam,source,"Metro Vancouver (Tri-Cities, Pitt Meadows, Maple Ridge)",https://tcnorthbasketball.com,luciano@latinotype.com,,,private academy,,,,,,FB @TCNBasketball; FB @TCNorthBasketball; IG @tcnorthbasketball,,,,,,,"census-2026-07,website-scrape",2,2,,,TC North Basketball Academy,https://tcnorthbasketball.com/,yes,yes,website-corroborated,2026-07,,youth,
Terrace Youth Basketball,British Columbia,Terrace,source,BC North — Northwest,https://www.terrace.ca/parks-recreation/sports-clubs,hkresch@citywest.ca,,,community nonprofit,,,,,,FB @CityofTerrace; FB @cityofterrace,,,,,,,"census-2026-07,website-scrape",2,2,,,Terrace Youth Basketball,https://www.terrace.ca/parks-recreation/sports-clubs,yes,yes,canadian-tld,2026-07,,youth,
The Grind Basketball Club and Academy,British Columbia,Victoria,source,Vancouver Island,https://thegrindbasketball.com/,info@thegrindbasketball.com,+1 702-439-8577,V&DABA Night League (Victoria and District Amateur Basketball Association),private academy,,,,,,,,,,,,,census-2026-07,1,1,,,The Grind Basketball Club and Academy,https://thegrindbasketball.com/,yes,,unverified-single-source-non-ca,2026-07,,youth,
The Watchman Academy,British Columbia,Vancouver Island,source,Vancouver Island-Central Coast (Basketball BC region),,thewatchmanacademymentorship@gmail.com,,,private academy (mentorship-branded; inferred from name/email),,,,,,,,,,,,,census-2026-07,1,1,,,The Watchman Academy,https://basketball.bc.ca/clubs/member-clubs-2025-26/,yes,,no-website,2026-07,,youth,
Thrive Basketball,British Columbia,Surrey,source,Metro Vancouver & Fraser Valley,https://thrivebasketball.ca/,thrivebasketballclub@gmail.com,778-386-4288,Thrive Development League (own),private academy,,,,,,,,,,,,,census-2026-07,1,1,,,Thrive Basketball,https://thrivebasketball.ca/,yes,yes,canadian-tld,2026-07,,youth,
Thunder Nation Basketball,British Columbia,Victoria,source,Vancouver Island,https://playsport.com/thundernationbasketball_ag_cf54630b,thundernationhoops@gmail.com,,V&DABA Night League (Victoria and District Amateur Basketball Association),community nonprofit,,,,,,FB @playsportdotcom; IG @playsportaustralia,,,,,,,"census-2026-07,website-scrape",2,2,,,Thunder Nation Basketball,https://playsport.com/thundernationbasketball_ag_cf54630b,yes,yes,website-corroborated,2026-07,,youth,
Top Flight Sports Vancouver,British Columbia,Vancouver,source,Metro Vancouver,https://dreamhoops.net,dreamhoopsacademy@gmail.com,778.387.4543,,private academy,,,,,,,,,,,,,census-2026-07,1,2,,,Dream Hoops Academy | Top Flight Sports Vancouver,https://basketball604.com/basketball-clubs/,yes,,unverified-single-source-non-ca,2026-07,,youth,
TransCanada Basketball (TC Athletics),British Columbia,Chilliwack,source,Metro Vancouver & Fraser Valley,http://tcathletics.ca/,info@tcathletics.ca,604-702-8734,,multi-sport org (nonprofit),,,,,,,,,,,,,census-2026-07,1,1,,,TransCanada Basketball (TC Athletics),http://tcathletics.ca/,yes,yes,canadian-tld,2026-07,,youth,
Tri-City Youth Basketball Association (TCYBA),British Columbia,Coquitlam,source,"Metro Vancouver (serves Coquitlam, Port Coquitlam, Port Moody, New Westminster, Burnaby, Pitt Meadows/Maple Ridge)",https://www.tcyba.org/,registrar@tcyba.org,(604) 492-0565,Jr. NBA Canada; TCYBA Grade 7-8 Competitive League; TCYBA Leagues; TCYBA Leagues (own; incl. Grade 7-8 Competitive League),community nonprofit,49.301861,-122.857289,,,,,,,,,,,"census-2026-07,jrnba-2019",2,5,,,Tri-City Youth Basketball Association | Tri-City Youth Basketball Association (TCYBA),https://www.tcyba.org/about-tcyba,yes,,unverified-single-source-non-ca,2026-07,,youth,
Triple Threat Basketball,British Columbia,Burnaby,source,Metro Vancouver & Fraser Valley,http://www.triplethreatbasketball.ca,,,,private academy,,,,,,,,,,,,,census-2026-07,1,1,,,Triple Threat Basketball,https://basketball604.com/basketball-clubs/,,yes,canadian-tld,2026-07,,youth,
VanCity Basketball Academy,British Columbia,North Vancouver,source,Metro Vancouver & Fraser Valley,https://vancitybasketball.com/,info@vancitybasketball.com,604-715-0887,Lion's League (own development league),private academy,,,,,,,,,,,,,census-2026-07,1,1,,,VanCity Basketball Academy,https://vancitybasketball.com/,yes,,unverified-single-source-non-ca,2026-07,,youth,
Vancity Prep Basketball,British Columbia,Surrey,source,Metro Vancouver,,,,,private academy,,,,,,,,,,,,,census-2026-07,1,1,,,Vancity Prep Basketball,https://basketball604.com/basketball-clubs/,,,no-website,2026-07,,youth,
Vancouver Aces Basketball,British Columbia,Vancouver,source,Metro Vancouver,https://vancouveraces.com,vancouveracesbballclub@gmail.com,,,private academy,,,,,,FB @WordPresscom; IG @vancouveracesbasketball; IG @vancouveracesbball,,,,,,,"census-2026-07,website-scrape",2,2,,,Vancouver Aces Basketball,https://basketball604.com/basketball-clubs/,yes,yes,website-corroborated,2026-07,,youth,
Vancouver Eagles Youth Basketball,British Columbia,Vancouver,source,Metro Vancouver,https://vancouvereagles.com/,info@vancouvereagles.com,(778) 266-8898,Vancouver Eagles SNYB league (own); Vancouver Eagles U12 Winter League; Vancouver Eagles U12 Winter League (own); Vancouver Eagles Youth Basketball SNYB league,private academy,,,,,,,,,,,,,census-2026-07,1,1,,,Vancouver Eagles Youth Basketball,https://vancouvereagles.com/,yes,,unverified-single-source-non-ca,2026-07,,youth,
Vancouver Girls Basketball Association (VGBA),British Columbia,Vancouver,source,Metro Vancouver,http://vgba.ca,info@vgba.ca,,VGBA Fall Pre-Season League; VGBA Fall Pre-Season League (own); VGBA Spring League; VGBA Spring League (own),community nonprofit,,,,,,FB @vgba604; IG @vgba604,,,,,,,"census-2026-07,website-scrape",2,2,,,Vancouver Girls Basketball Association (VGBA),http://vgba.ca,yes,yes,canadian-tld,2026-07,,youth,
Vancouver Sports Club (VSC),British Columbia,Surrey,source,Metro Vancouver,https://www.vancouversportsclub.ca/,info@vancouversportsclub.ca,,UA Rise / Under Armour Association — Canada West Hoops (BC entry); UA Rise / Under Armour Next circuit — Canada West Hoops,community nonprofit,,,,,,FB @Vancouversportsclub; FB @vansportsclub; IG @vansportsclub,,,,,,,"census-2026-07,website-scrape",2,2,,,Vancouver Sports Club (VSC),https://www.vancouversportsclub.ca/,yes,yes,canadian-tld,2026-07,,youth,
Vancouver Wolves Basketball Club,British Columbia,Vancouver,source,Metro Vancouver,https://www.vancouverwolves.net,vancouverwolvesbasketball@novus.ca,604 771 9297,,private academy,,,,,,,,,,,,,census-2026-07,1,1,,,Vancouver Wolves Basketball Club,https://basketball604.com/basketball-clubs/,yes,,unverified-single-source-non-ca,2026-07,,youth,
Vernon Minor Basketball Association (VMBA),British Columbia,Vernon,source,BC Interior — Okanagan,https://www.facebook.com/vernonminorbasketball/,,,Steve Nash Youth Basketball Vernon; Vernon Minor Basketball in-house leagues,community nonprofit,,,,,,FB @vernonminorbasketball,,,,,,,"census-2026-07,website-scrape",2,2,,,Vernon Minor Basketball Association (VMBA),https://www.facebook.com/vernonminorbasketball/,,yes,website-corroborated,2026-07,,youth,
Vic City Basketball,British Columbia,Esquimalt,source,Vancouver Island,https://www.viccitybasketball.com/,viccitybasketball@gmail.com,778-350-3241,V&DABA Night League (Victoria and District Amateur Basketball Association),private academy,,,,,,,,,,,,,census-2026-07,1,1,,,Vic City Basketball,https://www.viccitybasketball.com/,yes,,unverified-single-source-non-ca,2026-07,,youth,
Vic City Hoops (vCity Hoops),British Columbia,Victoria,source,"Vancouver Island, BC",https://sites.google.com/view/viccityhoops,viccityhoops@gmail.com,,SVIBA spring leagues (helped establish SVIBA),community club,,,,,,,,,,,,,census-2026-07,1,1,,,Vic City Hoops (vCity Hoops),https://sites.google.com/view/viccityhoops,yes,,unverified-single-source-non-ca,2026-07,,youth,
Vic Howlers Basketball,British Columbia,Victoria,source,"Vancouver Island, BC",https://vichowlers.ca/,office@vichowlers.ca,,Victoria Night League (V&DABA),community club (nonprofit status not stated),,,,,,,,,,,,,"census-2026-07,website-scrape",2,2,,,Vic Howlers Basketball,https://vichowlers.ca/,yes,yes,canadian-tld,2026-07,,youth,
Vikes Recreation — Vikes Elite Youth Basketball (University of Victoria),British Columbia,Victoria,source,"Vancouver Island, BC",https://vikesrec.ca/youth/,cve@uvic.ca,,,multi-sport org (university recreation program),,,,,,,,,,,,,census-2026-07,1,1,,,Vikes Recreation — Vikes Elite Youth Basketball (University of Victoria),https://vikesrec.ca/youth/,yes,yes,canadian-tld,2026-07,,youth,
VK Basketball,British Columbia,North Vancouver,source,Metro Vancouver & Fraser Valley,https://www.vkbasketball.com,,+1 604-283-2287,,private academy,,,,,,,,,,,,,census-2026-07,1,1,,,VK Basketball,https://basketball604.com/basketball-clubs/,yes,,unverified-single-source-non-ca,2026-07,,youth,
Warriors Basketball Club (Westshore girls),British Columbia,Colwood (Westshore),source,"Vancouver Island, BC",https://www.warriorsgirlsbasketball.ca/,clubmanager@warriorsgirlsbasketball.ca,,V&DABA Night League (Victoria and District Amateur Basketball Association); spring club tournaments,community nonprofit,48.4287565,-123.4888932,,ChIJ9XqlHu8Mj1QRq88s7u6HiZ4,APPROXIMATE,,,,,,"Colwood, BC, Canada",,"census-2026-07,geocode",2,3,,,Warriors Basketball Club (Westshore girls) | Warriors Basketball Club (girls),https://maps.googleapis.com/maps/api/geocode/json,yes,yes,canadian-tld,2026-07,,youth,
West Coast Basketball,British Columbia,Surrey,source,Metro Vancouver (Surrey/Delta),https://www.westcoastbasketball.com,info@westcoastbasketball.com,,,private academy,,,,,,FB @westcoastbasketballclub; IG @westcoastbasketball,,,,,,,"census-2026-07,website-scrape",2,2,,,West Coast Basketball,https://basketball604.com/basketball-clubs/,yes,yes,website-corroborated,2026-07,,youth,
West Coast Swish Basketball,British Columbia,Abbotsford,source,Fraser Valley,,,,,private academy,,,,,,,,,,,,,census-2026-07,1,1,,,West Coast Swish Basketball,https://basketball604.com/basketball-clubs/,,,no-website,2026-07,,youth,
West Coast Training,British Columbia,North Vancouver,source,Metro Vancouver (North Shore),https://www.wctraining.ca/,,,,private academy,,,,,,,,,,,,,census-2026-07,1,1,,,West Coast Training,https://basketball604.com/basketball-clubs/,,yes,canadian-tld,2026-07,,youth,
West Kelowna Youth Basketball Association (West K Hoops),British Columbia,West Kelowna,source,BC — Thompson-Okanagan (Interior & North),https://westkhoops.ca/,westkhoops@gmail.com,,West K Hoops 3x3 club league (West Kelowna Youth Basketball Association),community nonprofit,,,,,,FB @westkhoops; IG @westkhoops,,,,,,,"census-2026-07,website-scrape",2,2,,,West Kelowna Youth Basketball Association (West K Hoops),https://westkhoops.ca/,yes,yes,canadian-tld,2026-07,,youth,
West Richmond Summer Slam,British Columbia,Richmond,source,Metro Vancouver & Fraser Valley,https://www.westrichmondsummerslam.com/,wrsummerslam@richmond.ca,,West Richmond Summer Slam (own summer league),community nonprofit (community association program),,,,,,,,,,,,,census-2026-07,1,1,,,West Richmond Summer Slam,https://www.westrichmondsummerslam.com/,yes,,ambiguous-place-single-source-non-ca,2026-07,,youth,
West Vancouver Basketball Club (WVBC),British Columbia,West Vancouver,source,Metro Vancouver (North Shore),https://www.wvbc.ca/,info@wvbc.ca,(604) 817-0924,,community nonprofit,,,,,,,,,,,,,census-2026-07,1,1,,,West Vancouver Basketball Club (WVBC),https://www.wvbc.ca/,yes,yes,canadian-tld,2026-07,,youth,
Westshore Basketball (Westshore Basketball Association),British Columbia,Langford,source,"Vancouver Island, BC",https://www.westshorebasketball.com/,westshore.bball@gmail.com,,V&DABA Night League (Victoria and District Amateur Basketball Association); Westshore 3x3 Spring League (own),community nonprofit,,,,,,FB @Westshore-Basketball-Association-5736928; FB @Westshorebasketball; IG @bball.westshore; IG @westshore.bball,,,,,,,"census-2026-07,website-scrape",2,2,,,Westshore Basketball (Westshore Basketball Association),https://www.westshorebasketball.com/,yes,yes,website-corroborated,2026-07,,youth,
Whistler Youth Basketball,British Columbia,Whistler,source,Sea to Sky,https://www.whistleryouthbasketball.com/,,,Whistler Youth Basketball,private academy,,,,,,,,,,,,,census-2026-07,1,1,,,Whistler Youth Basketball,https://www.whistler.ca/parks-recreation-culture/programs/community-recreation-directory/,,,unverified-single-source-non-ca,2026-07,,youth,
Williams Lake Basketball Association (WLBA),British Columbia,Williams Lake,source,BC — Cariboo North-East (Interior & North),https://www.wlbasketball.com,lakecitybasketball@shaw.ca,(250) 267-4282,3v3 summer league (own); Cariboo regional tournament circuit; WLBA in-house leagues; WLBA youth leagues; summer 3v3 (own),community nonprofit,,,,,,,,,,,,,census-2026-07,1,1,,,Williams Lake Basketball Association (WLBA),https://www.wlbasketball.com,yes,,unverified-single-source-non-ca,2026-07,,youth,
X.V. Training Academy,British Columbia,Surrey,source,Metro Vancouver & Fraser Valley,https://www.xvtrainingacademy.com,info@xvtrainingacademy.com,604-807-8441,,private academy,,,,,,,,,,,,,census-2026-07,1,1,,,X.V. Training Academy,https://basketball604.com/basketball-clubs/,yes,,unverified-single-source-non-ca,2026-07,,youth,
YMCA BC — Y Youth Basketball League,British Columbia,Vancouver,source,Metro Vancouver & Fraser Valley,https://www.ymcabc.ca/fitness-and-aquatics/youth-basketball-league,information.request@ymcabc.ca,604-681-9622,YMCA BC Youth Basketball League; YMCA BC Youth Basketball League (own),multi-sport org / league operator,,,,,,,,,,,,,census-2026-07,1,2,,,YMCA BC (Youth Basketball League) | YMCA BC — Y Youth Basketball League,https://www.ymcabc.ca/fitness-and-aquatics/youth-basketball-league,yes,yes,canadian-tld,2026-07,,youth,
Yuva Sports Club,British Columbia,Vancouver,source,Metro Vancouver,https://www.facebook.com/vancitysc/,yuvasc2018@gmail.com,,,community nonprofit,,,,,,FB @vancitysc,,,,,,,"census-2026-07,website-scrape",2,2,,,Yuva Sports Club,https://basketball604.com/basketball-clubs/,yes,yes,website-corroborated,2026-07,,youth,
204 Elite Basketball Club,Manitoba,Winnipeg,source,Winnipeg (city-wide),https://www.instagram.com/204elite/,204elite@gmail.com,,Manitoba Basketball Club Championships (provincials); Peg City Showcase,community nonprofit,,,,,,IG @204elite,,,,,,,"census-2026-07,website-scrape",2,2,,,204 Elite Basketball Club,https://www.basketballmanitoba.ca/2022/06/204-elite-basketball-club-hosting.html,yes,yes,website-corroborated,2026-07,,youth,
Altona Basketball Association,Manitoba,Altona,source,Rest of Manitoba (Pembina Valley),https://altonabasketball.com/,,,,community nonprofit,,,,,,,,,,,,,census-2026-07,1,1,,,Altona Basketball Association,https://altonabasketball.com/,,,unverified-single-source-non-ca,2026-07,,youth,
Ambush Club Basketball,Manitoba,Winnipeg,source,Winnipeg (city-wide),,ambush.club.basketball@gmail.com,,Manitoba Basketball Club Championships (provincials); Peg City Club Basketball League (CBL); Peg City Showcase,community nonprofit,,,,,,,,,,,,,census-2026-07,1,1,,,Ambush Club Basketball,https://www.basketballmanitoba.ca/search/label/ClubDirectory,yes,,no-website,2026-07,,youth,
Atlas Basketball,Manitoba,Winnipeg,source,Winnipeg (city-wide),https://www.atlasbasketball.com,atlasbball@gmail.com,,Peg City Showcase,community nonprofit,,,,,,FB @2008,,,,,,,"census-2026-07,website-scrape",2,2,,,Atlas Basketball,https://www.basketballmanitoba.ca/search/label/ClubDirectory,yes,yes,website-corroborated,2026-07,,youth,
Attack Basketball,Manitoba,Winnipeg,source,Winnipeg (North),https://www.attackbball.ca,sukhvir.singh@attackbball.ca,431-999-7269,Attack Basketball community league (own); Manitoba Basketball Club Championships (provincials); Peg City Showcase,community nonprofit,,,,,,,,,,,,,census-2026-07,1,1,,,Attack Basketball,https://www.basketballmanitoba.ca/search/label/ClubDirectory,yes,yes,canadian-tld,2026-07,,youth,
Attack South Basketball Club,Manitoba,Winnipeg,source,Winnipeg (South),,attacksouthbasketball@gmail.com,,Peg City Showcase,community nonprofit,,,,,,,,,,,,,census-2026-07,1,1,,,Attack South Basketball Club,https://www.basketballmanitoba.ca/search/label/ClubDirectory,yes,,no-website,2026-07,,youth,
Blacktop Basketball Club,Manitoba,Winnipeg,source,Winnipeg,,,,,community club,,,,,,,,,,,,,census-2026-07,1,1,,,Blacktop Basketball Club,https://www.basketballmanitoba.ca/search/label/Club%20Tryouts?updated-max=2024-07-17T00:00:00-05:00&max-results=50,,,no-website,2026-07,,youth,
Brandon Bobcats Basketball Academy (Brandon University Bobcats youth programs),Manitoba,Brandon,source,Rest of Manitoba (Westman),https://gobobcats.ca/,cheungg@brandonu.ca,(204) 727-9756,Peg City Showcase; Prairie Elite Basketball League (PEBL),university-affiliated youth academy/camps (not school-board varsity),,,,,,,,,,,,,census-2026-07,1,4,,,Brandon Bobcats Basketball Academy (Brandon University Bobcats youth programs) | Jr Bobcats Basketball Club (Brandon University) | Junior Bobcats Basketball (Brandon University) | Junior Bobcats Basketball / Bobcats Basketball Academy (Brandon University),https://www.basketballmanitoba.ca/2026/07/brandon-bobcats-basketball-academy-back.html,yes,yes,canadian-tld,2026-07,,youth,
Central Canada Prep (Winnipeg Sport Inst),Manitoba,Winnipeg,source,Winnipeg (city-wide),https://www.winnipegsportinstitute.com,nicholas@evolvebasketball.ca,204-292-4805,Peg City Showcase,private academy,49.8954221,-97.1385145,,ChIJESsa-ftz6lIRZMq5xvoaKis,APPROXIMATE,,,,,,"Winnipeg, MB, Canada",Nicholas Lother (Program Dir),"census-2026-07,contact-enrichment,geocode,website-scrape",4,4,,,Central Canada Prep (Winnipeg Sport Inst) | Evolve Basketball Development (Winnipeg Sport Institute),https://maps.googleapis.com/maps/api/geocode/json,yes,,unverified-single-source-non-ca,2026-07,,youth,
Central Plains Basketball Club,Manitoba,Portage la Prairie,source,Central Plains (west of Winnipeg),,centralplainsbasketballclub@gmail.com,204-870-1071,Manitoba Basketball Club Championships (provincials); Peg City Club Basketball League (CBL); Peg City Showcase,community nonprofit,,,,,,,,,,,,,census-2026-07,1,1,,,Central Plains Basketball Club,https://www.basketballmanitoba.ca/search/label/ClubDirectory,yes,,no-website,2026-07,,youth,
Chiefs Basketball (IRTC Chiefs),Manitoba,Winnipeg,source,Winnipeg / Interlake,,info@chiefsbball.club,,Manitoba Basketball Club Championships (provincials); Peg City Club Basketball League (CBL); Peg City Showcase,community nonprofit (Indigenous partnership),,,,,,,,,,,,,census-2026-07,1,1,,,Chiefs Basketball (IRTC Chiefs),https://www.basketballmanitoba.ca/2025/07/chiefs-basketball-announces-august-2025.html,yes,,no-website,2026-07,,youth,
City of Morden Recreation — Youth Basketball,Manitoba,Morden,source,Rest of Manitoba (Pembina Valley),https://morden.ca/recreation-organizations,recreation@mymorden.ca,204-822-5431,,municipal recreation program (no dedicated club found in Morden),,,,,,,,,,,,,census-2026-07,1,1,,,City of Morden Recreation — Youth Basketball,https://morden.ca/recreation-organizations,yes,yes,canadian-tld,2026-07,,youth,
Corydon Community Centre — Basketball,Manitoba,Winnipeg,source,Winnipeg (River Heights/Crescentwood),https://corydoncc.com/programs/sports/basketball/,corydon@wmba.ca,204-488-7000,WMBA Fall/Winter Community Centre League; WMBA Spring Community League,multi-sport community centre (nonprofit),,,,,,,,,,,,,census-2026-07,1,1,,,Corydon Community Centre — Basketball,https://corydoncc.com/programs/sports/basketball/,yes,,unverified-single-source-non-ca,2026-07,,youth,
Dakota Community Centre — Basketball,Manitoba,Winnipeg,source,Winnipeg (St. Vital South),https://www.dakotacc.com/121/basketball,michele@dakotacc.com,204-254-1010,WMBA Fall/Winter Community Centre League; WMBA Spring Community League,multi-sport community centre (nonprofit),,,,,,,,,,,,,census-2026-07,1,1,,,Dakota Community Centre — Basketball,https://www.dakotacc.com/121/basketball,yes,,unverified-single-source-non-ca,2026-07,,youth,
Dauphin Hawks Basketball Club,Manitoba,Dauphin,source,Rest of Manitoba (Parkland),https://www.facebook.com/DauphinHawksBasketball/,john.marshall@mvsd.ca,204-572-4484,,"community club (volunteer-run; contacts use Mountain View School Division emails, but operates as a club, not a school team)",,,,,,,,,,,,,census-2026-07,1,1,,,Dauphin Hawks Basketball Club,https://www.basketballmanitoba.ca/2022/04/dauphin-hawks-hosting-club-basketball.html,yes,,unverified-single-source-non-ca,2026-07,,youth,
DEl1te,Manitoba,Winnipeg,source,,,delitewpg@gmail.com,,NPH-SL,,,,,,,,,,,,,,ontario-circuit-list,1,1,,,DEl1te,,yes,,no-website,2026-07,,youth,
DElite Basketball,Manitoba,Winnipeg,source,Winnipeg (city-wide),,delitembb@gmail.com,431-334-5169,Peg City Showcase,community nonprofit,,,,,,,,,,,,,census-2026-07,1,1,,,DElite Basketball,https://www.basketballmanitoba.ca/search/label/ClubDirectory,yes,,no-website,2026-07,,youth,
Downtown Dawgs,Manitoba,Winnipeg,source,Winnipeg (city-wide),,downtowndawgs@outlook.com,,Peg City Showcase,community nonprofit,,,,,,,,,,,,,census-2026-07,1,1,,,Downtown Dawgs,https://www.basketballmanitoba.ca/search/label/ClubDirectory,yes,,no-website,2026-07,,youth,
Dynasty Basketball,Manitoba,Winnipeg,source,Winnipeg,,dynastywpg@gmail.com,,Peg City Showcase,community club (unverified structure),,,,,,,,,,,,,census-2026-07,1,1,,,Dynasty Basketball,https://www.basketballmanitoba.ca/2025/07/dynasty-basketball-announces-tryouts.html,yes,,no-website,2026-07,,youth,
Empire Basketball Club (Empire / Empire Elite),Manitoba,Winnipeg,source,Winnipeg (central),,empireelitehoops@gmail.com,,Manitoba Basketball Club Championships (provincials); Peg City Club Basketball League (CBL); Peg City Showcase,community club (nonprofit status unverified),,,,,,,,,,,,,census-2026-07,1,1,,,Empire Basketball Club (Empire / Empire Elite),https://www.basketballmanitoba.ca/2025/07/empire-basketball-club-tryouts-set-for.html,yes,,no-website,2026-07,,youth,
Garden City Community Centre — Basketball,Manitoba,Winnipeg,source,Winnipeg (North — Garden City),https://www.gardencitycc.com/garden-city-sports-camps/basketball,info@gardencitycc.com,204-940-6111,WMBA Fall/Winter Community Centre League; WMBA Spring Community League,multi-sport community centre (nonprofit),,,,,,,,,,,,,census-2026-07,1,1,,,Garden City Community Centre — Basketball,https://www.gardencitycc.com/garden-city-sports-camps/basketball,yes,,unverified-single-source-non-ca,2026-07,,youth,
Gateway Recreation Centre — Basketball,Manitoba,Winnipeg,source,Winnipeg (Northeast — North Kildonan),https://gatewayrec.com/sport-programs/basketball/,youthbasketball@hotmail.ca,(204) 982-1234,WMBA Fall/Winter Community Centre League,multi-sport community centre (nonprofit),,,,,,,,,,,,,census-2026-07,1,1,,,Gateway Recreation Centre — Basketball,https://gatewayrec.com/sport-programs/basketball/,yes,,unverified-single-source-non-ca,2026-07,,youth,
Ignite Canada Basketball,Manitoba,Winnipeg,source,Winnipeg (Southwest),https://www.ignitecanadabasketball.com,ignitebasketballwinnipeg@gmail.com,,Manitoba Basketball Club Championships (provincials); Peg City Showcase,community club (nonprofit status unverified),,,,,,,,,,,,,census-2026-07,1,1,,,Ignite Canada Basketball,https://www.ignitecanadabasketball.com/about-ignite,yes,,unverified-single-source-non-ca,2026-07,,youth,
Junior Alliance Basketball Club,Manitoba,Winnipeg,source,Winnipeg,,junioralliancebasketball@gmail.com,,,community club,,,,,,,,,,,,,census-2026-07,1,1,,,Junior Alliance Basketball Club,https://www.basketballmanitoba.ca/search/label/Club%20Tryouts?updated-max=2025-07-02T00:00:00-05:00&max-results=50,yes,,no-website,2026-07,,youth,
Junior Bison Boys Basketball Club,Manitoba,Winnipeg,source,Winnipeg,https://www.juniorbisonboys.ca/,juniorbisonboysbasketball@gmail.com,,,community club,,,,,,,,,,,,,census-2026-07,1,1,,,Junior Bison Boys Basketball Club,https://www.sportsengine.com/org/junior-bison-boys-basketball-club,yes,yes,canadian-tld,2026-07,,youth,
Junior Bisons Basketball (University of Manitoba),Manitoba,Winnipeg,source,Winnipeg (South — Fort Garry),https://umanitoba.ca/junior-bisons/junior-bisons-basketball,junior.bisons@umanitoba.ca,204-474-7279,Manitoba Basketball Club Championships (provincials); Peg City Club Basketball League (CBL); Peg City Showcase; Prairie Elite Basketball League (PEBL),university-affiliated club program,,,,,,,,,,,,,census-2026-07,1,1,,,Junior Bisons Basketball (University of Manitoba),https://umanitoba.ca/junior-bisons/junior-bisons-basketball,yes,yes,canadian-tld,2026-07,,youth,
Junior Bisons Thompson,Manitoba,Thompson,source,Rest of Manitoba (Northern),https://www.instagram.com/juniorbisons/,,,,community club,,,,,,IG @juniorbisons,,,,,,,"census-2026-07,website-scrape",2,2,,,Junior Bisons Thompson,https://www.instagram.com/juniorbisons/,,yes,website-corroborated,2026-07,,youth,
Junior Royals Basketball Club (Selkirk),Manitoba,Selkirk,source,Interlake (north of Winnipeg),https://www.basketballmanitoba.ca/2018/03/selkirk-junior-royals-basketball-club.html,selkirkroyalsbb@outlook.com,,Manitoba Basketball Club Championships (provincials); Peg City Showcase,community nonprofit,,,,,,,,,,,,,census-2026-07,1,2,,,Junior Royals Basketball Club (Selkirk) | Selkirk Junior Royals Basketball Club,https://www.basketballmanitoba.ca/search/label/ClubDirectory,yes,yes,canadian-tld,2026-07,,youth,
Kirkfield Westwood Community Centre — Basketball,Manitoba,Winnipeg,source,Winnipeg (West — Kirkfield/Westwood),https://www.kirkfieldwestwood.com/basketball/,office@kwcc.net,204-832-1175,WMBA Fall/Winter Community Centre League; WMBA Spring Community League; WMBA x ELEVATE 3x3 Youth Summer League,multi-sport community centre (nonprofit),,,,,,,,,,,,,census-2026-07,1,2,,,Kirkfield Westwood Community Centre — Basketball | Kirkfield Westwood Community Club — Basketball,https://www.kirkfieldwestwood.com/basketball/,yes,,unverified-single-source-non-ca,2026-07,,youth,
Legacy Preparatory Basketball Academy (incl. Junior Legacy Basketball),Manitoba,Winnipeg,source,Winnipeg,https://legacypreparatorybasketballacademy.ca/,mkraus.legacyprep@gmail.com,,Canadian Junior Basketball League (CJBL); DIME Basketball; DIME league; Peg City Showcase; Select Prep League,private academy,,,,,,IG @legacyprepbasketballacademy,,,,,,,"census-2026-07,website-scrape",2,2,,,Legacy Preparatory Basketball Academy (incl. Junior Legacy Basketball),https://legacypreparatorybasketballacademy.ca/,yes,yes,canadian-tld,2026-07,,youth,
Lindenwoods Community Centre — Basketball,Manitoba,Winnipeg,source,Winnipeg (Linden Woods / SW),https://lindenwoodscc.com/,manager@lindenwoodscc.com,(204) 487-2435,WMBA Fall/Winter Community Centre League; WMBA Spring Community League,multi-sport community centre,,,,,,,,,,,,,census-2026-07,1,1,,,Lindenwoods Community Centre — Basketball,https://wmba.ca/locations,yes,,unverified-single-source-non-ca,2026-07,,youth,
Magic Basketball Canada (Manitoba Magic),Manitoba,Winnipeg,source,Winnipeg (city-wide),https://mbmagicbball.com,mbmagicbasketball@gmail.com,204-292-3018,Peg City Club Basketball League (CBL); Peg City Showcase; Sea Bears Youth League (SBYL) 3x3 Series,community nonprofit,,,,,,,,,,,,,census-2026-07,1,2,,,Magic Basketball Canada (Manitoba Magic) | Manitoba Magic Basketball Club,https://mbmagicbball.com/,yes,,unverified-single-source-non-ca,2026-07,,youth,
Maples Community Centre — Basketball,Manitoba,Winnipeg,source,Winnipeg (Maples / NW),https://maplescc.ca/programs/basketball/,office@maplescc.ca,204-953-1190,WMBA Fall/Winter Community Centre League; WMBA Spring Community League,multi-sport community centre,,,,,,,,,,,,,census-2026-07,1,1,,,Maples Community Centre — Basketball,https://maplescc.ca/programs/basketball/,yes,yes,canadian-tld,2026-07,,youth,
Mastery Basketball Club,Manitoba,Winnipeg,source,Winnipeg,,bballmastery@gmail.com,,,community club,,,,,,,,,,,,,census-2026-07,1,1,,,Mastery Basketball Club,https://www.basketballmanitoba.ca/search/label/Club%20Tryouts?updated-max=2023-12-14T00:00:00-06:00&max-results=50,yes,,no-website,2026-07,,youth,
Metro Linkz Youth Basketball,Manitoba,Brandon,source,Westman (captured via PSO registry sweep),,treedell33@icloud.com,204-720-7778,,community club,,,,,,,,,,,,,census-2026-07,1,1,,,Metro Linkz Youth Basketball,https://www.basketballmanitoba.ca/search/label/ClubDirectory,yes,,no-website,2026-07,,youth,
Niverville Community Youth Basketball (Niverville Recreation x WMBA),Manitoba,Niverville,source,Eastman,https://www.nivervillerecreation.com/index.html,info@wmba.ca,204-925-5774,WMBA Fall/Winter Community Centre League,community program (municipal rec / WMBA satellite),,,,,,,,,,,,,census-2026-07,1,2,,,Niverville Community Youth Basketball (Niverville Recreation x WMBA) | Niverville community youth basketball (WMBA community program),https://steinbachonline.com/events/222073,yes,,unverified-single-source-non-ca,2026-07,,youth,
Niverville Recreation — Youth Basketball,Manitoba,Niverville,source,South Region (Eastman),https://nivervillerec.ca/programs/,recreation@whereyoubelong.ca,204-388-4600,,private academy,,,,,,,,,,,,,census-2026-07,1,2,,,Aim High Basketball Academy | Niverville Recreation — Youth Basketball,https://www.basketballmanitoba.ca/2024/07/aim-high-basketball-academy-hosting.html,yes,yes,canadian-tld,2026-07,,youth,
Northstar Basketball (Northstar Sports Foundation),Manitoba,Winnipeg,source,Winnipeg,https://www.northstarbasketball.ca/,info@northstarbasketball.ca,,National Preparatory Association (NPA),private academy operated by nonprofit foundation,,,,,,,,,,,,,census-2026-07,1,1,,,Northstar Basketball (Northstar Sports Foundation),https://www.northstarbasketball.ca/about,yes,yes,canadian-tld,2026-07,,youth,
Oxford Heights Community Club — Basketball,Manitoba,Winnipeg,source,Winnipeg (Transcona),https://oxfordheights.pointstreaksites.com/view/oxfordheights/sports-1/basketball-4,oxfordheights@shaw.ca,204-222-2419,WMBA Fall/Winter Community Centre League; WMBA Spring Community League; WMBA x ELEVATE 3x3 Youth Summer League,multi-sport community centre (nonprofit),,,,,,,,,,,,,census-2026-07,1,1,,,Oxford Heights Community Club — Basketball,https://oxfordheights.pointstreaksites.com/view/oxfordheights/sports-1/basketball-4,yes,,unverified-single-source-non-ca,2026-07,,youth,
PBA Winnipeg Inc. (Philippine Basketball Association of Winnipeg),Manitoba,Winnipeg,source,Winnipeg,https://pbawpginc.ca/,pbawpg@gmail.com,204-294-7931,PBA Winnipeg (Philippine Basketball Association of Winnipeg) — Youth Divisions,community nonprofit league operator,,,,,,,,,,,,,census-2026-07,1,1,,,PBA Winnipeg Inc. (Philippine Basketball Association of Winnipeg),https://www.basketballmanitoba.ca/2024/08/pba-winnipeg-announces-2024-25.html,yes,yes,canadian-tld,2026-07,,youth,
Peg City Basketball (Basketball Manitoba club league arm),Manitoba,Winnipeg,source,Winnipeg,https://pegcityball.club/,info@pegcityball.ca,204-925-5775,Peg City Club Basketball League (CBL); Peg City Showcase; Sea Bears Youth League (SBYL),PSO-operated league,,,,,,,,,,,,,census-2026-07,1,2,,,Peg City Basketball (Basketball Manitoba club league arm) | United Basketball Club,https://pegcityball.club/content/club-basketball-overview,yes,,unverified-single-source-non-ca,2026-07,,youth,
Prairie Basketball League (PBL) / PBL Select,Manitoba,Niverville area (Eastman/Central region),source,Eastman/Central (south of Winnipeg),https://prairiebasketballleague.ca,prairiebasketballleague@gmail.com,204-998-4462,Manitoba Basketball Club Championships (provincials); Peg City Showcase; Prairie Basketball League (PBL),community nonprofit / league operator with select teams,49.6059233,-97.03736339999999,,ChIJDagXYYvEwVIR3eOge7duRgg,APPROXIMATE,,,,,,"Niverville, MB, Canada",,"census-2026-07,geocode",2,2,,,Prairie Basketball League (PBL) / PBL Select,https://maps.googleapis.com/maps/api/geocode/json,yes,yes,canadian-tld,2026-07,,youth,
Prairie Basketball League (PBL) — league operator & PBL Select club teams,Manitoba,Steinbach,source,Rest of Manitoba (Eastman/Central 'South Region'),https://prairiebasketballleague.ca/,prairiebasketballleague@gmail.com,204-998-4462,Peg City Club Basketball League (CBL); Prairie Basketball League (PBL),community org / league operator (also listed in Basketball Manitoba club database as a club entity),,,,,,,,,,,,,census-2026-07,1,2,,,Prairie Basketball League (PBL) — league operator & PBL Select club teams | Prairie Basketball League (PBL) — organization,https://prairiebasketballleague.ca/,yes,yes,canadian-tld,2026-07,,youth,
Prairie Elite Basketball Academy,Manitoba,Winkler,source,Pembina Valley / Central,https://www.facebook.com/prairieelitebasketball/,prairieelitebasketballacademy@gmail.com,,,private academy,,,,,,FB @prairieelitebasketball,,,,,,,"census-2026-07,website-scrape",2,2,,,Prairie Elite Basketball Academy,https://www.basketballmanitoba.ca/2018/11/prairie-elite-basketball-academy.html,yes,yes,website-corroborated,2026-07,,youth,
Quest Basketball Club,Manitoba,Winnipeg,source,Winnipeg,,,,Peg City Showcase,community club (unverified structure),,,,,,,,,,,,,census-2026-07,1,1,,,Quest Basketball Club,https://www.basketballmanitoba.ca/2025/09/schedules-announced-for-peg-city.html,,,no-website,2026-07,,youth,
REFRESH Basketball,Manitoba,Winnipeg,source,Winnipeg (city-wide),https://linktr.ee/refreshbasketball,refreshbasketballywg@gmail.com,204-995-1682,Manitoba Basketball Club Championships (provincials); Peg City Showcase,community nonprofit,,,,,,,,,,,,,census-2026-07,1,1,,,REFRESH Basketball,https://www.basketballmanitoba.ca/search/label/ClubDirectory,yes,,unverified-single-source-non-ca,2026-07,,youth,
Relentless Basketball / BTBD Hoops,Manitoba,West St. Paul (Winnipeg metro),source,Winnipeg,https://btbdhoopsxrelentless.ca/,btbdhoops@gmail.com,204-891-0144,Peg City Showcase; Sea Bears Youth League (SBYL) 3x3 Series,private academy/training + club,50.0277353,-97.10536379999999,,ChIJ5Uwn0yRv6lIRO7CScE1cOyo,APPROXIMATE,,,,,,"West St. Paul, MB, Canada",,"census-2026-07,geocode",2,3,,,Relentless Basketball (BTBD Hoops x Relentless) | Relentless Basketball / BTBD Hoops,https://maps.googleapis.com/maps/api/geocode/json,yes,yes,canadian-tld,2026-07,,youth,
Rising Star Basketball Club,Manitoba,Winnipeg,source,Winnipeg (city-wide),,wpgrisingstarclub@gmail.com,204-951-2070,Manitoba Basketball Club Championships (provincials); Peg City Showcase,community nonprofit,,,,,,,,,,,,,census-2026-07,1,1,,,Rising Star Basketball Club,https://www.basketballmanitoba.ca/search/label/ClubDirectory,yes,,no-website,2026-07,,youth,
Roblin Park Community Centre — Basketball,Manitoba,Winnipeg,source,Winnipeg (Charleswood),https://www.roblinpark.org/basketball,rpcc@wmba.ca,204-837-9288,WMBA Fall/Winter Community Centre League,multi-sport community centre (nonprofit),,,,,,,,,,,,,census-2026-07,1,1,,,Roblin Park Community Centre — Basketball,https://www.roblinpark.org/basketball,yes,,unverified-single-source-non-ca,2026-07,,youth,
Showtime Basketball Club,Manitoba,Winnipeg,source,Winnipeg (West — St. James),,jbourcier28@gmail.com,,Peg City Showcase; Sea Bears Youth League (SBYL) 3x3 Series,community club (unverified structure),,,,,,,,,,,,,census-2026-07,1,1,,,Showtime Basketball Club,https://www.basketballmanitoba.ca/2025/08/showtime-basketball-club-announces.html,yes,,no-website,2026-07,,youth,
South Winnipeg Community Centre (SWCC) — Basketball,Manitoba,Winnipeg,source,Winnipeg (South),https://swcc1.ca/basketball/,basketball@swcc1.ca,(204) 269-1908,WMBA Fall/Winter Community Centre League; WMBA Spring Community League,multi-sport community centre (nonprofit),,,,,,,,,,,,,census-2026-07,1,2,,,South Winnipeg Community Centre (SWCC) — Basketball | South Winnipeg Community Centre — Basketball,https://swcc1.ca/basketball/,yes,yes,canadian-tld,2026-07,,youth,
South Winnipeg Wildcats Basketball Club,Manitoba,Winnipeg,source,Winnipeg (South),,wpgwildcatsbasketball@gmail.com,,,community club (girls-focused),,,,,,,,,,,,,census-2026-07,1,1,,,South Winnipeg Wildcats Basketball Club,https://www.basketballmanitoba.ca/search/label/Club%20Tryouts?updated-max=2023-12-14T00:00:00-06:00&max-results=50,yes,,no-website,2026-07,,youth,
Southeast Storm Basketball (Southeast Community Storm Basketball),Manitoba,Steinbach,source,Eastman,http://www.southeaststormbasketball.com/,jdykerman@hsd.ca,,WMBA Fall/Winter Community Centre League,community nonprofit,,,,,,,,,,,,,census-2026-07,1,1,,,Southeast Storm Basketball (Southeast Community Storm Basketball),http://www.southeaststormbasketball.com/,yes,,unverified-single-source-non-ca,2026-07,,youth,
Steinbach Jr. Pilots,Manitoba,Steinbach,source,Rest of Manitoba (Eastman),https://www.wmba.ca/team/13441/506/7616/366710,wayneelias@outlook.com,204-370-6507,WMBA Fall/Winter Community Centre League,community program (single-team community entry; club status unclear),,,,,,,,,,,,,census-2026-07,1,1,,,Steinbach Jr. Pilots,https://www.wmba.ca/team/13441/506/7616/366710,yes,yes,canadian-tld,2026-07,,youth,
SUMMIT Basketball,Manitoba,Winnipeg,source,Winnipeg (city-wide),,wgpsummitbasketball@gmail.com,204-299-7918,Manitoba Basketball Club Championships (provincials); Peg City Club Basketball League (CBL); Peg City Showcase,community nonprofit,,,,,,,,,,,,,census-2026-07,1,1,,,SUMMIT Basketball,https://www.basketballmanitoba.ca/search/label/ClubDirectory,yes,,no-website,2026-07,,youth,
The Pas & Area Basketball Association,Manitoba,The Pas,source,North Region (Norman),https://thepasbasketball.ca/,thepasbasketball@gmail.com,204-620-6110,,community nonprofit,,,,,,,,,,,,,census-2026-07,1,1,,,The Pas & Area Basketball Association,https://www.basketballmanitoba.ca/search/label/ClubDirectory?max-results=100,yes,yes,canadian-tld,2026-07,,youth,
Triumph Basketball (Triumph 204),Manitoba,Winnipeg,source,Winnipeg (city-wide),https://www.triumph204.com,info@triumph204.com,204-914-5663,Peg City Showcase,private club/training organization,,,,,,,,,,,,,census-2026-07,1,1,,,Triumph Basketball (Triumph 204),https://www.basketballmanitoba.ca/search/label/ClubDirectory,yes,,unverified-single-source-non-ca,2026-07,,youth,
Unite Basketball,Manitoba,Winnipeg,source,Winnipeg (East),,unitebasketball22@gmail.com,204-333-7005,,community nonprofit,,,,,,,,,,,,,census-2026-07,1,1,,,Unite Basketball,https://www.basketballmanitoba.ca/search/label/ClubDirectory,yes,,no-website,2026-07,,youth,
Unnamed Eastman boys club (Sunrise School Division area — NBA/eCrew directory listing),Manitoba,Beausejour,source,Rest of Manitoba (Eastman),,mhovorka@sunrisesd.ca,,,community program (possibly school-community hybrid — contact uses Sunrise School Division email),,,,,,,,,,,,,census-2026-07,1,1,,,Unnamed Eastman boys club (Sunrise School Division area — NBA/eCrew directory listing),https://nba.ecrew.ca/index.php?type=RE&loc=en&doprovince=MB&v=m,yes,,no-website,2026-07,,youth,
Up Next Basketball,Manitoba,Winnipeg,source,Winnipeg,,,,Peg City Showcase,community club (unverified structure),,,,,,,,,,,,,census-2026-07,1,1,,,Up Next Basketball,https://www.basketballmanitoba.ca/2025/09/schedules-announced-for-peg-city.html,,,no-website,2026-07,,youth,
Valley Gardens Community Centre — Basketball,Manitoba,Winnipeg,source,Winnipeg (Northeast — Valley Gardens),https://valleygardenscc.squarespace.com/basketball,basketballvgcc@gmail.com,204-668-6927,WMBA Fall/Winter Community Centre League,multi-sport community centre (nonprofit),,,,,,,,,,,,,census-2026-07,1,1,,,Valley Gardens Community Centre — Basketball,https://valleygardenscc.squarespace.com/basketball,yes,,unverified-single-source-non-ca,2026-07,,youth,
Vision Elite Academy — Winnipeg,Manitoba,Winnipeg,source,Winnipeg,https://visioneliteacademy.org/basketball,hello@visioneliteacademy.org,204-471-1111,Vision Premier League (internal),private academy (multi-city),,,,,,,,,,,,,census-2026-07,1,1,,,Vision Elite Academy — Winnipeg,https://visioneliteacademy.org/basketball,yes,,unverified-single-source-non-ca,2026-07,,youth,
Westman Youth Basketball Association (WYBA),Manitoba,Brandon,source,Westman (captured via PSO registry sweep),https://www.wyba.ca,wybamanitoba@hotmail.com,204-901-0360,Manitoba Basketball Club Championships (provincials); Westman Youth Basketball Association (WYBA) leagues & programs,community nonprofit / league operator with select teams,,,,,,,,,,,,,census-2026-07,1,1,,,Westman Youth Basketball Association (WYBA),https://www.basketballmanitoba.ca/search/label/ClubDirectory,yes,yes,canadian-tld,2026-07,,youth,
Westside Basketball Club,Manitoba,Winnipeg,source,Winnipeg (West),,bballwestside@gmail.com,,,community club,,,,,,,,,,,,,census-2026-07,1,1,,,Westside Basketball Club,https://www.basketballmanitoba.ca/search/label/Club%20Tryouts?max-results=100,yes,,no-website,2026-07,,youth,
Whyte Ridge Community Centre — WMBA Basketball,Manitoba,Winnipeg,source,Winnipeg (Whyte Ridge / SW),https://whyteridge.ca/sports/basketball/,office@whyteridge.ca,204-487-3042,WMBA Fall/Winter Community Centre League; WMBA Spring Community League,multi-sport community centre,,,,,,,,,,,,,census-2026-07,1,2,,,Whyte Ridge Community Centre — Basketball | Whyte Ridge Community Centre — WMBA Basketball,https://whyteridge.ca/sports/basketball/,yes,yes,canadian-tld,2026-07,,youth,
Winakwa Community Centre — Basketball,Manitoba,Winnipeg,source,Winnipeg (Windsor Park),https://winakwacc.ca/basketball,valeriew@winakwacc.ca,204-253-4418,WMBA Fall/Winter Community Centre League; WMBA Spring Community League,multi-sport community centre (nonprofit),,,,,,,,,,,,,census-2026-07,1,1,,,Winakwa Community Centre — Basketball,https://winakwacc.ca/basketball,yes,yes,canadian-tld,2026-07,,youth,
Winkler Basketball Club,Manitoba,Winkler,source,Rest of Manitoba (Pembina Valley),https://www.facebook.com/winklerbasketballclub/,winklerbasketballclub@gmail.com,,Manitoba Basketball Club Championships (provincials); Peg City Club Basketball League (CBL),community nonprofit,,,,,,FB @winklerbasketballclub,,,,,,,"census-2026-07,website-scrape",2,2,,,Winkler Basketball Club,https://www.pembinavalleyonline.com/articles/winkler-basketball-club-continues-to-flourish,yes,yes,website-corroborated,2026-07,,youth,
Winkler Minor Basketball (WMBB),Manitoba,Winkler,source,Rest of Manitoba (Pembina Valley),https://winklerminorbasketball.weebly.com/,winklerminorbasketball@gmail.com,,Winkler Minor Basketball spring house league (own),"community nonprofit (house-league arm, affiliated with Winkler Basketball Club)",,,,,,,,,,,,,"census-2026-07,website-scrape",2,2,,,Winkler Minor Basketball (WMBB),https://winklerminorbasketball.weebly.com/,yes,yes,website-corroborated,2026-07,,youth,
Winnipeg Blizzards Basketball Club,Manitoba,Winnipeg,source,Winnipeg (East — East Elmwood),https://www.winnipegblizzardsbasketball.ca,winnipegblizzards@gmail.com,,Attack Basketball community league; Manitoba Basketball Club Championships (provincials); PBA Winnipeg (Philippine Basketball Association of Winnipeg) — Youth Divisions; Peg City Club Basketball League (CBL); Sabado League,community nonprofit,,,,,,FB @winnipeg.blizzards; FB @wpgblizzards; IG @winnipegblizzards,,,,,,,"census-2026-07,website-scrape",2,2,,,Winnipeg Blizzards Basketball Club,https://www.winnipegblizzardsbasketball.ca/p/about.html,yes,yes,canadian-tld,2026-07,,youth,
Winnipeg Chaos (Chaos Basketball Club),Manitoba,Winnipeg,source,Winnipeg,https://chaosbasketball.ca/,chaoswinnipeg@gmail.com,,,community club (girls-focused),,,,,,IG @chaosbball,,,,,,,"census-2026-07,website-scrape",2,2,,,Winnipeg Chaos (Chaos Basketball Club),https://chaosbasketball.ca/,yes,yes,canadian-tld,2026-07,,youth,
Winnipeg Cobras Basketball Club,Manitoba,Winnipeg,source,Winnipeg (West — St. James),,jq14@shaw.ca,,Peg City Showcase,community club (unverified structure),,,,,,,,,,,,,census-2026-07,1,1,,,Winnipeg Cobras Basketball Club,https://www.basketballmanitoba.ca/2025/08/winnipeg-cobras-basketball-club-hosting.html,yes,,no-website,2026-07,,youth,
Winnipeg Junior Wesmen Basketball (University of Winnipeg),Manitoba,Winnipeg,source,Winnipeg (Downtown),https://wesmen.ca/sports/2024/6/25/winnipeg-junior-wesmen.aspx,al.cox@uwinnipeg.ca,,Peg City Showcase; Prairie Elite Basketball League (PEBL),university-affiliated club program,,,,,,FB @WesmenAthletics,,,,,,,"census-2026-07,website-scrape",2,3,,,Winnipeg Junior Wesmen (University of Winnipeg) | Winnipeg Junior Wesmen Basketball (University of Winnipeg),https://wesmen.ca/sports/2024/6/25/winnipeg-junior-wesmen.aspx,yes,yes,canadian-tld,2026-07,,youth,
Winnipeg Minor Basketball Association (WMBA),Manitoba,Winnipeg,source,Winnipeg,https://www.wmba.ca/,info@wmba.ca,204-925-5774,WMBA Fall/Winter Community Centre League; WMBA Spring Community League; WMBA x ELEVATE 3x3 Youth Summer League,community nonprofit league operator,,,,,,,,,,,,,census-2026-07,1,1,,,Winnipeg Minor Basketball Association (WMBA),https://www.wmba.ca/,yes,yes,canadian-tld,2026-07,,youth,
Winnipeg Saints,Manitoba,Winnipeg,source,Winnipeg,,wpgsaints@gmail.com,,,community club,,,,,,,,,,,,,census-2026-07,1,1,,,Winnipeg Saints,https://www.basketballmanitoba.ca/search/label/Club%20Tryouts?max-results=100,yes,,no-website,2026-07,,youth,
Winnipeg Team Mayhem Basketball Club,Manitoba,Winnipeg,source,Winnipeg (Northeast),https://www.winnipegteammayhem.com,alexbarra05@hotmail.com,204-295-2006,Peg City Club Basketball League (CBL); Peg City Showcase,community nonprofit,,,,,,,,,,,,,census-2026-07,1,1,,,Winnipeg Team Mayhem Basketball Club,https://www.winnipegteammayhem.com/en/,yes,,unverified-single-source-non-ca,2026-07,,youth,
Winnipeg Wolves Basketball Club,Manitoba,Winnipeg,source,Winnipeg (St. Boniface),http://www.winnipegwolves.com,winnipegwolves@gmail.com,,,community club,,,,,,,,,,,,,"census-2026-07,website-scrape",2,2,,,Winnipeg Wolves Basketball Club,http://www.winnipegwolves.com/,yes,yes,website-corroborated,2026-07,,youth,
Wolf Pack Basketball (Winnipeg),Manitoba,Winnipeg,source,Winnipeg,https://www.crossoverwinnipeg.ca/,crossoverwinnipeg@gmail.com,204-500-9033,Jr. NBA Canada; Manitoba Basketball Club Championships (provincials); Peg City Showcase,private club/academy,49.880944,-97.214148,,,,,,,,,,,"census-2026-07,jrnba-2019",2,6,,,Crossover Basketball Club | Wolf Pack Basketball | Wolf Pack Basketball (Winnipeg),https://www.basketballmanitoba.ca/search/label/ClubDirectory,yes,yes,canadian-tld,2026-07,,youth,
World Class Hoopers,Manitoba,Winnipeg,source,Winnipeg (South — Linden Woods),https://www.instagram.com/worldclasshoopers/,worldclasshoopers@gmail.com,,Manitoba Basketball Club Championships (provincials); Peg City Club Basketball League (CBL); Peg City Showcase,community club (nonprofit status unverified),,,,,,IG @worldclasshoopers,,,,,,,"census-2026-07,website-scrape",2,2,,,World Class Hoopers,https://www.basketballmanitoba.ca/2025/07/world-class-hoopers-announces-202526.html,yes,yes,website-corroborated,2026-07,,youth,
YFC Winnipeg Club Basketball (Youth for Christ),Manitoba,Winnipeg,source,Winnipeg (Downtown),https://yfc.ca/winnipeg/program/club-basketball/,jamie.wilson@yfcwinnipeg.ca,204-669-4205,,multi-sport/faith-based charity youth org,,,,,,,,,,,,,census-2026-07,1,2,,,YFC Winnipeg Club Basketball (Youth for Christ) | YFC Winnipeg — Club Basketball program,https://yfc.ca/winnipeg/program/club-basketball/,yes,yes,canadian-tld,2026-07,,youth,
506 Elevate Basketball (formerly 506 Shamrocks),New Brunswick,Moncton,source,Moncton & southeast NB,https://www.facebook.com/506Shamrocks/,,,BNB-sanctioned club tournament circuit (winter weekends),private development program,,,,,,,,,,,,,census-2026-07,1,1,,,506 Elevate Basketball (formerly 506 Shamrocks),https://www.facebook.com/506Shamrocks/,,,unverified-single-source-non-ca,2026-07,,youth,
506 Elite (TH Sports Group),New Brunswick,Moncton,source,"Moncton & southeast NB (facility in Irishtown, Greater Moncton)",https://506elite.com/,,(506) 378-2880,506 Elite 'Elevate League' (U7-U18) — operator; BNB Provincial Championships U12/U13/U14; BNB Provincial League (U12-U14); BNB-sanctioned club tournament circuit (winter weekends),private academy / for-profit multi-sport facility,,,,,,,,,,,,,census-2026-07,1,1,,,506 Elite (TH Sports Group),https://506elite.com/,yes,,unverified-single-source-non-ca,2026-07,,youth,
Acadie Basketball,New Brunswick,,,Acadian Peninsula / BNB North Region (town unconfirmed),,,,,community nonprofit (assumed; francophone),,,,,,,,,,,,,census-2026-07,1,1,,,Acadie Basketball,https://www.basketball.nb.ca/content/find-a-club-association,,,no-website,2026-07,,youth,
Basketball Dieppe Inc.,New Brunswick,Dieppe,source,Moncton & southeast NB,https://basketballdieppe.ca/,presidence@basketballdieppe.ca,,BNB Provincial League (U12-U14); Basketball Dieppe winter season (Saison d'hiver) — operator,community nonprofit (first fully francophone basketball association in NB),,,,,,,,,,,,,census-2026-07,1,1,,,Basketball Dieppe Inc.,https://basketballdieppe.ca/,yes,yes,canadian-tld,2026-07,,youth,
Bathurst Minor Basketball Association (BNB registry: 'Bathurst Basketball Association'),New Brunswick,Bathurst,source,Chaleur (BNB North),https://www.bathurstminorbasketball.ca/,colin.brewster@holliswealth.com,(506) 543-1642,BNB Provincial League (U12-U14); Bathurst Minor Basketball house divisions (own program),community nonprofit,,,,,,,,,,,,,census-2026-07,1,1,,,Bathurst Minor Basketball Association (BNB registry: 'Bathurst Basketball Association'),https://www.bathurstminorbasketball.ca/,yes,yes,canadian-tld,2026-07,,youth,
BGC Dieppe (Boys & Girls Club of Dieppe),New Brunswick,Dieppe,source,Moncton & southeast NB,https://bgcdieppe.ca/programs/drop-in/,programmer@dbgc.org,,,multi-sport org (youth club charity),,,,,,,,,,,,,census-2026-07,1,1,,,BGC Dieppe (Boys & Girls Club of Dieppe),https://bgcdieppe.ca/programs/drop-in/,yes,yes,canadian-tld,2026-07,,youth,
Carleton County Elite,New Brunswick,Woodstock,source,Carleton County,,,,,community rep program (assumed),,,,,,,,,,,,,census-2026-07,1,2,,,Carleton County Elite,https://www.basketball.nb.ca/content/find-a-club-association,,,no-website,2026-07,,youth,
Carleton North Minor Basketball Association,New Brunswick,Florenceville-Bristol,source,Carleton County (north),https://www.facebook.com/share/1CY9UV55im/?mibextid=wwXIfr,,,,community nonprofit,,,,,,,,,,,,,census-2026-07,1,1,,,Carleton North Minor Basketball Association,https://www.basketball.nb.ca/content/find-a-club-association,,,unverified-single-source-non-ca,2026-07,,youth,
Central Carleton Basketball Association (CCBA),New Brunswick,Hartland,source,Carleton County (BNB Central/West),https://www.facebook.com/groups/222366587892722/,,,,community nonprofit,,,,,,FB @recover,,,,,,,"census-2026-07,website-scrape",2,2,,,Central Carleton Basketball Association (CCBA),https://www.basketball.nb.ca/content/find-a-club-association,,yes,website-corroborated,2026-07,,youth,
Eagles Basketball Academy (NB),New Brunswick,,,BNB Central/West Region (town unconfirmed),,,,,private academy (assumed from name),,,,,,,,,,,,,census-2026-07,1,1,,,Eagles Basketball Academy (NB),https://www.basketball.nb.ca/content/find-a-club-association,,,no-website,2026-07,,youth,
East Coast Basketball Association,New Brunswick,Saint John,source,Saint John area (BNB South Region),https://www.rns.cc/camps/ecba,damian.gay@rns.cc,506-644-8479,,community nonprofit (assumed),,,,,,,,,,,,,census-2026-07,1,2,,,East Coast Basketball Association,https://www.basketball.nb.ca/content/find-a-club-association,yes,,unverified-single-source-non-ca,2026-07,,youth,
East Saint John Minor Basketball Association (ESJMBA),New Brunswick,Saint John,source,Saint John (East),https://esjmba.com/,esjmbamike@gmail.com,506-657-7328,East Saint John Minor Basketball Association house league; Jr. NBA Canada,community nonprofit,45.298321,-66.007325,,,,,,,,,,,"census-2026-07,jrnba-2019",2,2,,,East Saint John Minor Basketball Association | East Saint John Minor Basketball Association (ESJMBA),https://esjmba.com/,yes,,unverified-single-source-non-ca,2026-07,,youth,
Fredericton Jr Freeze,New Brunswick,Fredericton,source,Capital region (BNB Central/West),https://www.facebook.com/p/Fredericton-Jr-Freeze-Girls-Basketball-Team-61574570303956/,,,,community nonprofit (youth arm of MWBA Fredericton Freeze),,,,,,FB @contactus,,,,,,,"census-2026-07,website-scrape",2,2,,,Fredericton Jr Freeze,https://themwba.ca/2025/03/24/junior-freeze-becomes-reality/,,yes,website-corroborated,2026-07,,youth,
Fredericton Youth Basketball Association (Fredericton Fusion),New Brunswick,Fredericton,source,Fredericton,https://www.frederictonfusion.com/,info@frederictonfusion.com,,BNB Provincial Championships U12/U13/U14; BNB Provincial League (U12-U14); BNB-sanctioned club tournament circuit (winter weekends); Fusion City League (Fredericton Youth Basketball Association),community nonprofit,,,,,,FB @frederictonfusionbasketball; FB @https; IG @frederictonfusionbasketball,,,,,,,"census-2026-07,website-scrape",2,2,,,Fredericton Youth Basketball Association (Fredericton Fusion),https://www.frederictonfusion.com/,yes,yes,website-corroborated,2026-07,,youth,
Grand Falls Minor Basketball Association,New Brunswick,Grand Falls (Grand-Sault),source,Victoria County / Northwest (BNB Central/West),,,,,community nonprofit,47.0455087,-67.7448517,,ChIJ36ZDxujQvEwR9d1ePxX5Z4Y,APPROXIMATE,,,,,,"Grand Falls, NB, Canada",,"census-2026-07,geocode",2,2,,,Grand Falls Minor Basketball Association,https://maps.googleapis.com/maps/api/geocode/json,,,no-website,2026-07,,youth,
Hampton Minor Basketball Association (HMBA),New Brunswick,Hampton,source,Saint John area (Kings County),https://hamptonminorbasketball.com/,hamptonminorbasketball@gmail.com,,Hampton Minor Basketball Association house league,community nonprofit,,,,,,FB @hamptonminorbasketball; IG @hampton_minor_basketball,,,,,,,"census-2026-07,website-scrape",2,2,,,Hampton Minor Basketball Association (HMBA),https://hamptonminorbasketball.com/,yes,yes,website-corroborated,2026-07,,youth,
Harvey Minor Basketball Association,New Brunswick,Harvey Station,source,York County (rural Fredericton area),https://www.facebook.com/groups/390133675984191/,,,,community nonprofit,,,,,,FB @recover,,,,,,,"census-2026-07,website-scrape",2,2,,,Harvey Minor Basketball Association,https://www.basketball.nb.ca/content/find-a-club-association,,yes,website-corroborated,2026-07,,youth,
Jr. Fog (Port City Fog junior program),New Brunswick,Saint John,source,Saint John,https://themwba.ca/teams/port-city-fog/,portcityfog@gmail.com,,BNB-sanctioned spring play (under Basketball NB umbrella),"community program of semi-pro women's team (Port City Fog, MWBA)",,,,,,,,,,,,,census-2026-07,1,2,,,Jr. Fog (Port City Fog junior program) | Jr. Fog (Port City Fog youth program),https://www.basketball.nb.ca/content/find-a-club-association,yes,yes,canadian-tld,2026-07,,youth,
Jr. Freeze (Fredericton Junior Freeze),New Brunswick,Fredericton,source,Fredericton,https://themwba.ca/2025/03/24/junior-freeze-becomes-reality/,,,BNB-sanctioned spring play (under Basketball NB umbrella),"community program of semi-pro women's team (Fredericton Freeze, MWBA)",,,,,,,,,,,,,census-2026-07,1,1,,,Jr. Freeze (Fredericton Junior Freeze),https://themwba.ca/2025/03/24/junior-freeze-becomes-reality/,,yes,canadian-tld,2026-07,,youth,
K's Port City Basketball,New Brunswick,Saint John,source,Saint John,https://www.facebook.com/groups/4191807610851414/,,,K's Port City Basketball spring league (own),community nonprofit,,,,,,,,,,,,,census-2026-07,1,1,,,K's Port City Basketball,https://www.saintjohnsports.com/listing/ks-port-city-basketball/,,,unverified-single-source-non-ca,2026-07,,youth,
Kennebecasis Valley Basketball Association (KVBA),New Brunswick,Quispamsis/Rothesay,source,Kennebecasis Valley,https://kvba.ca/,president@kvba.ca,,BNB Provincial Championships U12/U13/U14; BNB Provincial League (U12-U14); BNB-sanctioned club tournament circuit (winter weekends); Kennebecasis Valley Basketball Association (KVBA) house league,community nonprofit,,,,,,FB @KVBAKennebecasisValleyBasketballAssociat,,,,,,,"census-2026-07,website-scrape",2,2,,,Kennebecasis Valley Basketball Association (KVBA),https://kvba.ca/,yes,yes,canadian-tld,2026-07,,youth,
Lancaster Minor Basketball Association (LMBA),New Brunswick,Saint John,source,Saint John West (BNB South),https://www.lancasterhoops.com/,lancasterminorbasketball@gmail.com,,BNB Provincial Championships U12/U13/U14; BNB U11 Kickoff (Nov) & U11 Spring Finale (Feb); BNB-sanctioned club tournament circuit (winter weekends); Lancaster Minor Basketball Association house league,community nonprofit,,,,,,,,,,,,,census-2026-07,1,1,,,Lancaster Minor Basketball Association (LMBA),https://www.lancasterhoops.com/,yes,,unverified-single-source-non-ca,2026-07,,youth,
Maritime Progression,New Brunswick,Moncton,source,Moncton & southeast NB,https://maritimeprogression.com/,orlandopalmer@live.ca,506-304-6982,,private academy / training business,,,,,,,,,,,,,census-2026-07,1,1,,,Maritime Progression,https://maritimeprogression.com/,yes,,unverified-single-source-non-ca,2026-07,,youth,
McAdam Minor Basketball Association,New Brunswick,McAdam,source,York County (southwest),https://www.facebook.com/mcadambasketball,mcadamminorbasketball@outlook.com,506-784-1422,,community nonprofit,,,,,,,,,,,,,census-2026-07,1,1,,,McAdam Minor Basketball Association,https://www.basketball.nb.ca/content/find-a-club-association,yes,,unverified-single-source-non-ca,2026-07,,youth,
Miramichi River Hoops (River Hoops Basketball Association),New Brunswick,Miramichi,source,Miramichi / North Shore,https://leagues.teamlinkt.com/miramichiriverhoops,,,BNB Provincial League (U12-U14); Miramichi River Hoops league,community nonprofit,,,,,,,,,,,,,census-2026-07,1,1,,,Miramichi River Hoops (River Hoops Basketball Association),https://leagues.teamlinkt.com/miramichiriverhoops/Schedule,,,unverified-single-source-non-ca,2026-07,,youth,
Moncton Basketball Association (MBA) — Moncton Hawks,New Brunswick,Moncton,source,Moncton & southeast NB,https://www.monctonbasketball.ca/,executivedirector@monctonbasketball.ca,(506) 295-5588,BNB Age Class Provincials (U16 & U18); BNB Provincial Championships U12/U13/U14; BNB Provincial League (U12-U14); BNB U11 Kickoff (Nov) & U11 Spring Finale (Feb); BNB-sanctioned club tournament circuit; BNB-sanctioned club tournament circuit (winter weekends); MBA spring league; Moncton Basketball Association (MBA) recreational; Moncton Basketball Association (MBA) recreational league; spring leagues,community nonprofit,,,,,,,,,,,,,census-2026-07,1,1,,,Moncton Basketball Association (MBA) — Moncton Hawks,https://www.monctonbasketball.ca/,yes,yes,canadian-tld,2026-07,,youth,
Moncton Kiwanis Minor Basketball Association (MKMBA) [LEGACY],New Brunswick,Moncton,source,Moncton & southeast NB,https://www.sportsengine.com/org/moncton-kiwanis-minor-basketball-association,executivedirector@mkmba.ca,(506) 384-7614,MKMBA - Moncton Kiwanis Minor Basketball Association (LEGACY); MKMBA - Moncton Kiwanis Minor Basketball Association recreational league (LEGACY),community nonprofit (legacy),,,,,,,,,,,,,census-2026-07,1,1,,,Moncton Kiwanis Minor Basketball Association (MKMBA) [LEGACY],https://www.sportsengine.com/org/moncton-kiwanis-minor-basketball-association,yes,,unverified-single-source-non-ca,2026-07,,youth,
NXT Level Basketball,New Brunswick,Moncton,source,Moncton & southeast NB,https://nxtlevelbasketball.wixsite.com/nxtlevel,nxtlevelbasketball@hotmail.com,506-962-3559,BNB Provincial League (U12-U14),private academy / training business,,,,,,,,,,,,,census-2026-07,1,1,,,NXT Level Basketball,https://nxtlevelbasketball.wixsite.com/nxtlevel,yes,,unverified-single-source-non-ca,2026-07,,youth,
Port Elgin Minor Basketball Association (PEMBA),New Brunswick,Port Elgin,source,Moncton & southeast NB,http://pemba.pointstreaksites.com/view/pemba/,,,,community nonprofit,,,,,,,,,,,,,census-2026-07,1,1,,,Port Elgin Minor Basketball Association (PEMBA),http://pointstreak.com/players/players-team.html?teamid=358109&seasonid=8295,,,unverified-single-source-non-ca,2026-07,,youth,
Reds Selects (UNB),New Brunswick,Fredericton,source,Fredericton,https://goredsgo.ca/sports/wbkb/junior_basketball,redsrec@unb.ca,(506) 453-4579,BNB-sanctioned club tournament circuit (winter weekends); BNB-sanctioned spring league/tournament play (regional),university-affiliated youth club program,,,,,,,,,,,,,census-2026-07,1,3,,,Junior Reds Basketball (UNB) | Reds Selects (UNB) | UNB Junior Reds / REDS Selects,https://goredsgo.ca/sports/wbkb/junior_basketball,yes,yes,canadian-tld,2026-07,,youth,
River Valley Basketball Association (RVBA),New Brunswick,Grand Bay-Westfield,source,Saint John area,https://rvba.ca/,,(506) 738-1086,BNB Provincial Championships U12/U13/U14; BNB-sanctioned club tournament circuit (winter weekends); RVBA Spring League; RVBA house league (Grand Bay-Westfield),community nonprofit,,,,,,IG @rivervalley.basketball,,,,,,,"census-2026-07,website-scrape",2,2,,,River Valley Basketball Association (RVBA),https://rvba.ca/,yes,yes,canadian-tld,2026-07,,youth,
Riverview Minor Basketball Association (RMBA),New Brunswick,Riverview,source,Moncton & southeast NB,https://www.rmba.ca/,rmbaexec@gmail.com,,BNB Provincial Championships U12/U13/U14; BNB Provincial League (U12-U14); BNB U11 Kickoff (Nov) & U11 Spring Finale (Feb); Moncton Basketball Association (MBA) recreational; Riverview Minor Basketball Association (RMBA) community league — operator; spring leagues,community nonprofit,,,,,,FB @RMBA1; FB @riverviewminorbasketball; IG @riverviewminorbasketball,,,,,,,"census-2026-07,website-scrape",2,2,,,Riverview Minor Basketball Association (RMBA),https://www.rmba.ca/,yes,yes,canadian-tld,2026-07,,youth,
Sackville Basketball Boosters Association (SBBA),New Brunswick,Sackville,source,Moncton & southeast NB (Municipality of Tantramar),https://www.facebook.com/groups/928493714005177/,,,,community nonprofit,,,,,,,,,,,,,census-2026-07,1,1,,,Sackville Basketball Boosters Association (SBBA),https://www.basketball.nb.ca/content/find-a-club-association,,,unverified-single-source-non-ca,2026-07,,youth,
Salisbury Petitcodiac Minor Basketball Association (SPMBA),New Brunswick,Salisbury,source,Moncton & southeast NB (serves Salisbury + Petitcodiac),https://salisburybasketball.ca/,info@salisburybasketball.ca,,BNB Provincial Championships U12/U13/U14 (reported); BNB-sanctioned club tournament circuit (winter weekends); Moncton Basketball Association (MBA) recreational; spring leagues,community nonprofit (est. 2015),,,,,,FB @salisburybasketball; FB @salisburyhoops; IG @salisburybasketball,,,,,,,"census-2026-07,website-scrape",2,2,,,Salisbury Petitcodiac Minor Basketball Association (SPMBA),https://salisburybasketball.ca/,yes,yes,canadian-tld,2026-07,,youth,
South West Regional Minor Basketball Association,New Brunswick,St. George,source,Charlotte County / southwestern NB,https://www.facebook.com/St.Georgebasketball/,,,,community nonprofit,,,,,,FB @St.Georgebasketball,,,,,,,"census-2026-07,website-scrape",2,3,,,South West Regional Minor Basketball Association,https://www.basketball.nb.ca/content/find-a-club-association,,yes,website-corroborated,2026-07,,youth,
Southern Victoria Basketball Club (Southern Victoria Minor Basketball Association),New Brunswick,Perth-Andover,source,Victoria County / upper river valley,https://svba.ca/,,,BNB Provincial League (U12-U14),community nonprofit,,,,,,,,,,,,,census-2026-07,1,2,,,Southern Victoria Basketball Club (Southern Victoria Minor Basketball Association) | Southern Victoria Minor Basketball Association (SVBA),https://www.basketball.nb.ca/content/find-a-club-association,,yes,canadian-tld,2026-07,,youth,
St. Stephen Minor Basketball Association (SSBA),New Brunswick,St. Stephen,source,Charlotte County,https://www.facebook.com/groups/673711246067744/,,,BNB Provincial League (U12-U14),community nonprofit,,,,,,FB @recover,,,,,,,"census-2026-07,website-scrape",2,2,,,St. Stephen Minor Basketball Association (SSBA),https://www.basketball.nb.ca/content/find-a-club-association,,yes,website-corroborated,2026-07,,youth,
Surge Basketball (Saint John Surge),New Brunswick,Rothesay,source,Greater Saint John / Kennebecasis Valley (BNB South),https://www.surgebasketball.com/,surgebasketballacademy@hotmail.com,,BNB Provincial Championships U12/U13/U14; BNB U11 Kickoff (Nov) & U11 Spring Finale (Feb); BNB-sanctioned club tournament circuit (winter weekends),private academy (registered for-profit club),,,,,,,,,,,,,"census-2026-07,website-scrape",2,2,,,Surge Basketball (Saint John Surge),https://www.surgebasketball.com/,yes,yes,website-corroborated,2026-07,,youth,
Sussex Minor Basketball Association,New Brunswick,Sussex,source,Saint John area (Kings County),https://sussexbasketball.sportngin.com/,,(506) 433-9341,Sussex Minor Basketball Association house program,community nonprofit,,,,,,,,,,,,,census-2026-07,1,1,,,Sussex Minor Basketball Association,https://sussexbasketball.sportngin.com/,yes,,unverified-single-source-non-ca,2026-07,,youth,
Sweat Academy (Sweat Academy Athlete Development Inc.),New Brunswick,Fredericton / Woodstock / Edmundston (HQ Moncton),source,"Multiple NB regions incl. Fredericton, upper river valley, and northwest",https://www.sweatacademy.com/,sweatacademy@gmail.com,506-380-2255,,"private academy (multi-sport, for-profit)",46.0878165,-64.7782313,,ChIJZRfUGCm5oEwRxGNOOjMKwQ0,APPROXIMATE,,,,,,"Moncton, NB, Canada",,"census-2026-07,geocode",2,4,,,Sweat Academy (Capital City / Western Valley / Madawaska-Victoria branches) | Sweat Academy (Sweat Academy Athlete Development Inc.) | Sweat Academy Player Development Inc.,https://maps.googleapis.com/maps/api/geocode/json,yes,,unverified-single-source-non-ca,2026-07,,youth,
Woodstock Minor Basketball Association,New Brunswick,Woodstock,source,Carleton County / Upper River Valley (BNB Central/West),http://www.woodstockminorbasketball.com/,,,BNB Provincial League (U12-U14); Woodstock Minor Basketball League (own house league),community nonprofit,,,,,,,,,,,,,census-2026-07,1,1,,,Woodstock Minor Basketball Association,https://www.basketball.nb.ca/content/find-a-club-association,,,ambiguous-place-single-source-non-ca,2026-07,,youth,
YFC Elite Basketball Association,New Brunswick,Fredericton,source,Fredericton,https://www.yfc-elite-basketball-association.ca/,yfc.elite.basketball@gmail.com,,BNB Age Class Provincials (U16 & U18); BNB-sanctioned club play (Looking for Games circuit); BNB-sanctioned club tournament circuit (winter weekends),community nonprofit,,,,,,FB @YFCEliteBasketball; IG @yfcelitebasketball,,,,,,,"census-2026-07,website-scrape",2,2,,,YFC Elite Basketball Association,https://www.yfc-elite-basketball-association.ca/,yes,yes,canadian-tld,2026-07,,youth,
YMCA of Fredericton — Youth Basketball (Jr. NBA),New Brunswick,Fredericton,source,Capital region,https://fredericton.ymca.ca/programs/youth-registered-programs-gr-1-8/youth-basketball/,info@ymcafredericton.org,,Jr. NBA Canada,multi-sport org (YMCA charity),45.96355,-66.6431,,,,,,,,,,,"census-2026-07,jrnba-2019",2,4,,,YMCA of Fredericton | YMCA of Fredericton — Youth Basketball (Jr. NBA),https://fredericton.ymca.ca/programs/youth-registered-programs-gr-1-8/youth-basketball/,yes,yes,canadian-tld,2026-07,,youth,
YMCA of Greater Moncton,New Brunswick,Moncton,source,Moncton & southeast NB,https://moncton.ymca.ca/programs/child-youth-programs/,info@ymcamoncton.ca,506-857-0606,,multi-sport org (charitable),,,,,,,,,,,,,census-2026-07,1,1,,,YMCA of Greater Moncton,https://moncton.ymca.ca/programs/child-youth-programs/,yes,yes,canadian-tld,2026-07,,youth,
Avalon Basketball (Avalon Basketball Association / 709 Basketball),Newfoundland & Labrador,St. John's,source,"Newfoundland & Labrador — Avalon (St. John's metro, east end)",https://avalonbasketball.com,admin@709basketball.com,709-689-5332,Avalon Basketball 3v3 League (internal); NLBA Minor Club League; NLBA Minor Club Provincial Basketball Championships,club program under 709 Basketball umbrella (privately operated club brand; also runs Outer Cove and Southern Shore Goulds programs),,,,,,,,,,,,,census-2026-07,1,1,,,Avalon Basketball (Avalon Basketball Association / 709 Basketball),https://www.newfoundlandlabradorbasketball.com/minor-clubs,yes,,unverified-single-source-non-ca,2026-07,,youth,
CBN Youth Ball,Newfoundland & Labrador,Conception Bay North,source,Newfoundland & Labrador — Conception Bay North,,,,,community program,,,,,,,,,,,,,census-2026-07,1,1,,,CBN Youth Ball,https://www.newfoundlandlabradorbasketball.com/membership,,,no-website,2026-07,,youth,
CE23 Academy,Newfoundland & Labrador,Paradise,source,Newfoundland & Labrador — Avalon (St. John's metro),https://www.ce23basketball.com,team@ce23basketball.com,709-782-8400,NLBA Minor Club League; NLBA Minor Club Provincial Basketball Championships; NPH-SL,private academy (own full facility),48.6064556,-56.3330408,,ChIJ-Ycb1AS2cEsREIc5UEfkBg8,APPROXIMATE,,,,,,"Newfoundland, Newfoundland and Labrador, Canada",,"census-2026-07,geocode,ontario-circuit-list",3,4,,,CE23 Academy | CE23 Academy (CE23 Basketball),https://maps.googleapis.com/maps/api/geocode/json,yes,,unverified-single-source-non-ca,2026-07,,youth,
CE23 Academy,Newfoundland & Labrador,Newfoundland,source,Eastern Canada,www.ce23basketball.com,team@ce23basketball.com,709-782-8400,NPH Showcase; NPH-SL,,,,,,,,,,,,,,"census-2026-07,ontario-csv",2,2,,,CE23 Academy,ontario census + enrichment 2026-07-18,yes,yes,website-corroborated,2026-07,,youth,
Central Athletics,Newfoundland & Labrador,Grand Falls-Windsor,source,Newfoundland & Labrador — Central NL,https://central-athletics.square.site,centralathletics@hotmail.com,,,private children's sports business,,,,,,,,,,,,,"census-2026-07,website-scrape",2,2,,,Central Athletics,https://www.facebook.com/people/Central-Athletics/61565938269237/,yes,yes,website-corroborated,2026-07,,youth,
Central Female Basketball,Newfoundland & Labrador,Grand Falls-Windsor,source,Newfoundland & Labrador — Central NL,,,,NLBA Minor Club League; NLBA Minor Club Provincial Basketball Championships,community club (girls-focused),,,,,,,,,,,,,census-2026-07,1,1,,,Central Female Basketball,https://www.newfoundlandlabradorbasketball.com/membership,,,no-website,2026-07,,youth,
Central NL Youth Basketball (Central NL Minor Basketball),Newfoundland & Labrador,Grand Falls-Windsor,source,Newfoundland & Labrador — Central NL,,bcookegfw@hotmail.com,709-486-3136,NLBA Minor Club League; NLBA Minor Club Provincial Basketball Championships,community program/nonprofit,,,,,,,,,,,,,census-2026-07,1,1,,,Central NL Youth Basketball (Central NL Minor Basketball),https://www.newfoundlandlabradorbasketball.com/minor-clubs,yes,,no-website,2026-07,,youth,
Central Wolves,Newfoundland & Labrador,Central NL,source,Newfoundland & Labrador — Central NL,,centralwolves@hotmail.com,,,community club team,,,,,,,,,,,,,census-2026-07,1,2,,,Central Wolves,https://www.newfoundlandlabradorbasketball.com/minor-clubs,yes,,no-website,2026-07,,youth,
Conception Bay North Minor Basketball,Newfoundland & Labrador,Bay Roberts / Conception Bay North area,source,Avalon - Conception Bay North,https://cbnminorbasketball.ca,jamie@rocksports.ca,709-738-3177,Rock Sports Group community minor basketball programs (house-league rec divisions),community minor program operated by private company (Rock Sports Group Inc.),,,,,,,,,,,,,census-2026-07,1,1,,,Conception Bay North Minor Basketball,https://rocksports.ca/basketball/conception-bay-north-minor-basketball/,yes,yes,canadian-tld,2026-07,,youth,
Conception Bay Seeds Youth Initiatives Inc. (CB Seeds Youth Basketball),Newfoundland & Labrador,Conception Bay Centre (Holyrood/Avondale area communities),source,Newfoundland & Labrador — Avalon (Conception Bay Centre),https://www.cbseeds.ca,,,,"community nonprofit (incorporated youth-initiatives org, volunteer-run)",,,,,,,,,,,,,census-2026-07,1,1,,,Conception Bay Seeds Youth Initiatives Inc. (CB Seeds Youth Basketball),https://www.cbseeds.ca/,,yes,canadian-tld,2026-07,,youth,
Corner Brook Shooting Stars Basketball Club,Newfoundland & Labrador,Corner Brook,source,Western Newfoundland,https://www.facebook.com/CornerBrookMinorBasketball/,,,,community club,,,,,,FB @CornerBrookMinorBasketball,,,,,,,"census-2026-07,website-scrape",2,2,,,Corner Brook Shooting Stars Basketball Club,https://www.facebook.com/CornerBrookMinorBasketball/,,yes,website-corroborated,2026-07,,youth,
Court College Basketball (Northpoint Sports),Newfoundland & Labrador,St. John's,source,Newfoundland & Labrador — Avalon (St. John's),https://northpointsports.com/court-college,info@northpointsports.ca,709-579-1541,Northpoint Sports Basketball League,private academy / training program inside private sports facility (FIBA-size court + pickleball courts),,,,,,,,,,,,,census-2026-07,1,1,,,Court College Basketball (Northpoint Sports),https://northpointsports.com/court-college,yes,,unverified-single-source-non-ca,2026-07,,youth,
Fogo Island Central Academy basketball (RAMP minor-club registrant),Newfoundland & Labrador,Fogo Island,source,Newfoundland & Labrador — Central NL / Notre Dame Bay,,,,,school-based community program (uncertain),,,,,,,,,,,,,census-2026-07,1,1,,,Fogo Island Central Academy basketball (RAMP minor-club registrant),https://www.newfoundlandlabradorbasketball.com/membership,,,no-website,2026-07,,youth,
FORCE Basketball (FORCE Basketball NL),Newfoundland & Labrador,Surrey,source,Metro Vancouver,,,,,private academy,48.9564842,-54.6083708,,ChIJufBXtvPydksRxp7IiwWJFAo,APPROXIMATE,,,,,,"Gander, NL, Canada",,"census-2026-07,geocode",2,2,,,FORCE Basketball (FORCE Basketball NL) | Force Basketball,https://maps.googleapis.com/maps/api/geocode/json,,,no-website,2026-07,,youth,
FORCE Basketball (FORCE Basketball NL),Newfoundland & Labrador,Gander,source,Newfoundland & Labrador — Central NL,,forcebasketballnl@gmail.com,709-738-3177,,community program,,,,,,,,,,,,,census-2026-07,1,1,,,FORCE Basketball (FORCE Basketball NL),https://www.newfoundlandlabradorbasketball.com/minor-clubs,yes,,no-website,2026-07,,youth,
Gander Minor Basketball,Newfoundland & Labrador,Gander,source,Central Newfoundland,https://ganderminorbasketball.ca,jon@rocksports.ca,,Rock Sports Group community minor basketball programs (house-league rec divisions),community minor program operated by private company (Rock Sports Group Inc.),,,,,,,,,,,,,census-2026-07,1,1,,,Gander Minor Basketball,https://rocksports.ca/basketball/,yes,yes,canadian-tld,2026-07,,youth,
"Grenfell Jr Warriors (Grenfell Warriors Junior/Youth Basketball, Memorial University Grenfell Campus)",Newfoundland & Labrador,Corner Brook,source,Newfoundland & Labrador — Western NL,https://mun.ca/grenfellcampus/student-life/athletics--recreation/grenfell-warriors-youth-camps----summer-programs/,bmarsden@mun.ca,,Grenfell Warriors Basketball Summer League; NLBA (minor club member),university athletics youth program (multi-sport org),,,,,,FB @MemorialUniversity; FB @memorialu; IG @memorialuniversity,,,,,,,"census-2026-07,website-scrape",2,4,,,"Grenfell Jr Warriors (Grenfell Warriors Junior/Youth Basketball, Memorial University Grenfell Campus) | Grenfell Junior Warriors (Grenfell Campus Athletics youth basketball)",https://www.newfoundlandlabradorbasketball.com/membership,yes,yes,canadian-tld,2026-07,,youth,
Labrador West Miner Basketball,Newfoundland & Labrador,Labrador City,source,Newfoundland & Labrador — Labrador West (Labrador City/Wabush),,,,,community program,,,,,,,,,,,,,census-2026-07,1,1,,,Labrador West Miner Basketball,https://www.newfoundlandlabradorbasketball.com/membership,,,no-website,2026-07,,youth,
Mount Pearl Minor Basketball Association (MPMBA),Newfoundland & Labrador,Mount Pearl,source,Avalon - St. John's metro,http://mountpearlbasketball.com,mp.minor.bb@gmail.com,,NLBA Minor Club League; NLBA Minor Club Provincial Basketball Championships,community nonprofit,,,,,,,,,,,,,census-2026-07,1,1,,,Mount Pearl Minor Basketball Association (MPMBA),https://www.newfoundlandlabradorbasketball.com/minor-clubs,yes,,unverified-single-source-non-ca,2026-07,,youth,
Next Level Basketball Training (NLBT),Newfoundland & Labrador,St. John's,source,Newfoundland & Labrador — Avalon (St. John's + Southern Shore/Bay Bulls),https://www.nlbt.ca,info@nlbt.ca,709-690-5255,NLBA Minor Club League; NLBA Minor Club Provincial Basketball Championships,private academy,,,,,,,,,,,,,census-2026-07,1,1,,,Next Level Basketball Training (NLBT),https://www.nlbt.ca/,yes,yes,canadian-tld,2026-07,,youth,
Outer Cove Basketball,Newfoundland & Labrador,Outer Cove,source,Newfoundland & Labrador — Avalon (Outer Cove / Torbay / St. John's East End),https://avalonbasketball.com/709-programs/blog-post-title-three-7l8bn-4jgt7-zykn5,admin@709basketball.com,,NLBA Minor Club League,community club program operated by Avalon Basketball Association / 709 Basketball,,,,,,FB @2008,,,,,,,"census-2026-07,website-scrape",2,2,,,Outer Cove Basketball,https://avalonbasketball.com/709-programs/blog-post-title-three-7l8bn-4jgt7-zykn5,yes,yes,website-corroborated,2026-07,,youth,
Paradise Minor Basketball,Newfoundland & Labrador,Paradise,source,Newfoundland & Labrador — Avalon (St. John's metro),https://paradiseminorbasketball.ca,jon@rocksports.ca,709-730-2763,NLBA Minor Club League; NLBA Minor Club Provincial Basketball Championships; Rock Sports Group community minor basketball programs (house-league rec divisions),community club operated by private multi-sport operator (Rock Sports Group Inc.),,,,,,,,,,,,,census-2026-07,1,1,,,Paradise Minor Basketball,https://paradiseminorbasketball.ca/,yes,yes,canadian-tld,2026-07,,youth,
Rain City Athletics,Newfoundland & Labrador,St. John's,source,Newfoundland & Labrador — Avalon (St. John's),https://www.raincitynl.com,hello@raincitynl.com,,,private academy (youth sports academy),,,,,,FB @raincitynl; IG @raincitynl,,,,,,,"census-2026-07,website-scrape",2,2,,,Rain City Athletics,https://www.facebook.com/raincitynl/,yes,yes,website-corroborated,2026-07,,youth,
River Ratz Basketball Association (Aspire Recreation / North River Recreation),Newfoundland & Labrador,North River,source,Newfoundland & Labrador — Conception Bay North,https://www.facebook.com/northriverrec/,aspire.rec@outlook.com,,NLBA Minor Club League; NLBA Minor Club Provincial Basketball Championships,"community nonprofit (program of Aspire Recreation / North River Recreation, a not-for-profit serving North River & surrounding CBN communities)",,,,,,,,,,,,,census-2026-07,1,1,,,River Ratz Basketball Association (Aspire Recreation / North River Recreation),https://www.newfoundlandlabradorbasketball.com/minor-clubs,yes,,unverified-single-source-non-ca,2026-07,,youth,
Riverside Raptors Basketball,Newfoundland & Labrador,Newfoundland & Labrador,source,Newfoundland & Labrador — location unconfirmed,,,,,community club (unconfirmed),,,,,,,,,,,,,census-2026-07,1,1,,,Riverside Raptors Basketball,https://www.newfoundlandlabradorbasketball.com/membership,,,no-website,2026-07,,youth,
Rock Sports Group Inc. (Rock Sports Academy),Newfoundland & Labrador,St. John's,source,Avalon - St. John's metro,https://www.rockelite.ca,jon@rocksports.ca,709-738-3177,NLBA Minor Club League; NLBA Minor Club Provincial Basketball Championships; Rock Sports Group community minor basketball programs (house-league rec divisions),private academy (elite arm of Rock Sports Group Inc.),,,,,,,,,,,,,census-2026-07,1,3,,,Rock Elite Basketball Club | Rock Sports Group Inc. (Rock Sports Academy) | St. John's Minor Basketball (SJMB),https://rocksports.ca/basketball/,yes,yes,canadian-tld,2026-07,,youth,
Southern Shore Goulds Basketball (Goulds Basketball Association / Southern Shore Basketball Association),Newfoundland & Labrador,Goulds (St. John's),source,Avalon - Southern Shore & Bay Bulls,gouldsbasketball.ca (registry-listed; not resolving July 2026),info@709basketball.com,,NLBA Minor Club League,community club program operated by private brand (709 Basketball),47.4465263,-52.77168760000001,,ChIJ_7UsICiWDEsRV-9FsWV4ZX8,APPROXIMATE,,,,,,"Goulds, St. John's, NL, Canada",,"census-2026-07,geocode",2,4,,,Goulds Basketball Association (Southern Shore - Goulds / Shore Basketball) | Southern Shore Goulds Basketball (Goulds Basketball Association / Southern Shore Basketball Association),https://maps.googleapis.com/maps/api/geocode/json,yes,,unverified-single-source-non-ca,2026-07,,youth,
Torbay Minor Basketball,Newfoundland & Labrador,Torbay,source,Avalon - northeast Avalon,https://torbayminorbasketball.ca,jon@rocksports.ca,,Rock Sports Group community minor basketball programs (house-league rec divisions),community minor program operated by private company (Rock Sports Group Inc.),,,,,,,,,,,,,census-2026-07,1,1,,,Torbay Minor Basketball,https://rocksports.ca/basketball/,yes,yes,canadian-tld,2026-07,,youth,
Western Avalanche Basketball Club,Newfoundland & Labrador,Corner Brook / Humber Valley region,source,"Newfoundland & Labrador — Western NL (Humber Valley, Corner Brook–Deer Lake corridor)",https://www.facebook.com/profile.php?id=61565000000000,wabcavalanche@gmail.com,,,community rep/travel club (new),,,,,,,,,,,,,census-2026-07,1,2,,,Western Avalanche Basketball Club,https://www.newfoundlandlabradorbasketball.com/minor-clubs,yes,,unverified-single-source-non-ca,2026-07,,youth,
902 Hoops (902 Hoops Elite Youth League),Nova Scotia,Halifax,source,"Halifax Regional Municipality, NS",https://902hoops.ca/,902hoopsns@gmail.com,(782) 234-7481,902 Hoops Elite Youth League (own product),private league operator,,,,,,,,,,,,,census-2026-07,1,1,,,902 Hoops (902 Hoops Elite Youth League),https://902hoops.ca/,yes,yes,canadian-tld,2026-07,,youth,
Acadia Minor Basketball,Nova Scotia,Wolfville,source,Rest of Nova Scotia,https://www.acadiaminorbasketball.ca/,,1-902-670-7936,,community nonprofit,,,,,,,,,,,,,census-2026-07,1,1,,,Acadia Minor Basketball,https://valleyfamilyfun.ca/basketball/,yes,yes,canadian-tld,2026-07,,youth,
Amherst Minor Basketball Association (AMBA),Nova Scotia,Amherst,source,Rest of Nova Scotia,https://sites.google.com/view/amherstminorbasketball,amherstminorbasketball@gmail.com,,Atlantic Elite Basketball League (AEBL); BNS Provincial Club Championships,community nonprofit,,,,,,FB @AmherstMinorBasketball,,,,,,,"census-2026-07,website-scrape",2,2,,,Amherst Minor Basketball Association (AMBA),https://sites.google.com/view/amherstminorbasketball,yes,yes,website-corroborated,2026-07,,youth,
Annapolis County Athletics,Nova Scotia,Annapolis County,source,Annapolis Valley (Annapolis County),https://www.facebook.com/groups/383677184448811/,steveyoung902@gmail.com,,BNS Provincial Club Championships,multi-sport org,,,,,,FB @recover,,,,,,,"census-2026-07,website-scrape",2,2,,,Annapolis County Athletics,https://basketballnovascotia.ca/content/member-clubs,yes,yes,website-corroborated,2026-07,,youth,
Antigonish Minor Basketball Association (AMBA),Nova Scotia,Antigonish,source,Rest of Nova Scotia,https://playfinder.ca/Org/AntBkblAMBB,antigonishbasketball@gmail.com,,Atlantic Elite Basketball League (AEBL); BNS Provincial Club Championships,community nonprofit,,,,,,FB @AntigonishBball; FB @AntigonishMinorBasketball; IG @antigonishminorbasketball; IG @playfindercup,,,,,,,"census-2026-07,website-scrape",2,2,,,Antigonish Minor Basketball Association (AMBA),https://basketballnovascotia.ca/content/member-clubs,yes,yes,canadian-tld,2026-07,,youth,
Axe Basketball Club,Nova Scotia,Kentville (serves Hantsport to New Minas corridor),source,Annapolis Valley,https://www.axebasketball.ca/,axebasketballclub@gmail.com,,BNS Provincial Club Championships; Metro Basketball Association (MBA / Metro Basketball League),community nonprofit,45.0917657,-64.35975719999999,,ChIJAz6bZAhVWEsRRXK4ysz9kbk,APPROXIMATE,FB @2008; FB @AxeBasketballClub,,,,,"Wolfville, NS, Canada",,"census-2026-07,geocode,website-scrape",3,5,,,Axe Basketball Club,https://maps.googleapis.com/maps/api/geocode/json,yes,yes,canadian-tld,2026-07,,youth,
Basketball Association of Kentville,Nova Scotia,Kentville,source,Rest of Nova Scotia,https://www.facebook.com/BasetballAssociationofKentville/,shotclock2016@gmail.com,,Basketball Association of Kentville; Basketball Association of Kentville (own house league),community nonprofit,,,,,,FB @BasetballAssociationofKentville,,,,,,,"census-2026-07,website-scrape",2,2,,,Basketball Association of Kentville,https://valleyfamilyfun.ca/basketball/,yes,yes,website-corroborated,2026-07,,youth,
Basketball Cape Breton,Nova Scotia,Sydney / Glace Bay (CBRM),source,Cape Breton,https://linktr.ee/basketballcb,summer2026@basketballcapebreton.com,,BNS Provincial Club Championships; Basketball Cape Breton Summer League,community nonprofit,,,,,,FB @BasketballCB; IG @BasketballCapeBreton,,,,,,,"census-2026-07,website-scrape",2,2,,,Basketball Cape Breton,https://basketballnovascotia.ca/content/member-clubs,yes,yes,website-corroborated,2026-07,,youth,
Bedford Eagles Minor Basketball Association (Bedford Minor Basketball Association),Nova Scotia,Bedford,source,"Halifax Regional Municipality, NS",https://bedfordeagles.ca/,bmbaregistrar@gmail.com,,BNS Provincial Club Championships; Metro Basketball Association (MBA),community nonprofit,,,,,,IG @bedford.eagles.basketball,,,,,,,"census-2026-07,website-scrape",2,4,,,Bedford Eagles Minor Basketball Association (Bedford Minor Basketball Association) | Bedford Minor Basketball Association (Bedford Eagles),https://bedfordeagles.ca/,yes,yes,canadian-tld,2026-07,,youth,
Cape Breton Dream Girls Basketball,Nova Scotia,Sydney,source,Rest of Nova Scotia,https://sites.google.com/view/cbdreambasketball/home,cbdreambasketball@gmail.com,,BNS Provincial Club Championships,community nonprofit,,,,,,,,,,,,,census-2026-07,1,1,,,Cape Breton Dream Girls Basketball,https://basketballnovascotia.ca/content/member-clubs,yes,,unverified-single-source-non-ca,2026-07,,youth,
Colchester Basketball Association,Nova Scotia,Truro,source,Rest of Nova Scotia,https://www.facebook.com/groups/69056384036/,cba.trurobball@gmail.com,,BNS Provincial Club Championships,community nonprofit,,,,,,FB @recover,,,,,,,"census-2026-07,website-scrape",2,2,,,Colchester Basketball Association,https://basketballnovascotia.ca/content/member-clubs,yes,yes,website-corroborated,2026-07,,youth,
Cole Harbour Minor Basketball Association (Cole Harbour Rockets),Nova Scotia,Cole Harbour,source,"Halifax Regional Municipality, NS",https://www.rocketsbasketball.ca/,president@rocketsbasketball.ca,902-880-7628,FIBA-format 3x3 (spring; Metro Basketball Association (MBA); club-run),community nonprofit,,,,,,,,,,,,,census-2026-07,1,1,,,Cole Harbour Minor Basketball Association (Cole Harbour Rockets),https://basketballnovascotia.ca/content/member-clubs,yes,yes,canadian-tld,2026-07,,youth,
Community YMCA Panthers Basketball (YMCA of Greater Halifax/Dartmouth),Nova Scotia,Halifax,source,"Halifax Regional Municipality, NS",https://ymcahfx.ca/panthers/,trevor.walter@halifax.ymca.ca,,Metro Basketball Association (MBA),multi-sport org (YMCA program),,,,,,,,,,,,,census-2026-07,1,1,,,Community YMCA Panthers Basketball (YMCA of Greater Halifax/Dartmouth),https://ymcahfx.ca/panthers/,yes,yes,canadian-tld,2026-07,,youth,
Cumberland Crushers Basketball Club,Nova Scotia,,,Fundy (Cumberland County),https://www.facebook.com/CumberlandCrushers/,ortizalanm38@gmail.com,,BNS Provincial Club Championships; BNS Provincial Club Championships (U12 / U14 / U16-U18 Provincials),community nonprofit,,,,,,FB @CumberlandCrushers,,,,,,,"census-2026-07,website-scrape",2,2,,,Cumberland Crushers Basketball Club,https://basketballnovascotia.ca/content/member-clubs,yes,yes,website-corroborated,2026-07,,youth,
Cumberland Hornets,Nova Scotia,,,Fundy (Cumberland County),,shelleyleblanc19@outlook.com,,BNS Provincial Club Championships,community nonprofit,,,,,,,,,,,,,census-2026-07,1,1,,,Cumberland Hornets,https://basketballnovascotia.ca/content/member-clubs,yes,,no-website,2026-07,,youth,
Dartmouth Celtics Basketball Club,Nova Scotia,Dartmouth,source,"Halifax Regional Municipality, NS",http://dartmouthceltics.ca/,dartmouthceltics@gmail.com,,Metro Basketball Association (MBA),community nonprofit,,,,,,,,,,,,,census-2026-07,1,1,,,Dartmouth Celtics Basketball Club,https://basketballnovascotia.ca/content/member-clubs,yes,yes,canadian-tld,2026-07,,youth,
Dartmouth Lakers Basketball Club,Nova Scotia,Dartmouth,source,"Halifax Regional Municipality, NS",https://dartmouthlakers.ca/,dartmouthlakersbasketball@gmail.com,902-817-3594,Metro Basketball Association (MBA),community nonprofit,,,,,,,,,,,,,census-2026-07,1,1,,,Dartmouth Lakers Basketball Club,https://basketballnovascotia.ca/content/member-clubs,yes,yes,canadian-tld,2026-07,,youth,
East Hants Havoc (East Hants Basketball Society),Nova Scotia,East Hants,source,Rest of Nova Scotia,https://www.ehhavoc.org/havoc/,president@ehhavoc.org,902-750-0619,BNS Provincial Club Championships,community nonprofit,,,,,,,,,,,,,census-2026-07,1,2,,,East Hants Havoc | East Hants Havoc (East Hants Basketball Society),https://www.ehhavoc.org/havoc/,yes,,unverified-single-source-non-ca,2026-07,,youth,
East Hants Tigers Basketball Association (formerly Tri-County Basketball Association),Nova Scotia,East Hants (Enfield/Elmsdale),source,Rest of Nova Scotia,https://tricountytigers.ca/,registrar.tcba@gmail.com,,BNS Provincial Club Championships; Metro Basketball Association (MBA / Metro Basketball League),community nonprofit,,,,,,,,,,,,,census-2026-07,1,2,,,East Hants Tigers Basketball Association | East Hants Tigers Basketball Association (formerly Tri-County Basketball Association),https://tricountytigers.ca/,yes,yes,canadian-tld,2026-07,,youth,
East Preston Pacers,Nova Scotia,East Preston,source,"Halifax Regional Municipality, NS",,prestonreccentre@gmail.com,,Metro Basketball Association (MBA),community nonprofit,,,,,,,,,,,,,census-2026-07,1,1,,,East Preston Pacers,https://basketballnovascotia.ca/content/member-clubs,yes,,no-website,2026-07,,youth,
Express Basketball Club (BNS registry: Express Basketball Academy),Nova Scotia,Halifax (Spryfield),source,"Halifax Regional Municipality, NS",https://www.expressbasketball.ca/,info.expressbasketball@gmail.com,,Metro Basketball Association (MBA),community nonprofit,,,,,,IG @express.basketball,,,,,,,"census-2026-07,website-scrape",2,3,,,Express Basketball Club (BNS registry: Express Basketball Academy) | Express Basketball Club (Express Basketball Academy),https://www.expressbasketball.ca/,yes,yes,canadian-tld,2026-07,,youth,
Fall River Rebels Basketball Association (Fall River Basketball Association),Nova Scotia,Fall River,source,"Halifax Regional Municipality, NS",https://fallriverrebels.com/,president@fallriverrebels.com,,Metro Basketball Association (MBA),community nonprofit,,,,,,FB @FallRiverRebelsBasketball; FB @https,,,,,,,"census-2026-07,website-scrape",2,2,,,Fall River Rebels Basketball Association (Fall River Basketball Association),https://fallriverrebels.com/,yes,yes,website-corroborated,2026-07,,youth,
Fifty for Free Community Youth Initiative (Halifax program),Nova Scotia,Halifax,source,"Halifax Regional Municipality, NS",https://fiftyforfree.com/programs/halifax/,info@fiftyforfree.com,,,"community nonprofit (free program, not a league club)",,,,,,FB @FiftyForFree; IG @fiftyforfree,,,,,,,"census-2026-07,website-scrape",2,2,,,Fifty for Free Community Youth Initiative (Halifax program),https://fiftyforfree.com/programs/halifax/,yes,yes,website-corroborated,2026-07,,youth,
Halifax Hurricanes Minor Basketball Club,Nova Scotia,Halifax,source,"Halifax Regional Municipality, NS",https://www.hhbball.com/,hhbasketballclub@gmail.com,,Metro Basketball Association (MBA),community nonprofit,,,,,,FB @HurricanesMBA; IG @halifaxhurricanesmba,,,,,,,"census-2026-07,website-scrape",2,2,,,Halifax Hurricanes Minor Basketball Club,https://basketballnovascotia.ca/content/member-clubs,yes,yes,website-corroborated,2026-07,,youth,
Halifax Prep (Ming Athletics / Halifax Basketball Inc.),Nova Scotia,Halifax,source,"Halifax Regional Municipality, NS",https://halifaxprep.com/,admin@mingathleticsmail.com,902-457-6633,2020-21 season); 2020-21); National Preparatory Association (NPA); National Preparatory Association (NPA) — Nova Scotia's only member; National Senior Circuit (NSC Platinum,private academy,,,,,,,,,,,,,census-2026-07,1,1,,,Halifax Prep (Ming Athletics / Halifax Basketball Inc.),https://www.cbc.ca/news/canada/nova-scotia/halifax-basketball-club-vandalism-struggles-for-acceptance-1.5973342,yes,,unverified-single-source-non-ca,2026-07,,youth,
Halifax Wheelchair Basketball Club,Nova Scotia,Halifax,source,"Halifax Regional Municipality, NS",https://www.facebook.com/nswheelchairbasketball/,hwcbbc@gmail.com,,,community nonprofit (parasport),,,,,,FB @nswheelchairbasketball; FB @recover,,,,,,,"census-2026-07,website-scrape",2,2,,,Halifax Wheelchair Basketball Club,https://basketballnovascotia.ca/content/member-clubs,yes,yes,website-corroborated,2026-07,,youth,
Hantsport Minor Basketball,Nova Scotia,Hantsport,source,Rest of Nova Scotia,,,902-684-9672,,community nonprofit,,,,,,,,,,,,,census-2026-07,1,1,,,Hantsport Minor Basketball,https://valleyfamilyfun.ca/basketball/,yes,,no-website,2026-07,,youth,
High Level Basketball,Nova Scotia,Halifax,source,"Halifax Regional Municipality, NS",https://highlevelbasketball.org/,dgt@c-ntr-l.org,,,private academy,,,,,,IG @high.level.basketball,,,,,,,"census-2026-07,website-scrape",2,2,,,High Level Basketball,https://highlevelbasketball.org/,yes,yes,website-corroborated,2026-07,,youth,
Inverness Minor Basketball Association,Nova Scotia,Inverness,source,Rest of Nova Scotia,https://www.facebook.com/groups/359820744477615/,philblackwood@gmail.com,,BNS Provincial Club Championships,community nonprofit,,,,,,,,,,,,,census-2026-07,1,1,,,Inverness Minor Basketball Association,https://basketballnovascotia.ca/content/member-clubs,yes,,unverified-single-source-non-ca,2026-07,,youth,
Junior Mounties Basketball Club,Nova Scotia,Amherst (Cumberland NS – Westmorland NB border region; trains around Sackville NB),source,Fundy (Cumberland County),https://www.jrmountiesbasketball.ca/,jrmountiesbasketball@gmail.com,,BNS Provincial Club Championships,community nonprofit,,,,,,,,,,,,,"census-2026-07,website-scrape",2,2,,,Junior Mounties Basketball Club,https://www.jrmountiesbasketball.ca/about-us,yes,yes,canadian-tld,2026-07,,youth,
Kentville Wildcats Basketball,Nova Scotia,Kentville,source,Rest of Nova Scotia,https://www.sportsengine.com/org/kentville-wildcats-basketball,,,BNS Provincial Club Championships,community nonprofit,,,,,,IG @nbcsportsengine,,,,,,,"census-2026-07,website-scrape",2,2,,,Kentville Wildcats Basketball,https://www.sportsengine.com/org/kentville-wildcats-basketball,,yes,website-corroborated,2026-07,,youth,
Kings Minor Basketball Association (KMBA Gators),Nova Scotia,Berwick / Coldbrook (western Kings County),source,Rest of Nova Scotia,https://kmbagators.wixsite.com/kmba,tanya.berry@gbstech.com,902-678-8466,BNS Provincial Club Championships,community nonprofit,,,,,,FB @KMBA-Basketball-103080638784791,,,,,,,"census-2026-07,website-scrape",2,4,,,Kings Minor Basketball Association (KMBA Gators),https://kmbagators.wixsite.com/kmba,yes,yes,website-corroborated,2026-07,,youth,
Kingston Greenwood Minor Basketball Club,Nova Scotia,Kingston / Greenwood,source,Rest of Nova Scotia,https://www.facebook.com/people/Kingston-Greenwood-Minor-Basketball-Club/100063571598747/,jodie-richardson@hotmail.com,,BNS Provincial Club Championships,community nonprofit,,,,,,,,,,,,,census-2026-07,1,1,,,Kingston Greenwood Minor Basketball Club,https://basketballnovascotia.ca/content/member-clubs,yes,,unverified-single-source-non-ca,2026-07,,youth,
Margaree Mountain Lions Basketball Club,Nova Scotia,Margaree,source,Cape Breton,https://www.facebook.com/profile.php?id=61557417235365,margareemountainlionsbball@gmail.com,,BNS Provincial Club Championships,community nonprofit,,,,,,,,,,,,,census-2026-07,1,1,,,Margaree Mountain Lions Basketball Club,https://basketballnovascotia.ca/content/member-clubs,yes,,unverified-single-source-non-ca,2026-07,,youth,
North Preston Minor Basketball (North Preston Bulls),Nova Scotia,North Preston,source,"Halifax Regional Municipality, NS",https://www.instagram.com/north_preston_bulls/,northprestonbulls@gmail.com,,Metro Basketball Association (MBA),community nonprofit,,,,,,IG @north_preston_bulls,,,,,,,"census-2026-07,website-scrape",2,2,,,North Preston Minor Basketball (North Preston Bulls),https://basketballnovascotia.ca/content/member-clubs,yes,yes,website-corroborated,2026-07,,youth,
North Shore Basketball Association (Sonics),Nova Scotia,Tatamagouche / North Shore,source,Fundy (Colchester/Cumberland North Shore),,northshorereccentre@gmail.com,902-657-3121,BNS Provincial Club Championships,community nonprofit,,,,,,,,,,,,,census-2026-07,1,2,,,North Shore Basketball Association | North Shore Basketball Association (Sonics),https://basketballnovascotia.ca/content/member-clubs,yes,,no-website,2026-07,,youth,
Northside Youth Basketball Association (Jr Marauders),Nova Scotia,"North Sydney / Northside area, Cape Breton",source,Cape Breton,http://www.jrmarauders.com/,aronashton4@gmail.com,,BNS Provincial Club Championships,community nonprofit,,,,,,,,,,,,,census-2026-07,1,1,,,Northside Youth Basketball Association (Jr Marauders),https://basketballnovascotia.ca/content/member-clubs,yes,,unverified-single-source-non-ca,2026-07,,youth,
Norwood Knights,Nova Scotia,Halifax (HRM — exact community unverified),source,"Halifax Regional Municipality, NS",,sandiehebb@gmail.com,,BNS Provincial Club Championships; Metro Basketball Association (MBA),community nonprofit,,,,,,,,,,,,,census-2026-07,1,1,,,Norwood Knights,https://basketballnovascotia.ca/content/member-clubs,yes,,no-website,2026-07,,youth,
Oxford Minor Basketball Association,Nova Scotia,Oxford,source,Rest of Nova Scotia,,oxfordminorhoops@gmail.com,,BNS Provincial Club Championships,community nonprofit,,,,,,,,,,,,,census-2026-07,1,1,,,Oxford Minor Basketball Association,https://basketballnovascotia.ca/content/member-clubs,yes,,no-website,2026-07,,youth,
Pictou County Lightning (Pictou County Basketball Association),Nova Scotia,New Glasgow / Pictou County,source,Rest of Nova Scotia,https://www.pictoucountylightning.com/,hislopjw@gmail.com,,BNS Provincial Club Championships,community nonprofit,,,,,,FB @pclightning,,,,,,,"census-2026-07,website-scrape",2,2,,,Pictou County Lightning (Pictou County Basketball Association),https://www.pictoucountylightning.com/,yes,yes,website-corroborated,2026-07,,youth,
Pictou County Raptors Basketball Association,Nova Scotia,New Glasgow / Pictou County,source,Rest of Nova Scotia,https://www.basketballnovascotia.ca/team/pictou-county-raptors-2/,sports3taxi@hotmail.com,,BNS Provincial Club Championships; BNS Provincial Club Championships (U12 / U14 / U16-U18 Provincials),community nonprofit,,,,,,,,,,,,,census-2026-07,1,1,,,Pictou County Raptors Basketball Association,https://basketballnovascotia.ca/content/member-clubs,yes,yes,canadian-tld,2026-07,,youth,
Prospect Road Basketball Association (Prospect Bulls),Nova Scotia,Prospect Road area (Halifax),source,"Halifax Regional Municipality, NS",https://www.prospectbulls.ca/,prospectbulls1@gmail.com,,Metro Basketball Association (MBA),community nonprofit,44.536113,-63.7908994,,ChIJezFpyfQdWksRmb-0zCovr30,GEOMETRIC_CENTER,FB @ProspectBulls; FB @https,,,,,"Prospect Rd, Halifax Regional Municipality, NS, Canada",,"census-2026-07,geocode,website-scrape",3,3,,,Prospect Road Basketball Association (Prospect Bulls),https://maps.googleapis.com/maps/api/geocode/json,yes,yes,canadian-tld,2026-07,,youth,
PUSH Cape Breton,Nova Scotia,Glace Bay,source,Rest of Nova Scotia,https://pushcb.com,info@pushcb.com,(902) 266-2191,BNS Provincial Club Championships; Canada Day Classic); PUSH Cape Breton (in-house game programming,private academy,,,,,,,,,,,,,census-2026-07,1,1,,,PUSH Cape Breton,https://pushcb.com/,yes,,unverified-single-source-non-ca,2026-07,,youth,
Queens County Basketball Association (Queens County Bears),Nova Scotia,Liverpool (Region of Queens),source,South Shore,https://www.facebook.com/qcbasketball/,gerryfaber@hotmail.com,,BNS Provincial Club Championships,community nonprofit,44.0329772,-64.7176783,,ChIJSX8mgrgjV0sRKcbM_LAuLyE,APPROXIMATE,FB @qcbasketball; FB @recover,,,,,"Liverpool, NS, Canada",,"census-2026-07,geocode,website-scrape",3,3,,,Queens County Basketball Association (Queens County Bears),https://maps.googleapis.com/maps/api/geocode/json,yes,yes,website-corroborated,2026-07,,youth,
Sackville Minor Basketball Association (Sackville Storm),Nova Scotia,Lower Sackville,source,"Halifax Regional Municipality, NS",https://www.sackvillestorm.com/,president@sackvillestorm.com,,Metro Basketball Association (MBA),community nonprofit,,,,,,FB @SackvilleStorm; FB @smbasocial; IG @smbasocial,,,,,,,"census-2026-07,website-scrape",2,2,,,Sackville Minor Basketball Association (Sackville Storm),https://basketballnovascotia.ca/content/member-clubs,yes,yes,website-corroborated,2026-07,,youth,
Shelburne County Basketball Association,Nova Scotia,Shelburne / Shelburne County,source,South Shore (Shelburne County),https://www.facebook.com/groups/ShelburneCountyBasketball/,beth.shelburnebasketball@gmail.com,,BNS Provincial Club Championships; BNS Provincial Club Championships (U12 / U14 / U16-U18 Provincials),community nonprofit,,,,,,FB @recover,,,,,,,"census-2026-07,website-scrape",2,2,,,Shelburne County Basketball Association,https://basketballnovascotia.ca/content/member-clubs,yes,yes,website-corroborated,2026-07,,youth,
Shooting Star Basketball Association (SSBA),Nova Scotia,Windsor (West Hants),source,Rest of Nova Scotia,https://shootingstarbasketball.ca/,shootingstar@shootingstarbasketball.ca,,BNS Provincial Club Championships; Metro Basketball Association (MBA / Metro Basketball League); Shooting Star Basketball Association house leagues (Windsor),community nonprofit,,,,,,FB @https; FB @shootingstarbballwindsorns; IG @shootingstarbasketball_,,,,,,,"census-2026-07,website-scrape",2,2,,,Shooting Star Basketball Association (SSBA),https://shootingstarbasketball.ca/,yes,yes,canadian-tld,2026-07,,youth,
South Shore Lightning Basketball Association,Nova Scotia,Bridgewater / Hebbville area (Lunenburg County),source,South Shore,https://southshorelightning.ca/,southshorelightning@gmail.com,902-350-0027,Atlantic Elite Basketball League (AEBL),community nonprofit,,,,,,,,,,,,,census-2026-07,1,1,,,South Shore Lightning Basketball Association,https://southshorelightning.ca/,yes,yes,canadian-tld,2026-07,,youth,
South Shore Surf Minor Basketball (South Shore Minor Basketball Association),Nova Scotia,Bridgewater,source,Rest of Nova Scotia,https://www.southshoresurf.ca/,ssminorbasketball@gmail.com,902-530-2933,BNS Provincial Club Championships; Metro Basketball Association (MBA / Metro Basketball League),community nonprofit,,,,,,,,,,,,,census-2026-07,1,1,,,South Shore Surf Minor Basketball (South Shore Minor Basketball Association),https://www.southshoresurf.ca/,yes,yes,canadian-tld,2026-07,,youth,
St. Margaret's Bay SLAM Basketball,Nova Scotia,Tantallon / St. Margaret's Bay,source,"Halifax Regional Municipality, NS",https://slambasketball.ca/,information@slambasketball.ca,,Metro Basketball Association (MBA),community nonprofit,,,,,,FB @SLAMBasketball1; FB @St-Margarets-Bay-Basketball-SLAM-4785022; IG @slambasketball1,,,,,,,"census-2026-07,website-scrape",2,2,,,St. Margaret's Bay SLAM Basketball,https://basketballnovascotia.ca/content/member-clubs,yes,yes,canadian-tld,2026-07,,youth,
Superhoops Basketball,Nova Scotia,Windsor,source,"West Hants, NS (OUTSIDE Halifax Regional Municipality — encountered during sweep)",https://superhoopsbasketball.ca/,info@superhoopsbasketball.ca,+1 902-692-1123,,private academy,,,,,,,,,,,,,census-2026-07,1,1,,,Superhoops Basketball,https://superhoopsbasketball.ca/,yes,yes,canadian-tld,2026-07,,youth,
Thunder Selects Basketball (Halifax Thunder),Nova Scotia,Halifax,source,"Halifax Regional Municipality, NS",https://www.thunderselects.ca/,info@thunderselects.ca,902-471-4023,Halifax Thunder Fall League (own league); Maritime Women's Basketball Association (MWBA — senior Halifax Thunder team; adult league; noted for context),private academy,,,,,,FB @ThunderSelects; FB @ThunderSelectsBasketball; IG @thunder.selects,,,,,,,"census-2026-07,website-scrape",2,2,,,Thunder Selects Basketball (Halifax Thunder),https://www.thunderselects.ca/,yes,yes,canadian-tld,2026-07,,youth,
Tri-City Vipers Basketball Club,Nova Scotia,Halifax/Dartmouth (Greater HRM),source,"Halifax Regional Municipality, NS",https://www.tricityvipers.ca/,cgabriel901@gmail.com,,Metro Basketball Association (MBA),community nonprofit (competitive/AAU-style club),,,,,,,,,,,,,census-2026-07,1,1,,,Tri-City Vipers Basketball Club,https://basketballnovascotia.ca/content/member-clubs,yes,yes,canadian-tld,2026-07,,youth,
Truro Titans Youth Basketball Association,Nova Scotia,Truro,source,Rest of Nova Scotia,https://trurotitansbasketball.net,trurotitansbasketball@gmail.com,902-843-9306,BNS Provincial Club Championships; Metro Basketball Association (MBA / Metro Basketball League),community nonprofit,,,,,,,,,,,,,census-2026-07,1,1,,,Truro Titans Youth Basketball Association,https://mbans.ca/team/4532/922/10347/117160,yes,,unverified-single-source-non-ca,2026-07,,youth,
Ummah Society / Ummah Community Centre basketball programs,Nova Scotia,Halifax,source,"Halifax Regional Municipality, NS",https://ummahsociety.ca/,info@ummahsociety.ca,+1 902-407-1411,Nova Scotia Valour League (All Canada Basketball) — as host venue,multi-sport community org (Muslim charity),,,,,,,,,,,,,census-2026-07,1,1,,,Ummah Society / Ummah Community Centre basketball programs,https://ummahsociety.ca/,yes,yes,canadian-tld,2026-07,,youth,
Undercurrent Youth Society (Undercurrent Youth Centres),Nova Scotia,Glace Bay / New Waterford,source,Rest of Nova Scotia,https://undercurrentyouthsociety.com/,info@undercurrentyouthsociety.com,902-849-7559,,multi-sport org,,,,,,,,,,,,,census-2026-07,1,1,,,Undercurrent Youth Society (Undercurrent Youth Centres),https://undercurrentyouthsociety.com/,yes,,unverified-single-source-non-ca,2026-07,,youth,
West End Steelers Basketball,Nova Scotia,Halifax (west end),source,"Halifax Regional Municipality, NS",http://westendsteelers.com/,president@westendsteelers.com,,BNS Provincial Club Championships; Metro Basketball Association (MBA),community nonprofit,,,,,,FB @westendsteelers,,,,,,,"census-2026-07,website-scrape",2,2,,,West End Steelers Basketball,https://basketballnovascotia.ca/content/member-clubs,yes,yes,website-corroborated,2026-07,,youth,
Yarmouth County Minor Basketball,Nova Scotia,Yarmouth,source,South Shore / Southwest (Yarmouth County),https://www.facebook.com/yarmouthminorbasketball/,yarmouthminorbasketball@gmail.com,,BNS Provincial Club Championships; BNS Provincial Club Championships (U12 / U14 / U16-U18 Provincials),community nonprofit,,,,,,FB @recover; FB @yarmouthminorbasketball,,,,,,,"census-2026-07,website-scrape",2,2,,,Yarmouth County Minor Basketball,https://basketballnovascotia.ca/content/member-clubs,yes,yes,website-corroborated,2026-07,,youth,
. Lancers Basketball,Ontario,Windsor (University of Windsor connection),source,,,,,Canada Hoops Circuit,,,,,,,,,,,,,,browser-sweep,1,1,,,. Lancers Basketball | Jr. Lancers Basketball,https://canadahoopscircuit.ca/central-on-hoops-summit,,,no-website,2025-26,,youth,
1 of 1,Ontario,,,,,,,CYBL (Canadian Youth Basketball League),,,,,,,,,,,,,,league-harvest,1,1,,,1 of 1,https://www.cybl.ca/ (High School division),,,no-website,2025-26,,youth,no-contact-unverified;short-name-single-league-source
17 Basketball Club,Ontario,Richmond Hill,source,York,https://www.17basketball.com/,,416-571-9367,,,,,,,,,,,,,,,"census-2026-07,ontario-csv",2,2,,,17 Basketball Club,ontario census + enrichment 2026-07-18,yes,yes,website-corroborated,2026-07,,youth,
17 Ignite,Ontario,,,,,,,CYBL (Canadian Youth Basketball League); OBL,,,,,,,,,,,,,,"league-harvest,obl-teams",2,2,,yes,17 IGNITE | 17 Ignite,https://www.cybl.ca/,,,no-website,2026-07,,youth,
1K Elite,Ontario,,,GTA,,,,NPH Showcase,,,,,,,,,,,,,,"census-2026-07,ontario-csv",2,2,,,1K Elite,ontario census + enrichment 2026-07-18,,,no-website,2026-07,,youth,
2 Way Elite,Ontario,,,,,,,Phoenix League,,,,,,,Facebook facebook.com/twowayelite (@twowayelite); Instagram @twowayelite,,"Bio confirms a basketball youth-development org ('Two Way Elite || Youth Sports Development', 14U Girls/Boys USA Basketball Gold) matching the Phoenix League listing, but no email or phone found on ei",,,,,"league-harvest,tier3-search",2,2,,,2 Way Elite,https://www.instagram.com/twowayelite/,,,no-website,2026-07,,youth,
22 Wing Fitness & Wellness Centre,Ontario,Hornell Heights,source,,https://jr-nba.webflow.io/programs/22-wing-fitness-wellness-centre-fall,lindsay.seguin@forces.gc.ca,,Jr. NBA Canada; Jr. NBA/Jr. WNBA Canada,,46.3573962,-79.4150923,,ChIJZYv7bRxVKE0RvGWdfY29DxI,APPROXIMATE,,,,,,"Hornell Heights, North Bay, ON, Canada",,"browser-sweep,geocode,jrnba-2019",3,4,,,22 Wing Fitness & Wellness Centre,https://maps.googleapis.com/maps/api/geocode/json,yes,,unverified-single-source-non-ca,2026-07,,youth,
360BTG (Basketball & Soccer),Ontario,Oshawa/Whitby/Ajax,source,Durham,https://www.360btg.com/,director@360btg.com,289-388-0328,,house-league,,,,,,,,"Mailing address PO Box 27007 Simcoe Conlin PO, Oshawa ON L1G 0A3. Also saw admin@rumibasketball.com for a separate high-performance rep-training program, not used as primary.",,"Maxwell Heights Secondary School, 1100 Coldstream Dr, Oshawa, ON",,,"census-2026-07,community-sweep,municipal-directory,ontario-csv,tier3-search,website-scrape",6,8,,,360 Beyond The Game (360BTG) | 360 Beyond the Game | 360BTG (Basketball & Soccer),ontario census + enrichment 2026-07-18,yes,yes,website-from-governing-body,2026-07,,youth,
416 United,Ontario,Toronto,source,Toronto,416basketball.com,416basketballto@gmail.com,,NPH Showcase,,,,,,,,,,,,,,"census-2026-07,ontario-csv",2,2,,,416 United,ontario census + enrichment 2026-07-18,yes,yes,website-corroborated,2026-07,,youth,
4th Qtr Basketball,Ontario,,,GTA,4qt.ca,info@4qt.ca,,NPH Showcase,,,,,,,,,,,,,,"census-2026-07,ontario-csv",2,2,,,4th Qtr Basketball,ontario census + enrichment 2026-07-18,yes,yes,canadian-tld,2026-07,,youth,
506 Elite Jr Academy,Ontario,Moncton/Irishtown,source,,,,506) 378-2880,NJC,,,,,,,,,,,,,,ontario-circuit-list,1,1,,,506 Elite Jr Academy,,yes,,no-website,2026-07,,youth,
AAA Academy (Triple AAA BA),Ontario,Mississauga ON,source,,tripleaaa.ca,coach@tripleaaa.ca,647-825-2357,CYBL (Canadian Youth Basketball League); NPH-D1,,,,,,,IG @tripleaaa.ca,,,,,,Adrian Cooper (Founder/HC),"contact-enrichment,league-harvest,ontario-circuit-list",3,3,,,AAA Academy | AAA Academy (Triple AAA BA),https://www.cybl.ca/ (High School division),yes,yes,canadian-tld,2026-07,,youth,
ABC Basketball (formerly Gino's Basketball),Ontario,Aurora/Richmond Hill/Newmarket,source,Durham-York,https://www.abcbasketball.ca/,,905-783-6875,,house-league,,,,,,,,No email address anywhere on site; contact page has phone number and a web form only.,,,,,"community-sweep,tier3-search",2,2,,,ABC Basketball (formerly Gino's Basketball),https://www.abcbasketball.ca/contact,yes,yes,canadian-tld,2026-07,,youth,
Above the 6,Ontario,King City,source,,https://jr-nba.webflow.io/programs/above-the-6-fall,gthomas@abovethe6.com,416-476-4489,Jr. NBA Canada; Jr. NBA/Jr. WNBA Canada,,43.955266,-79.519119,,,,,,,,,,,"browser-sweep,jrnba-2019",2,4,,,Above the 6,https://jr-nba.webflow.io/programs/above-the-6-fall,yes,,unverified-single-source-non-ca,2020,yes,youth,
ACABA Elite,Ontario,,,,,,,Hoop City Basketball Spring/Summer League 2026,,,,,,,,,,,,,,browser-sweep,1,1,,,ACABA Elite,https://www.tourneymachine.com/Public/Results/Division.aspx?IDTournament=h2026050420140144611ffbead9d704f&IDDivision=h20260504202722623476147c4478545,,,no-website,2026,,youth,
Ace Acumen Heights Academy,Ontario,Toronto (Don Mills) + Brampton,source,,,admissions@aahs.ca,416-756-7227,OSBA,,,,,,,,,,,,,,ontario-circuit-list,1,1,,,Ace Acumen Heights Academy,,yes,,no-website,2026-07,,youth,
ACE Basketball,Ontario,,,,,,,Canada Hoops Circuit,,,,,,,,,,,,,,browser-sweep,1,1,,,ACE Basketball,https://canadahoopscircuit.ca/nationals,,,no-website,2025-26,,youth,
AD Rebelles (assoc. Louis-Riel),Ontario,Ottawa (Gloucester),source,,,louis-riel@cepeo.on.ca,613-590-2233,OSBA,,,,,,,,,,,,,,ontario-circuit-list,1,2,,,AD Rebelles (assoc. Louis-Riel) | Louis-Riel Academy (CEPEO),,yes,,no-website,2026-07,,youth,
Advantage Titans,Ontario,,,Durham-York,https://advantagetitans.com/,info@advantagetitans.com,,OBL; OBL/OBA (affiliated),,43.8760863,-79.0300733,,,,,,,,,,,"oba-kml,obl-teams",2,2,yes,yes,Advantage Titans,https://www.google.com/maps/d/kml?mid=1jf36n-Sx3O1KSIlSjRcGu-JABLNcyUgo&forcekml=1,yes,yes,website-from-governing-body,2026-07,,youth,
AET Basketball,Ontario,,,,,,,Phoenix League,,,,,,,,,,,,,,league-harvest,1,1,,,AET Basketball,https://basketball.exposureevents.com/264611/phoenix-basketball-spring-league-2026/teams,,,no-website,2025-26,,youth,no-contact-unverified
Against The Six Prep (ATS),Ontario,Toronto/GTA ON,source,GTA,https://www.instagram.com/atsprep/,,,NJC; NPH Showcase; NPH-SL,,,,,,,IG @atsprep,,No email or phone surfaced anywhere. Social handle matches what was already known from input; no new contact info gained.,,,,,"census-2026-07,contact-enrichment,ontario-circuit-list,ontario-csv,tier3-search",5,5,,,Against The Six Prep | Against The Six Prep (ATS),ontario census + enrichment 2026-07-18,,,unverified-single-source-non-ca,2026-07,,youth,
Albany Avenue Basketball,Ontario,,,Toronto Region,https://albanyavenuebasketball.ca/,,,OBL/OBA (affiliated),,43.6890226,-79.3181246,,,,,,,,,,,oba-kml,1,1,yes,,Albany Avenue Basketball,https://www.google.com/maps/d/kml?mid=1jf36n-Sx3O1KSIlSjRcGu-JABLNcyUgo&forcekml=1,,yes,website-from-governing-body,2026-07,,youth,
Algoma Jr. Thunderbirds,Ontario,,,North Region,https://algomathunderbirds.ca/sports/2017/3/23/junior-thunderbirds-programs.aspx,jrthunderbirdsbasketball@gmail.com,,OBL/OBA (affiliated),,46.5009661,-84.2873654,,,,FB @algomatbirds; FB @algomathunderbirds; IG @algomathunderbirds,,,,,,,"oba-kml,website-scrape",2,2,yes,,Algoma Jr. Thunderbirds,https://www.google.com/maps/d/kml?mid=1jf36n-Sx3O1KSIlSjRcGu-JABLNcyUgo&forcekml=1,yes,yes,website-from-governing-body,2026-07,,youth,
All Star Ballers 705,Ontario,Innisfil,source,,https://www.facebook.com/allstarballers705/,,,,Jr NBA basketball program,,,,,,FB facebook.com/allstarballers705/ (Innisfil's Jr NBA-style youth basketball program),,No email or phone found. A similarly-branded 'Innisfil Ballers' account exists on Instagram/TikTok/Facebook (separate page) that may or may not be a rebrand of this same club -- not conflated here sin,,,,,"gap-fill,tier3-search",2,2,,,All Star Ballers 705,https://www.facebook.com/allstarballers705/,,,unverified-single-source-non-ca,2026-07,,youth,
All-In,Ontario,,,,,,,CYBL (Canadian Youth Basketball League),,,,,,,,,,,,,,league-harvest,1,1,,,All-In,https://www.cybl.ca/,,,no-website,2025-26,,youth,no-contact-unverified;short-name-single-league-source
Alma Prep,Ontario,,,,,,,NPH-D1,,,,,,,,,,,,,,ontario-circuit-list,1,1,,,Alma Prep,,,,no-website,2026-07,,youth,
Alpha Elite,Ontario,,,GTA,,,,NPH Showcase,,,,,,,,,,,,,,"census-2026-07,ontario-csv",2,2,,,Alpha Elite,ontario census + enrichment 2026-07-18,,,no-website,2026-07,,youth,
Alpha Elite Sports Group,Ontario,Toronto ON,source,,alphaelitesportsgroup.com,contact@alphaelitesportsgroup.com,6476189295,NJC; NPH-SL,,43.6548253,-79.388447,,ChIJpTvG15DL1IkRd8S0KlBVNTI,APPROXIMATE,FB @2008; FB @aeghoops; IG @alphaelitesportsgroup,,,,,"Toronto, ON, Canada",Arham Gul (Founder),"contact-enrichment,geocode,ontario-circuit-list,website-scrape",4,5,,,Alpha Elite Sports Group,https://maps.googleapis.com/maps/api/geocode/json,yes,yes,website-corroborated,2026-07,,youth,
Ancaster Basketball Club (Magic),Ontario,,,Hamilton-Niagara,http://ancastermagic.pointstreaksites.com/view/ancastermagic/home-page-657,,,OBL/OBA (affiliated),,43.1987426,-79.9017781,,,,,,,,,,,oba-kml,1,1,yes,,Ancaster Basketball Club (Magic),https://www.google.com/maps/d/kml?mid=1jf36n-Sx3O1KSIlSjRcGu-JABLNcyUgo&forcekml=1,,yes,website-from-governing-body,2026-07,,youth,
Ancaster Magic Basketball,Ontario,Ancaster,source,Hamilton,https://www.ancastermagic.ca/,ancastermagic@gmail.com,,NPH Showcase; OBL,,,,,,,FB @AncasterMagic; IG @ancaster.magic,,,,,,,"census-2026-07,municipal-directory,obl-teams,ontario-csv,website-scrape",5,6,,yes,ANCASTER MAGIC | Ancaster Magic Basketball,ontario census + enrichment 2026-07-18,yes,yes,website-from-governing-body,2026-07,,youth,
Anchor Sports Club,Ontario,,,Peel-Halton,https://anchor-sports-club.square.site/,anchorsports17@gmail.com,,OBL/OBA (affiliated),,43.4456289,-79.7316624,,,,,,,,,,,"oba-kml,website-scrape",2,2,yes,,Anchor Sports Club,https://www.google.com/maps/d/kml?mid=1jf36n-Sx3O1KSIlSjRcGu-JABLNcyUgo&forcekml=1,yes,yes,website-from-governing-body,2026-07,,youth,
and Club of Ottawa,Ontario,Ottawa,source,,bgcottawa.org,contactus@bgcottawa.org,18888240183,EOBA Competitive Season 2025-26,,,,,,,Instagram @bgc_thunderbolts (basketball team),,"Input club name looks like a truncated/mangled 'Boys and Girls Club of Ottawa' (BGC Ottawa). Their competitive basketball team plays as the 'BGC Thunderbolts' (Ottawa-based, NPH/EOBA/CHC/NCHC, practic",,,,,"browser-sweep,tier3-search",2,2,,,Boys and Girls Club of Ottawa (BGCO) | and Club of Ottawa,https://www.bgcottawa.org/contact-us,yes,,unverified-single-source-non-ca,2026-07,,youth,
Arnprior Basketball Club,Ontario,Arnprior,source,Capital-Kingston,https://www.valleypridebasketball.ca/,valleypridebasketball@gmail.com,,EOBA Competitive Season 2025-26; OBL/OBA (affiliated),,45.447698,-76.3673522,,,,FB facebook.com/valley.pride.10; IG @valleypridebasketball,,Input website domain does not resolve at all. No Facebook/Instagram page found under the club's own name. Team also appears as an opponent listing on Kanata Youth Basketball Association's site but tha,dead-or-expired,,,,"browser-sweep,oba-kml,tier3-search",3,4,yes,,Arnprior | Arnprior Basketball Club,https://www.google.com/maps/d/kml?mid=1jf36n-Sx3O1KSIlSjRcGu-JABLNcyUgo&forcekml=1,yes,,website-flagged-dead-or-expired,2026-07,,youth,
Ashbury College,Ontario,Ottawa,source,Ottawa,,admissions@ashbury.ca,613-749-5954,NSC,,,,,,,,,,,,,,"census-2026-07,ontario-csv",2,2,,,Ashbury College,ontario census + enrichment 2026-07-18,yes,,no-website,2026-07,,youth,
Aspire For Higher,Ontario,Brampton,source,Peel-Halton,https://www.a4hsports.ca/,info@a4hsports.ca,905-965-4667,Jr. NBA Canada; Jr. NBA/Jr. WNBA Canada; OBL/OBA (affiliated),,43.7396585,-79.8394783,,,,,,,,,,,"browser-sweep,jrnba-2019,oba-kml",3,10,yes,,Aspire For Higher | Little Dribblers,https://www.google.com/maps/d/kml?mid=1jf36n-Sx3O1KSIlSjRcGu-JABLNcyUgo&forcekml=1,yes,yes,website-from-governing-body,2026-07,,youth,
Aurora Dunks Basketball (Special Olympics Ontario),Ontario,Aurora,source,,https://aurora.specialolympicsontario.ca/programs/basketball,aurora.manager.basketball@specialolympicsontario.ca,,,,,,,,,,Sandra,Page explicitly names Sandra as the program manager contact for assessment/wait-list inquiries.,,,,,"municipal-directory,tier3-search,website-scrape",3,3,,,Aurora Dunks Basketball (Special Olympics Ontario),https://www.aurora.ca/recreation-arts-and-culture/sport/sport-organizations-serving-aurora/,yes,yes,website-from-governing-body,2026-07,,youth,
B-Elite,Ontario,,,,,,,Hoop City Basketball Spring/Summer League 2026,,,,,,,,,,,,,,browser-sweep,1,1,,,B-Elite,https://www.tourneymachine.com/Public/Results/Division.aspx?IDTournament=h2026050420140144611ffbead9d704f&IDDivision=h20260504202814994b8c4103221484a,,,no-website,2026,,youth,
B.1.C.E Basketball,Ontario,,,GTA,,,,NPH Showcase Girls; OBL,,,,,,,Instagram @b1cewbb ('Become One Canada Elite'),,"Girls-only program ('Become One Creating Empowerment'), matches 'NPH Showcase Girls' tag and appears in Ontario Basketball Provincials records. No email or phone listed on Instagram (only a Stripe pay",,,,,"census-2026-07,obl-teams,ontario-csv,tier3-search",4,4,,yes,B.1.C.E Basketball | B1CE,ontario census + enrichment 2026-07-18,,,no-website,2026-07,,youth,
B1CE London (Become One Canada Elite),Ontario,London ON,source,,https://www.instagram.com/b1cewbb/,,,NPH-D1; OBL,,,,,,,IG @b1cewbb,,No email or phone found; social handle matches what was already known from input.,,,,Efrem Hasebenebi (HC),"contact-enrichment,obl-teams,ontario-circuit-list,tier3-search,website-scrape",5,5,,yes,B1CE London | B1CE London (Become One Canada Elite),https://www.instagram.com/b1cewbb/,,yes,website-corroborated,2026-07,,youth,
Ball 905 Youth Foundation,Ontario,Mississauga/Brampton ON,source,Peel-Halton,https://ball905rep.com/,youthfoundation@ball905.com,,OBL/OBA (affiliated),,43.591543,-79.6484562,,,,IG @ball905rep,,,,,,,"contact-enrichment,oba-kml",2,2,yes,,BALL905 Youth Foundation | Ball 905 Youth Foundation,https://www.google.com/maps/d/kml?mid=1jf36n-Sx3O1KSIlSjRcGu-JABLNcyUgo&forcekml=1,yes,yes,website-from-governing-body,2026-07,,youth,
Ball-Stars,Ontario,Waterloo,source,,,,,Jr. NBA/Jr. WNBA Canada,,,,,,,,,,,,,,browser-sweep,1,1,,,Ball-Stars | Junior Ball-Stars,https://jr-nba.webflow.io/programs/junior-ball-stars-fall,,,no-website,2019-20,yes,youth,
Ball4Life,Ontario,,,,ball4life.ca,info@ball4life.ca,4169942023,Hoop City Basketball Spring/Summer League 2026,,,,,,,X/Twitter @b4lbasketball,,"Toronto-area (416) basketball training company matching the club name exactly; could not independently confirm 'Hoop City' league participation on their own site (no mention found), but the name/city",,,,,"browser-sweep,tier3-search",2,2,,,Ball4Life,https://www.ball4life.ca/general-6,yes,yes,canadian-tld,2026-07,,youth,
Ball905 Elite,Ontario,,,GTA,ball905rep.com,register@ball905.com,,NPH Showcase; NPH-SL; OBL,,,,,,,,,,,,,,"census-2026-07,obl-teams,ontario-circuit-list,ontario-csv",4,4,,yes,BALL905 Elite | Ball905 Elite,ontario census + enrichment 2026-07-18,yes,yes,website-corroborated,2026-07,,youth,
Ballmatics Academy,Ontario,,,Toronto Region,https://ballmatics.com/,info@qsla.ca,,OBL/OBA (affiliated),,43.6700592,-79.4319512,,,,FB @quantum_sla; FB @quantumsla; IG @ballmatics; IG @ballmaticsacademy,,,,,,,"oba-kml,website-scrape",2,2,yes,,Ballmatics Academy,https://www.google.com/maps/d/kml?mid=1jf36n-Sx3O1KSIlSjRcGu-JABLNcyUgo&forcekml=1,yes,yes,website-from-governing-body,2026-07,,youth,
Barrie and District Association of Basketball Officials (BDABO),Ontario,Barrie / Simcoe County,source,,http://www.bdabo.ca/,vadebong@csolve.net,705-549-1906,,,,,,,,,Secretary to the Board (no name published; contact via website),,,,,,"211-cioc,municipal-directory",2,2,,,Barrie and District Association of Basketball Officials | Barrie and District Association of Basketball Officials (BDABO),https://cc.search211.ca/record/71090132/barrie-and-district-association-of-basketball-officials-barrie-and-district-association-of-basketball-officials/,yes,yes,website-from-governing-body,2026-07,,officials,
Barrie Buccaneers BC,Ontario,Barrie ON,source,,barriebuccaneers.com,info@barriebuccaneers.com,,NPH-SL; Phoenix League,,,,,,,IG @barriebuccaneers,"Adrian Rodriguez and Ryan Miltmore (co-founders, per barrietoday.com news coverage)","Site only offers a contact form; no direct email/phone published. Founder names come from a local news headline/search snippet, not independently verified against a byline we could read in full.",,,,Ryan Miltimore/Adrian Rodriguez (Co-Pres); Claudia Moreno (GM),"contact-enrichment,league-harvest,ontario-circuit-list,tier3-search,website-scrape",5,5,,,Barrie Buccaneers | Barrie Buccaneers BC,https://www.barriebuccaneers.com/contact,yes,yes,website-corroborated,2026-07,,youth,
Basketball Basics Inc,Ontario,Ajax,source,,https://jr-nba.webflow.io/programs/basketball-basics-inc-fall,basketballbasics@rogers.com,416-567-2844,Jr. NBA Canada; Jr. NBA/Jr. WNBA Canada,,43.8611288,-79.0259267,,ChIJ0RWtQbTn1IkRzr6A0wHhd_s,APPROXIMATE,,,,,,"Ajax, ON, Canada",,"browser-sweep,geocode,jrnba-2019",3,5,,,Basketball Basics Inc,https://maps.googleapis.com/maps/api/geocode/json,yes,,ambiguous-place-single-source-non-ca,2026-07,,youth,
Basketball World Toronto,Ontario,Toronto,source,Toronto Region,https://www.bwt.ca/,youth@bwt.ca,(647) 444-4298,OBA; OBL/OBA (affiliated),,43.6728452,-79.4969934,,,,,,,,,,,"census-2026-07,oba-kml,ontario-csv",3,3,yes,,Basketball World Toronto | Basketball World Toronto (BWT),https://www.google.com/maps/d/kml?mid=1jf36n-Sx3O1KSIlSjRcGu-JABLNcyUgo&forcekml=1,yes,yes,website-from-governing-body,2026-07,,youth,
BAYAN Basketball,Ontario,,,Durham-York,https://www.facebook.com/BAYAN-BASKETBALL-127016123984566/,,,OBL/OBA (affiliated),,43.8527657,-79.4411163,,,,FB @bayanbasketball; FB @recover,,,,,,,"oba-kml,website-scrape",2,2,yes,,BAYAN Basketball,https://www.google.com/maps/d/kml?mid=1jf36n-Sx3O1KSIlSjRcGu-JABLNcyUgo&forcekml=1,,yes,website-from-governing-body,2026-07,,youth,
BC Trojka,Ontario,,,Toronto Region,http://basketball.trojka.ca/Home/,kk.trojka@gmail.com,,OBL/OBA (affiliated),,43.7643132,-79.3402189,,,,FB @kktrojka; IG @troykabc,,,,,,,"oba-kml,website-scrape",2,2,yes,,BC Trojka,https://www.google.com/maps/d/kml?mid=1jf36n-Sx3O1KSIlSjRcGu-JABLNcyUgo&forcekml=1,yes,yes,website-from-governing-body,2026-07,,youth,
Become One Women's BBall,Ontario,,,Peel-Halton,https://www.instagram.com/become1wbb/,,,OBL/OBA (affiliated),,43.7437039,-79.7690755,,,,IG @become1wbb,,,,,,,"oba-kml,website-scrape",2,2,yes,,Become One Women's BBall,https://www.google.com/maps/d/kml?mid=1jf36n-Sx3O1KSIlSjRcGu-JABLNcyUgo&forcekml=1,,yes,website-from-governing-body,2026-07,,youth,
Belleville Spirits,Ontario,Belleville,source,Capital-Kingston,https://www.spiritsbasketball.net/,bellevillespirits@gmail.com,6139623240,EOBA (Eastern Ontario Basketball Association); EOBA Competitive Season 2025-26; OBL; OBL/OBA (affiliated),community,44.1744093,-77.3613343,,,,FB/IG @bellevillespirits (girls); FB @spiritsboysbasketball (boys),"Sara Rozema, Director of Marketing & Communications (girls club)","Girls club (bellevillespirits.com) has a full executive roster with emails: Sara Rozema (comms) bellevillespiritscomm@gmail.com, Terri Coughlin (OBA liaison) bellevillespiritsliaison@gmail.com, Terri-",,,,,"browser-sweep,community-sweep,league-harvest,municipal-directory,oba-kml,obl-teams,tier3-search,website-scrape",8,12,yes,yes,Belleville | Belleville Spirits | Belleville Spirits - Bassett-Spiers | Belleville Spirits - McFadden | Belleville Spirits - McGrath | Belleville Spirits Basketball (Boys/Girls) | Belleville Spirits Girls Basketball Club,https://www.google.com/maps/d/kml?mid=1jf36n-Sx3O1KSIlSjRcGu-JABLNcyUgo&forcekml=1,yes,yes,website-from-governing-body,2026-07,,youth,
Belleville Spirits Boys Basketball,Ontario,Belleville,source,,https://quinte.totalsportsmedia.ca/directory/belleville-spirits-boys-basketball/,boysbellevillespirits@gmail.com,,,,,,,,,facebook.com/Spirits-Boys-Basketball-114555459951282,Geordie Michell,Directory explicitly lists address/phone as N/A; email and contact person are directly on the page.,,,,,"municipal-directory,tier3-search,website-scrape",3,3,,,Belleville Spirits Boys Basketball,https://quinte.totalsportsmedia.ca/directory/belleville-spirits-boys-basketball/,yes,yes,website-from-governing-body,2026-07,,youth,
BGC London,Ontario,London,source,West Region,https://www.bgclondon.ca/,info@bgclondon.ca,5194329306,,ymca,,,,,,FB @2008; FB @BGC.LDN; IG @bgc__london,,,,,,,"community-sweep,website-scrape",2,2,,,BGC London,https://www.bgclondon.ca,yes,yes,canadian-tld,2026-07,,youth,
BGC Ottawa (Boys and Girls Club of Ottawa),Ontario,Ottawa,source,Capital-Kingston,https://bgcottawa.my.site.com/,bgc_ottawa@00dau000008lu2reae.org.force.com,,,ymca,,,,,,,,,,,,,"community-sweep,website-scrape",2,2,,,BGC Ottawa (Boys and Girls Club of Ottawa),https://bgcottawa.my.site.com,yes,yes,website-corroborated,2026-07,,youth,
BGC Peel (Boys and Girls Club of Peel),Ontario,Mississauga/Brampton/Caledon,source,Peel-Halton,https://www.bgcpeel.org/,,,,ymca,,,,,,,,,,,,,community-sweep,1,1,,,BGC Peel (Boys and Girls Club of Peel),https://www.bgcpeel.org/programs/program-locations/,,,unverified-single-source-non-ca,2026-07,,youth,
BGC Thunderbolts,Ontario,,,GTA,,contactus@bgcottawa.org,18888240183,NPH Showcase,,,,,,,Instagram @bgc_thunderbolts,Coach Kian Nejad (founder),"IMPORTANT: this team is Ottawa-based ('📍 Ottawa Based' in Instagram bio, plays NPH/EOBA/CHC/NCHC out of Ron Kolbus Clubhouse), NOT GTA as tagged in our source data — likely a region-tagging error upst",,,,,"census-2026-07,ontario-csv,tier3-search",3,3,,,BGC Thunderbolts,ontario census + enrichment 2026-07-18,yes,,no-website,2026-07,,youth,
Big Country Basketball,Ontario,Southern Manitoba (Winkler/Morden area),source,South Region (Pembina Valley),https://www.bigcountrybasketball.com/,stephen@bigcountrybasketball.com,,,private club/training program,43.4691726,-80.4094164,,ChIJh-5IZoeMK4gR9JXT-Q_jhRQ,APPROXIMATE,,,,,,"Breslau, Woolwich, ON, Canada",,"census-2026-07,geocode",2,2,,,Big Country Basketball,https://maps.googleapis.com/maps/api/geocode/json,yes,,unverified-single-source-non-ca,2026-07,,youth,
Big Country Basketball,Ontario,Breslau,source,,https://jr-nba.webflow.io/programs/big-country-basketball-fall,pam@bigcountrybasketball.com,226-218-5355,Jr. NBA Canada; Jr. NBA/Jr. WNBA Canada,,43.49286,-80.416596,,,,,,,,,,,"browser-sweep,jrnba-2019",2,2,,,Big Country Basketball,https://jr-nba.webflow.io/programs/big-country-basketball-fall,yes,,unverified-single-source-non-ca,2019-20,yes,youth,
Bill Crothers SS,Ontario,Markham,source,York,https://billcrothers-ss.yrdsb.ca/,bill.crothers.ss@yrdsb.ca,(905) 477-8503,OSBA,,,,,,,,,,,,,,"census-2026-07,ontario-csv",2,2,,,Bill Crothers SS,ontario census + enrichment 2026-07-18,yes,yes,canadian-tld,2026-07,,youth,
Blessed Sacrament BC (Yellow Jackets),Ontario,HAMILTON ON (not Toronto),source,GTA,https://blessedsacramentbasketball.ca/,blessedsacrament@archtoronto.org,905-389-7834,Coalition; NPH Showcase; OBL,parish,43.2557206,-79.8711024,,ChIJj3feJ2yYLIgRIQ7f2Fbuais,APPROXIMATE,IG @bsyjbasketball,,"IMPORTANT: there is a same-named but DIFFERENT club, 'Blessed Sacrament Yellow Jackets' / blessedsacramentbasketball.ca, based in Hamilton (935 Fennell Ave E) with its own contact tournaments@blesseds",,,"Hamilton, ON, Canada",John Rocchi (Pres),"census-2026-07,community-sweep,contact-enrichment,geocode,obl-teams,ontario-circuit-list,ontario-csv,tier3-search,website-scrape",9,9,,yes,Blessed Sacrament | Blessed Sacrament BC (Yellow Jackets) | Blessed Sacrament Basketball | Blessed Sacrament Basketball (BSYK),https://maps.googleapis.com/maps/api/geocode/json,yes,yes,canadian-tld,2026-07,,youth,
Blessed Sacrament CYO (Yellow Jackets),Ontario,Hamilton,source,,,blessedscyo@gmail.com,,NPH-SL,,,,,,,,,,,,,,ontario-circuit-list,1,1,,,Blessed Sacrament CYO (Yellow Jackets),,yes,,no-website,2026-07,,youth,
Blessed Sacrament Yellow Jackets,Ontario,,,Hamilton-Niagara,https://www.blessedsacramentbasketball.ca/#/,info@blessedsacramentbasketball.ca,,OBL/OBA (affiliated),,43.2284688,-79.8398503,,,,,,,,,,,oba-kml,1,1,yes,,Blessed Sacrament Yellow Jackets,https://www.google.com/maps/d/kml?mid=1jf36n-Sx3O1KSIlSjRcGu-JABLNcyUgo&forcekml=1,yes,yes,website-from-governing-body,2026-07,,youth,
Blitz Basketball,Ontario,Hamilton (Ancaster),source,Hamilton-Niagara,https://www.blitzbasketball.net/,blitzbasketballinfo@gmail.com,905-807-1438,CYBL (Canadian Youth Basketball League); OBL/OBA (affiliated),,43.1832693,-79.9842847,L9B 2J8,ChIJ_0ZH8rWaLIgR8XLuQgUOEUQ,ROOFTOP,FB @ancasterblitz; IG @blitzbasketball,,,,"31 Benvenuto Crescent, Hamilton, ON L9B 2J8","31 Benvenuto Cres, Hamilton, ON L9B 2J8, Canada",,"geocode,league-harvest,municipal-directory,oba-kml,website-scrape",5,6,yes,,Ancaster Blitz | Blitz Basketball,https://www.google.com/maps/d/kml?mid=1jf36n-Sx3O1KSIlSjRcGu-JABLNcyUgo&forcekml=1,yes,yes,website-from-governing-body,2026-07,,youth,
Bordertown Basketball,Ontario,Fort Erie/Niagara,source,Niagara,bordertownbasketball.com,bordertownbasketball@gmail.com,289-696-4655,CYBL (Canadian Youth Basketball League); NPH Showcase,,,,,,,,,,,,,,"census-2026-07,league-harvest,ontario-csv",3,3,,,Bordertown | Bordertown Basketball,ontario census + enrichment 2026-07-18,yes,yes,website-corroborated,2026-07,,youth,
Born 2 Stand Out (BTSO),Ontario,Toronto/North York ON,source,,https://www.instagram.com/borntostandout_elite/,,,,,,,,,,IG @borntostandout_elite,"Justin Fields (founder/CEO, runs @justinbasketballprogram, Toronto)",No email or phone found; social handle matches what was already known from input.,,,,Justin Fields (Founder/CEO),"contact-enrichment,tier3-search,website-scrape",3,3,,,Born 2 Stand Out (BTSO),https://www.instagram.com/borntostandout_elite/,,yes,website-corroborated,2026-07,,youth,
Bounce Elite,Ontario,,,Peel-Halton,http://www.bounceelite.ca/home,,,CYBL (Canadian Youth Basketball League); OBL/OBA (affiliated),,43.7245334,-79.819519,,,,,,,,,,,"league-harvest,oba-kml",2,2,yes,,Bounce Elite,https://www.google.com/maps/d/kml?mid=1jf36n-Sx3O1KSIlSjRcGu-JABLNcyUgo&forcekml=1,,yes,website-from-governing-body,2026-07,,youth,
Boys and Girls Club of Kawartha Lakes - Basketball,Ontario,Lindsay,source,,https://www.bgckawarthas.com/,ttompkins@bgckawarthas.com,7053244493,,8-week youth skill development program,,,,,,,"Trevor Tompkins, Coordinator Sports Programs (phone ext. 217)",Page lists general sports programming (not basketball by name specifically) but this is the org-level Sports Programs Coordinator contact for the organization that runs the basketball program.,,,,,"gap-fill,tier3-search",2,2,,,Boys and Girls Club of Kawartha Lakes - Basketball,https://www.bgckawarthas.com/programs/sports/,yes,,unverified-single-source-non-ca,2026-07,,youth,
Brampton City Prep (BCP),Ontario,Brampton,source,Peel,,info@bramptoncityprep.com,416.747.7208,NJC; NPA; NPH-D1; NSC; OSBA,,43.6204946,-79.5131983,,ChIJxTNM1GA3K4gRd9VJIb_I6Vk,APPROXIMATE,,,,,,"Etobicoke, ON, Canada",,"census-2026-07,geocode,ontario-circuit-list,ontario-csv",4,4,,,Brampton City Prep | Brampton City Prep (BCP),https://maps.googleapis.com/maps/api/geocode/json,yes,,no-website,2026-07,,youth,
Brampton City Prep (BCP),Ontario,Etobicoke ON,source,,bramptoncityprep.com,info@bramptoncityprep.com,416-747-7208,,,,,,,,IG @officialbramptoncityprep,,,,,,,contact-enrichment,1,1,,,Brampton City Prep (BCP),,yes,,unverified-single-source-non-ca,2026-07,,youth,
Brampton Community Services – Cassie Campbell Community Centre (basketball programs),Ontario,Brampton,source,Peel-Halton,https://www.brampton.ca/EN/residents/Recreation/Community-Centres/pages/cassie-campbell.aspx,mara.lanz@brampton.ca,9058404041,,municipal,,,,,,FB @CityBrampton; IG @citybrampton,,"This is a City of Brampton-run community centre (basketball is a drop-in/family program there, not a standalone club), so the contact is the facility's general phone line, address 1050 Sandalwood Park",,,,,"community-sweep,tier3-search,website-scrape",3,3,,,Brampton Community Services – Cassie Campbell Community Centre (basketball programs),https://www.brampton.ca/EN/residents/Recreation/Community-Centres/pages/cassie-campbell.aspx,yes,yes,canadian-tld,2026-07,,youth,
Brampton Minor Basketball Association,Ontario,Brampton,source,Peel-Halton,https://www.bramptonbasketball.com/,info@bramptonbasketball.com,(905) 455-5277,CYBL (Canadian Youth Basketball League); Coalition; NPH Showcase; OBA; OBL/OBA (affiliated); ORBL (Ontario Regional Basketball League),community,43.674182,-79.7683406,L6Y 5T1,ChIJtWIpl28VK4gR5YIzBiLbUAI,ROOFTOP,IG @bramptonbasketball,"David Baah (President, david@bramptonbasketball.com); Reynold Bogle (Alternate contact, reynold@bramptonbasketball.com); Leslie Carmichael (Director Member Services / Volunteer Coordinator, leslie@bramptonbasketball.com)",,,"Flower City Community Campus, 8930 Mclaughlin Road S, Building E, Brampton, ON, Canada L6Y 5T1","8850 McLaughlin Rd S #1, Brampton, ON L6Y 5T1, Canada",,"211-cioc,census-2026-07,community-sweep,contact-enrichment,geocode,league-harvest,municipal-directory,oba-kml,ontario-circuit-list,ontario-csv",10,13,yes,,Brampton Minor Basketball (BMBA) | Brampton Minor Basketball Association | Brampton Minor Basketball Association (BMBA) | Brampton Warriors | Brampton Warriors (Brampton Minor BA),https://www.google.com/maps/d/kml?mid=1jf36n-Sx3O1KSIlSjRcGu-JABLNcyUgo&forcekml=1,yes,yes,website-from-governing-body,2026-07,,youth,
Brant Norfolk Basketball Officials Association,Ontario,Brant / Norfolk counties,source,,,snell.jb@gmail.com,,,,,,,,,,"Jamie Snell (President); Jason Smith (Vice President, jessandjay14@outlook.com)",,,,,,"211-cioc,municipal-directory",2,2,,,Brant Norfolk Basketball Officials Association,https://211ontario.ca/service/79836342/brant-norfolk-basketball-officials-association-youth-basketball-refereeing-services/,yes,,no-website,2026-07,,officials,
Brantford CYO Boys,Ontario,Brantford,source,Kitchener-Waterloo,http://www.brantfordcyo.ca/,brantfordcyoboys@gmail.com,(519) 756-9035,NPH Showcase; NPH-SL; OBL; OBL/OBA (affiliated),,43.1607399,-80.2873787,,,,IG @cyoboysbasketball,"Nick Esposito (President, nickesposito04@gmail.com); Kyle McNiven (Tournament Chair)",,,"245 King George Rd, Suite 175, Brantford, ON, N3R 7N7",,,"211-cioc,census-2026-07,contact-enrichment,municipal-directory,oba-kml,obl-teams,ontario-circuit-list,ontario-csv,website-scrape",9,14,yes,yes,Brantford Boys CYO (Hawks) | Brantford Boys CYO Hawks Basketball | Brantford CYO Boys | Brantford CYO Hawks | Brantford CYO Hawks - - DeJonge | Brantford CYO Hawks - - Esposito/Dawson | Brantford Hawks,https://www.google.com/maps/d/kml?mid=1jf36n-Sx3O1KSIlSjRcGu-JABLNcyUgo&forcekml=1,yes,yes,website-from-governing-body,2026-07,,youth,
Brantford CYO Girls,Ontario,Brantford,source,Kitchener-Waterloo,https://brantfordcyogirls.com/,brantfordcyogirls@outlook.com,,OBL/OBA (affiliated),parish,43.122757,-80.2861378,N3T 0M7,ChIJHYCK75JoLIgREZm3rtkhOAk,ROOFTOP,FB @BrantfordCYOGirlsBball; FB @bcyogirlsbball; FB @harmonylodge115; IG @brantfordcyogirls,Tammy Ryan (President),,,"Assumption College, 257 Shellard Lane, Brantford, ON, N3T 5L5","257 Shellard Ln, Brantford, ON N3T 0M7, Canada",,"211-cioc,community-sweep,geocode,municipal-directory,oba-kml,website-scrape",6,6,yes,,Brantford CYO Girls | Brantford CYO Girls Basketball,https://www.google.com/maps/d/kml?mid=1jf36n-Sx3O1KSIlSjRcGu-JABLNcyUgo&forcekml=1,yes,yes,website-from-governing-body,2026-07,,youth,
BrBOA,Ontario,,,,,,,CYBL (Canadian Youth Basketball League),,,,,,,,,,,,,,league-harvest,1,1,,,BrBOA,https://www.cybl.ca/ (High School division),,,no-website,2025-26,,youth,no-contact-unverified;short-name-single-league-source
Breakthrough,Ontario,,,,,,,Hoop City Basketball Spring/Summer League 2026,,,,,,,,,,,,,,browser-sweep,1,1,,,Breakthrough,https://www.tourneymachine.com/Public/Results/Division.aspx?IDTournament=h2026050420140144611ffbead9d704f&IDDivision=h20260504201401447c2c1c1ac773c47,,,no-website,2026,,youth,
Brian Owusu Academy,Ontario,,,,,,,CYBL (Canadian Youth Basketball League); OBL,,,,,,,,,,,,,,"league-harvest,obl-teams",2,2,,yes,BOA | Brian Owusu Academy,https://www.cybl.ca/,,,no-website,2026-07,,youth,
Briers Basketball Club,Ontario,Brantford,source,,https://www.briersbasketball.ca/,info@briersbasketball.ca,519-714-1287,,,,,,,,,,,,,,,"211-cioc,municipal-directory",2,2,,,Briers Basketball Club,https://211ontario.ca/service/79831310/briers-basketball-club-basketball-programs/,yes,yes,website-from-governing-body,2026-07,,youth,
Brockville Blazers,Ontario,Brockville,source,Capital-Kingston,https://brockvilleblazers.com/,info@brockvilleblazers.com,613-348-1451,EOBA (Eastern Ontario Basketball Association); EOBA Competitive Season 2025-26; OBL/OBA (affiliated); Toronto Big League (SR Prep),youth basketball association,44.5558981,-75.7621235,,,,https://www.facebook.com/brockvilleblazers ; https://www.instagram.com/brockvilleblazers ; https://twitter.com/BrckvlleBlazers,,Club's own site blocks automated fetches (403) so confirmation comes from a directory aggregator page that itself cites the club's contact page. Address varies slightly by source (1354 Linden Cr vs 12,,,,,"browser-sweep,gap-fill,league-harvest,municipal-directory,oba-kml,tier3-search",6,7,yes,,Brockville Blazers | Brockville Blazers Basketball Association,https://www.google.com/maps/d/kml?mid=1jf36n-Sx3O1KSIlSjRcGu-JABLNcyUgo&forcekml=1,yes,yes,website-from-governing-body,2026-07,,youth,
Brother Pack,Ontario,,,,,,,CYBL (Canadian Youth Basketball League); Hoop City Basketball Spring/Summer League 2026,,,,,,,,,,,,,,"browser-sweep,league-harvest",2,2,,,Brother Pack | Brothers Pack,https://www.tourneymachine.com/Public/Results/Division.aspx?IDTournament=h2026050420140144611ffbead9d704f&IDDivision=h20260504202749080773e76e4521443,,,no-website,2026,,youth,
Brotherhood Elite,Ontario,GTA West/East + Ottawa,source,,https://brotherhoodelite.ca/,info@brotherhoodelite.ca,6475450664,NPH-SL; NSC; Phoenix League,,,,,,,FB @BrotherhoodDream; X @BrotherHoodEite,,Phone is described on-site as a 'Call / text (coach line)'. An earlier search result surfaced a different phone number with a US (256) area code that did NOT match what the official contact page showe,,,,,"league-harvest,ontario-circuit-list,tier3-search",3,3,,,Brotherhood Elite,https://brotherhoodelite.ca/contact,yes,yes,canadian-tld,2026-07,,youth,
Brothers Keeper Prep,Ontario,,,GTA,,,6479664667,NPH Showcase,,,,,,,Instagram @brotherskeeper_to; Facebook facebook.com/brotherskeeperbasketballto,Coach Don,"Toronto-based AAU program ('_to' handle), matches NPH Showcase participation (played Ottawa Elite and North York Lions in NPH Showcase semis/finals). Phone number is a coach's personal contact from an",,,,,"census-2026-07,ontario-csv,tier3-search",3,3,,,Brothers Keeper Prep,ontario census + enrichment 2026-07-18,yes,,no-website,2026-07,,youth,
Bukhari Titans,Ontario,,,,bukharibasketball.com,coach@bukharibasketball.com,12898795221,Phoenix League,,,,,,,Instagram @bukharibasketball,,"Could only find 'Bukhari Basketball Academy' (Markham, ON, 7261 Victoria Park Ave) — a training academy, not confirmed to field a team specifically called 'Bukhari Titans' in the Phoenix League. Given",,,,,"league-harvest,tier3-search,website-scrape",3,3,,,Bukhari Titans,https://www.bukharibasketball.com/,yes,yes,website-corroborated,2026-07,,youth,
Burlington Basketball,Ontario,Burlington,source,Peel-Halton,https://burlingtonbasketball.ca/,operations@burlingtonbasketball.ca,(905) 220-3735,Jr. NBA Canada; Jr. NBA/Jr. WNBA Canada; NJC; NPH-SL; OBA; OBL; OBL/OBA (affiliated),community,43.3676672,-79.8268651,L7L 5P2,ChIJU1Wcd-RhK4gRxQd237jLXcU,ROOFTOP,IG @burlingtonforce,,"'Force' is the rep/elite program of the umbrella organization Burlington Basketball; the contact page is general/operations-level rather than Force-specific, facility address 952 Century Dr, Burlingto",,"The Playground, 952 Century Dr, Burlington, ON, L7L 5P2","952 Century Dr, Burlington, ON L7L 5P2, Canada",,"211-cioc,browser-sweep,census-2026-07,community-sweep,geocode,jrnba-2019,municipal-directory,oba-kml,obl-teams,ontario-circuit-list,ontario-csv,tier3-search",12,15,yes,yes,Burlington Basketball | Burlington Force | Burlington Force (Burlington Basketball) | Burlington Force Elite,https://www.google.com/maps/d/kml?mid=1jf36n-Sx3O1KSIlSjRcGu-JABLNcyUgo&forcekml=1,yes,yes,website-from-governing-body,2026-07,,youth,
Burlington Hoops Academy,Ontario,Burlington/Oakville ON,source,,burlingtonhoopsacademy.com (down),,905-582-1547,NPH-SL,,,,,,,IG @burlingtonhoopsacademy,,,,,,,"contact-enrichment,ontario-circuit-list",2,2,,,Burlington Hoops Academy,,yes,,unverified-single-source-non-ca,2026-07,,youth,
Burloak Basketball,Ontario,,,Peel-Halton,https://www.burloakbasketball.com/,info@burloakbasketball.com,,OBL/OBA (affiliated),,43.3627013,-79.7953518,,,,,,"Straightforward mailto link, no obfuscation. No phone found.",,,,,"oba-kml,tier3-search",2,2,yes,,Burloak Basketball,https://www.google.com/maps/d/kml?mid=1jf36n-Sx3O1KSIlSjRcGu-JABLNcyUgo&forcekml=1,yes,yes,website-from-governing-body,2026-07,,youth,
Burloak Elite,Ontario,Burlington/Oakville,source,Halton,burloakbasketball.com,info@burloakbasketball.com,(416) 219-4939,NPH Showcase; NPH-SL; OBL; Phoenix League,,,,,,,,,,,,,,"census-2026-07,league-harvest,obl-teams,ontario-circuit-list,ontario-csv",5,5,,yes,Burloak Elite,ontario census + enrichment 2026-07-18,yes,yes,website-corroborated,2026-07,,youth,
Cadougan Elite,Ontario,,,GTA,cadouganelite.com,,,NPH Showcase; Phoenix League,,,,,,,,,,,,,,"census-2026-07,league-harvest,ontario-csv",3,3,,,Cadougan Elite,ontario census + enrichment 2026-07-18,,yes,website-corroborated,2026-07,,youth,
Caledon Cougar Basketball Association,Ontario,Caledon,source,Peel-Halton,http://www.caledoncougars.ca/teams/?u=CALEDONCOUGARS&s=basketball,caledoncougarsbasketball@gmail.com,(416) 452-9976,OBL; OBL/OBA (affiliated); OSBA,community,43.878837,-79.7394266,L7E 4J5,ChIJZSXPLeAhK4gRdCohsq_jwpg,ROOFTOP,,"Mike Dodig (President); Dawn Dodig (Treasurer, dawn.dodig@peelsb.com)",,,"33A King Street W, Bolton, ON L7E 1T3 (mailing: 33A King St W, Bolton, ON L7E 1C9)","33A King St W, Bolton, ON L7E 4J5, Canada",,"211-cioc,census-2026-07,community-sweep,geocode,municipal-directory,oba-kml,obl-teams,ontario-csv",8,8,yes,yes,Caledon Basketball Academy | Caledon Cougar Basketball Association | Caledon Cougars | Caledon Cougars Basketball Association,https://www.google.com/maps/d/kml?mid=1jf36n-Sx3O1KSIlSjRcGu-JABLNcyUgo&forcekml=1,yes,yes,website-from-governing-body,2026-07,,youth,
CALI,Ontario,,,,caliprepacademy.com,contact@caliprepacademy.com,8339374667,Toronto Big League (SR Prep),,,,,,,Instagram @caliprepacademy; @caliprepwbb (women's),,"C.A.L.I. (Character-Athletics-Life-Integrity) Prep Academy, 1420 Bayly St Unit 13, Pickering, ON. Name match is strong (CALI) and it's an Ontario prep basketball academy, but their Toronto Big League",,,,,"browser-sweep,tier3-search",2,2,,,CALI | CALI Prep,https://www.caliprepacademy.com/,yes,,unverified-single-source-non-ca,2026-07,,youth,looks-like-abbreviation
CALI Prep Academy,Ontario,Pickering,source,,,contact@caliprepacademy.com,833-937-4667,NJC; NSC,,,,,,,,,,,,,,ontario-circuit-list,1,1,,,CALI Prep Academy,,yes,,no-website,2026-07,,youth,
Cambridge Athletic Club (CAC) Youth Basketball,Ontario,Cambridge,source,Kitchener-Waterloo Region,https://www.cambridgeathletic.com/,,,,community,,,,,,,,"LIKELY BAD SOURCE MATCH: the input website cambridgeathletic.com belongs to 'Cambridge Athletic Club' in Somerville, MASSACHUSETTS. The Cambridge, ON community directory (finditcambridge.org) lists a",belongs-to-other-org,,,,"community-sweep,tier3-search",2,2,,,Cambridge Athletic Club (CAC) Youth Basketball,https://www.cambridgeathletic.com/youth-basketball,,,website-flagged-belongs-to-other-org,2026-07,,youth,
Cambridge Basketball,Ontario,Cambridge,source,Kitchener-Waterloo,https://cambridgebasketball.com/,info@cambridgebasketball.com,,OBL; OBL/OBA (affiliated),,43.3616211,-80.3144276,,,,,,"Input's sportngin.com URL is blocked/likely stale; found the club's current live site at cambridgebasketball.com, footer confirms org name 'Cambridge Basketball Association'. Phone shown on the contac",,,,,"municipal-directory,oba-kml,obl-teams,tier3-search",4,4,yes,yes,Cambridge Basketball | Cambridge Basketball Association Inc.,https://www.google.com/maps/d/kml?mid=1jf36n-Sx3O1KSIlSjRcGu-JABLNcyUgo&forcekml=1,yes,yes,website-from-governing-body,2026-07,,youth,
Cambridge International Academy,Ontario,Whitby (300 Water St),source,,,info@cambridgeinternationalacademy.ca,905-426-4254,OSBA,,,,,,,,,,,,,,ontario-circuit-list,1,1,,,Cambridge International Academy,,yes,,no-website,2026-07,,youth,
Canada Central Prep,Ontario,,,,,,,NPH-D1,,,,,,,,,,,,,,ontario-circuit-list,1,1,,,Canada Central Prep,,,,no-website,2026-07,,youth,
Canada Elite,Ontario,"Toronto (Milton, per prior OBA KML record)",source,Toronto Region,https://www.canelite.ca/,,,CYBL (Canadian Youth Basketball League); Hoop City Basketball Spring/Summer League 2026; OBL/OBA (affiliated); Phoenix League,,43.8221219,-79.2139666,,,,"https://www.facebook.com/canadaelite/ (Toronto, ON — match not independently confirmed)",,Site blocks automated fetches; no email/phone recovered. A Toronto-based Facebook page facebook.com/canadaelite/ turned up but could not be confirmed as the same entity as this Milton/Toronto-area clu,,,,,"browser-sweep,league-harvest,oba-kml,tier3-search",4,5,yes,,Canada Elite,https://www.google.com/maps/d/kml?mid=1jf36n-Sx3O1KSIlSjRcGu-JABLNcyUgo&forcekml=1,,yes,website-from-governing-body,2026-07,,youth,
Canada Phenoms,Ontario,,,GTA,,,,NPH Showcase,,,,,,,,,,,,,,"census-2026-07,ontario-csv",2,2,,,Canada Phenoms,ontario census + enrichment 2026-07-18,,,no-website,2026-07,,youth,
Canada Topflight Academy (Tony House's club),Ontario,Toronto,source,Toronto,https://canadatopflight.com/,,613-797-2089,NJC; NSC; OSBA,,43.6548253,-79.388447,,ChIJpTvG15DL1IkRd8S0KlBVNTI,APPROXIMATE,,,,,,"Toronto, ON, Canada",,"census-2026-07,geocode,ontario-csv",3,4,,,Canada Topflight Academy (CTA) | Canada Topflight Academy (Tony House's club),https://maps.googleapis.com/maps/api/geocode/json,yes,yes,website-corroborated,2026-07,,youth,
Canada Topflight Academy (Tony House's club),Ontario,Ottawa ON,source,,canadatopflight.com,thouse@canadatopflight.com,613-797-2089,NJC; OSBA,,,,,,,X @CanadaTopflight,,,,,,Tony House (Founder/HC),"contact-enrichment,ontario-circuit-list",2,2,,,"Canada Topflight Academy (Gold, Red) | Canada Topflight Academy (Tony House's club)",,yes,,unverified-single-source-non-ca,2026-07,,youth,
Canadian Basketball Academy,Ontario,Toronto,source,Toronto Region,https://www.canadianbballacademy.com/,,(416) 993-9536,OBL/OBA (affiliated),,43.6904943,-79.4088446,,,,,,,,,,,"census-2026-07,oba-kml,ontario-csv",3,3,yes,,Canadian Basketball Academy | Canadian Basketball Academy (CBA),https://www.google.com/maps/d/kml?mid=1jf36n-Sx3O1KSIlSjRcGu-JABLNcyUgo&forcekml=1,yes,yes,website-from-governing-body,2026-07,,youth,
Canadian Private School,Ontario,,,,,,,NPH-D1,,,,,,,,,,,,,,"contact-enrichment,ontario-circuit-list",2,2,,,Canadian Private School,,,,no-website,2026-07,,youth,
CanElite-4QT,Ontario,Atlantic Canada (ATL region host),source,,,,,Canada Hoops Circuit,,43.37822,-64.9405185,,ChIJd_2SiYevX0sRN6sAvAEPi_E,APPROXIMATE,,,,,,"Atlantic Canada, Canada",,"browser-sweep,geocode",2,2,,,CanElite-4QT,https://maps.googleapis.com/maps/api/geocode/json,,,no-website,2026-07,,youth,
Capital Courts Academy,Ontario,Ottawa,source,Ottawa,https://capitalcourts.com/cca/,info@capitalcourts.com,613-762-7330,NPH-SL; NSC; OSBA,,,,,,,,,,,,,,"census-2026-07,ontario-circuit-list,ontario-csv",3,3,,,Capital Courts Academy,ontario census + enrichment 2026-07-18,yes,yes,website-corroborated,2026-07,,youth,
Capital X,Ontario,"Ottawa (Capital region, inferred)",source,,https://www.capitalxbasketball.com/,,6138837296,EOBA Competitive Season 2025-26,,45.4200572,-75.7003397,,ChIJrxNRX7IFzkwR7RXdMeFRaoo,APPROXIMATE,X/Twitter @capitalxbball; IG @capitalxbasketball; FB Capitalxbball,Chris Chapman (per search-engine listings; not independently verified on a page we could read),"Address: 1030 Chantenay Dr, Orléans, ON K1C 2K9. An email exists on the official site but every source returns it as a Cloudflare-style '[email protected]' placeholder (JS-decoded on the live page), s",,,"Ottawa, ON, Canada",,"browser-sweep,geocode,tier3-search",3,3,,,Capital X | Capital X-Men,https://maps.googleapis.com/maps/api/geocode/json,yes,,unverified-single-source-non-ca,2026-07,,youth,
Castlemore Elite,Ontario,Brampton,source,Peel,https://www.castlemoreathletics.ca/basketball,info@castlemorelite.ca,6472746934,NPH Showcase,,,,,,,IG @castlemorelite,,A second phone number is also listed on the same page: (647) 564-1188.,,,,,"census-2026-07,ontario-csv,tier3-search",3,3,,,Castlemore Elite,ontario census + enrichment 2026-07-18,yes,yes,canadian-tld,2026-07,,youth,
Cathedral,Ontario,,,,,,,NPH-D1,,,,,,,,,,,,,,ontario-circuit-list,1,1,,,Cathedral,,,,no-website,2026-07,,youth,
Cathedral High School,Ontario,Hamilton,source,Hamilton,https://chs.hwcdsb.ca/,chs@hwcdsb.ca,905-522-3581,NSC,,,,,,,X @cathedralgaels,,,,,,,"census-2026-07,contact-enrichment,ontario-csv,website-scrape",4,5,,,Cathedral HS (Gaels) | Cathedral High School,ontario census + enrichment 2026-07-18,yes,yes,canadian-tld,2026-07,,youth,
CB Elite,Ontario,,,GTA,https://www.cbelite.ca/,shawn@vidasana.ca,(514) 918-9906,NPH Showcase; Toronto Big League (JR Rep),,,,,,,,,,,,,,"browser-sweep,census-2026-07,ontario-csv",3,3,,,CB Elite | CBA Elite,ontario census + enrichment 2026-07-18,yes,yes,canadian-tld,2026-07,,youth,
Centre Wellington Celtics,Ontario,Fergus/Elora,source,Kitchener-Waterloo,https://cwceltics.ca/,jess.cwceltics@gmail.com,,NPH Showcase; OBL/OBA (affiliated),,43.5857399,-80.3769999,,ChIJk55XRU--K4gR5fQKexh-a0s,APPROXIMATE,,,,,,"Fergus, Centre Wellington, ON, Canada",,"census-2026-07,geocode,oba-kml,ontario-csv",4,4,yes,,Centre Wellington Celtics,https://www.google.com/maps/d/kml?mid=1jf36n-Sx3O1KSIlSjRcGu-JABLNcyUgo&forcekml=1,yes,yes,website-from-governing-body,2026-07,,youth,
Chatham Youth Basketball Association,Ontario,Chatham,source,West Region,https://www.chathamyba.org/,,,,community,,,,,,,,,,,,,community-sweep,1,1,,,Chatham Youth Basketball Association,https://www.chathamyba.org/,,,ambiguous-place-single-source-non-ca,2026-07,,youth,
Chatham-Kent Wildcats,Ontario,Chatham,source,West Region,http://www.chathamkentwildcats.com/,ckwildcats.treasurer@gmail.com,519-791-5989,OBA; OBL; OBL/OBA (affiliated),community,42.4062578,-82.1756121,,,,,"Corky Butcher (President); Scott Barko (Vice President, 519-791-5989); Shannon Wilkins (Treasurer, ckwildcats.treasurer@gmail.com)",,,,,,"census-2026-07,community-sweep,municipal-directory,oba-kml,obl-teams,ontario-csv",6,6,yes,yes,Chatham Kent Wildcats | Chatham-Kent Wildcats | Chatham-Kent Wildcats Basketball,https://www.google.com/maps/d/kml?mid=1jf36n-Sx3O1KSIlSjRcGu-JABLNcyUgo&forcekml=1,yes,yes,website-from-governing-body,2026-07,,youth,
Christian Youth Basketball League (CYBL),Ontario,Barrie & Kingston,source,North Region,https://www.cyblbasketball.ca/,,,,community,,,,,,,,,,,,,community-sweep,1,1,,,Christian Youth Basketball League (CYBL),https://www.cyblbasketball.ca/,,yes,canadian-tld,2026-07,,youth,
CIA Bounce / Nike EYBL,Ontario,Toronto (GTA-wide),source,Toronto,http://www.nikebounce.com/home,ciabounce@gmail.com,,Nike EYBL,,,,,,,,,,,,,,"census-2026-07,ontario-csv",2,2,,,CIA Bounce / Nike EYBL,ontario census + enrichment 2026-07-18,yes,yes,website-corroborated,2026-07,,youth,
City Above Elite,Ontario,Vaughan/North York ON,source,GTA,,northernkingsacademy@gmail.com,833-937-4667,CYBL (Canadian Youth Basketball League); Hoop City Basketball Spring/Summer League 2026; NJC; NPH Showcase; NPH-SL,,,,,,,IG @cityaboveelite,,,,,,,"browser-sweep,census-2026-07,contact-enrichment,league-harvest,ontario-circuit-list,ontario-csv",6,6,,,City Above Elite,ontario census + enrichment 2026-07-18,yes,,no-website,2026-07,,youth,
City of Elliot Lake Youth Basketball (Collins Hall),Ontario,Elliot Lake,source,,,,,,"municipal recreation program, grades 1-8, not an independent club",,,,,,,,,,,,,gap-fill,1,1,,,City of Elliot Lake Youth Basketball (Collins Hall),https://www.elliotlaketoday.com/local-news/registration-opens-for-youth-basketball-at-collins-hall-11197141,,,no-website,2026-07,,youth,
CKATT (Cooksville),Ontario,Mississauga,source,Peel,ckatt.com,info@ckatt.com,416-346-6244,NJC; NPH Showcase; NPH-SL,,,,,,,,,,,,,,"census-2026-07,ontario-circuit-list,ontario-csv",3,3,,,CKATT (Cooksville) | CKATT Basketball,ontario census + enrichment 2026-07-18,yes,yes,website-corroborated,2026-07,,youth,
CKATT / Cooksville,Ontario,,,Peel-Halton,http://www.ckatt.org/,info@ckatt.org,,OBL; OBL/OBA (affiliated),,43.6515107,-79.7696928,,,,,,,,,,,"oba-kml,obl-teams",2,2,yes,yes,CKATT / Cooksville | CKATT/Cooksville,https://www.google.com/maps/d/kml?mid=1jf36n-Sx3O1KSIlSjRcGu-JABLNcyUgo&forcekml=1,yes,yes,website-from-governing-body,2026-07,,youth,
Clippers,Ontario,,,,,,,EOBA (Eastern Ontario Basketball Association),,,,,,,,,,,,,,league-harvest,1,1,,,Clippers,https://eobahoops.com/about,,,no-website,2025-26,,youth,no-contact-unverified;short-name-single-league-source
Cmore Elite,Ontario,,,GTA,cmeelitebasketball.com,cmeelitebasketball23@gmail.com,,NPH Showcase,,,,,,,,,,,,,,"census-2026-07,ontario-csv",2,2,,,Cmore Elite,ontario census + enrichment 2026-07-18,yes,yes,website-corroborated,2026-07,,youth,
CODE,Ontario,Whitby,source,,codeprep.ca,info@codeprep.ca,,NJC; OSBA; SR Prep); Toronto Big League (JR Prep,,,,,,,Instagram @codesportsacademy; X/Twitter @CODESportsAcad1,,"CODE Prep / CODE Sports Academy, Whitby, ON, serving grades 6-12 — matches the Toronto Big League (JR Prep / SR Prep) tag.",,,,,"browser-sweep,ontario-circuit-list,tier3-search,website-scrape",4,4,,,C.O.D.E. Academy | CODE,https://www.codeprep.ca/contact,yes,yes,canadian-tld,2026-07,,youth,looks-like-abbreviation
Collective Elite Academy,Ontario,Brampton,source,,,info@thecollectiveelite.ca,,NJC,,,,,,,,,,,,,,ontario-circuit-list,1,1,,,Collective Elite Academy,,yes,,no-website,2026-07,,youth,
Collingwood Trailblazers,Ontario,Collingwood,source,North Region,http://www.collingwoodtrailblazers.ca/,,,OBL; OBL/OBA (affiliated),"youth basketball club, serves ""Collingwood and the surrounding area""",44.5029416,-80.2212387,,ChIJ5TpY6tt7KogRIKeLM-hhvtk,APPROXIMATE,FB @Collingwoodtrailblazers; FB @wethewood; IG @cwoodblazers,,"Address: 4-115 First St. Suite 409, Collingwood, ON L9Y 4W3. No direct email/phone; site offers only a message form and an email sign-up list.",,,"Collingwood, ON, Canada",,"gap-fill,geocode,oba-kml,obl-teams,tier3-search,website-scrape",6,7,yes,yes,Collingwood Trailblazers | Collingwood Trailblazers Basketball Club,https://www.google.com/maps/d/kml?mid=1jf36n-Sx3O1KSIlSjRcGu-JABLNcyUgo&forcekml=1,,yes,website-from-governing-body,2026-07,,youth,
Colts Prep,Ontario,Markham/Unionville ON,source,,coltsprep.com,info@coltsprep.com,,OSBA,,,,,,,IG @coltsprepwbb,,,,,,Jey-son Edwards (Program Director),"contact-enrichment,ontario-circuit-list,website-scrape",3,3,,,Colts Prep | Colts Prep (Bill Crothers SS),https://coltsprep.com,yes,yes,website-corroborated,2026-07,,youth,
Compass Academy,Ontario,NON-MATCH (NJ program only),source,,,,,NJC; NSC,,,,,,,,,"Confirmed non-match, matching the input's own flag: Compass (Basketball) Academy is a gap-year program based in Bridgewater, New Jersey (home court at LIFE TIME Bridgewater, 145 Commons Way), not an O",belongs-to-other-org,,,,"contact-enrichment,ontario-circuit-list,tier3-search",3,3,,,Compass Academy | Compass Academy (probable match),,,,website-flagged-belongs-to-other-org,2026-07,,youth,
Cooksville We>Me 2030,Ontario,Mississauga ON,source,,https://www.instagram.com/cooksville2030/,,,NJC,,,,,,,IG @cooksville2030,,No email or phone found; social handle matches what was already known from input.,,,,,"contact-enrichment,ontario-circuit-list,tier3-search,website-scrape",4,4,,,Cooksville We>Me 2030,https://www.instagram.com/cooksville2030/,,yes,website-corroborated,2026-07,,youth,
Core City Hoops,Ontario,,,GTA,https://www.corecityhoops.com/,,519-991-2631,NSC,,,,,,,,,,,,,,"census-2026-07,ontario-csv",2,2,,,Core City Hoops,ontario census + enrichment 2026-07-18,yes,yes,website-corroborated,2026-07,,youth,
Corey Graham Elite Extreme,Ontario,,,,,,,CYBL (Canadian Youth Basketball League),,,,,,,,,,,,,,league-harvest,1,1,,,Corey Graham Elite Extreme,https://www.cybl.ca/ (High School division),,,no-website,2025-26,,youth,no-contact-unverified
Cornwall & United Counties Basketball Association (Lions),Ontario,Cornwall,source,Capital-Kingston,https://cornwallbasketball.com/,lionscornwall@gmail.com,,OBL/OBA (affiliated),"house league + travelling teams (""Cornwall Lions""), running since 1982",45.0212762,-74.730345,,,,https://www.facebook.com/cornwallunitedcountiesbasketball/,"Denis Andre (President, since 2022)",,,,,,"gap-fill,municipal-directory,oba-kml",3,3,yes,,Cornwall & United Counties Basketball Association (Lions) | Cornwall and United Counties Basketball Association | Cornwall and United Counties Basketball Association (CUCBA),https://www.google.com/maps/d/kml?mid=1jf36n-Sx3O1KSIlSjRcGu-JABLNcyUgo&forcekml=1,yes,yes,website-from-governing-body,2026-07,,youth,
Cornwall Lions,Ontario,Cornwall,source,,,perley43@gmail.com,6135515813,EOBA (Eastern Ontario Basketball Association); EOBA Competitive Season 2025-26,,,,,,,,Perley Lewis,"A search result also surfaced a club-level address lionscornwall@gmail.com, but that was not seen directly on any page we could render, so the directly-confirmed tournament-organizer contact (Perley L",,,,,"browser-sweep,league-harvest,tier3-search",3,3,,,Cornwall Lions,https://eobahoops.com/2024/01/cornwall-u16-boys-tournament,yes,,no-website,2026-07,,youth,
County Clippers,Ontario,"Eli Carlone, rep",source,,https://www.countyclippers.ca/,info@countyclippers.ca,,EOBA Competitive Season 2025-26,,,,,,,FB/IG @countyclippers,,"Mailing address: PO Box 6269, Picton, ON K0K 2T0. Home venue: Prince Edward Collegiate Institute, 41 Barker St, Picton.",,,,,"browser-sweep,tier3-search,website-scrape",3,3,,,County Clippers,https://www.countyclippers.ca/contact-1,yes,yes,canadian-tld,2026-07,,youth,
Crestwood Prep,Ontario,Toronto,source,Toronto,schoolweb.tdsb.on.ca/centraltechnicalschool,centraltechnicalschool@tdsb.on.ca,416-393-0070,NPA; NSC; OSBA,,,,,,,FB @crestwoodprep; IG @crestwoodpreparatory,,,,,,,"census-2026-07,ontario-circuit-list,ontario-csv,website-scrape",4,6,,,Central Tech | Crestwood Prep | Crestwood Preparatory College (+ Blue),ontario census + enrichment 2026-07-18,yes,yes,canadian-tld,2026-07,,youth,
Crunch Time Basketball (Ignite),Ontario,Markham/Unionville/Stouffville/Richmond Hill/Newmarket/Aurora,source,Durham-York,https://www.crunchtimebasketball.ca/,,,,community,,,,,,,,,,,,,"community-sweep,gap-fill",2,2,,,Crunch Time Basketball | Crunch Time Basketball (Ignite),https://www.crunchtimebasketball.ca/,,yes,canadian-tld,2026-07,,youth,
Crunch Time Elite,Ontario,,,Durham-York,https://www.crunchtimebasketball.ca/,,,OBL; OBL/OBA (affiliated),,43.8561243,-79.3562178,,,,,,,,,,,"oba-kml,obl-teams",2,2,yes,yes,Crunch Time Elite,https://www.google.com/maps/d/kml?mid=1jf36n-Sx3O1KSIlSjRcGu-JABLNcyUgo&forcekml=1,,yes,website-from-governing-body,2026-07,,youth,
D3P Sports (D3P Basketball / D3P All Abilities / D3P Fitness),Ontario,Brampton,source,,http://www.d3psports.com,coachfelix@d3psports.com,647-809-0923,,,43.8701204,-79.8670882,,ChIJY8pQeRgEK4gRI6Jci8SdUKk,APPROXIMATE,,,,,"10 Hetherington Place, Brampton, ON, Canada L5T 1J2","Caledon, ON, Canada",,"211-cioc,geocode",2,2,,,D3P Sports (D3P Basketball / D3P All Abilities / D3P Fitness) | D3P Sports (D3P Basketball),https://maps.googleapis.com/maps/api/geocode/json,yes,yes,website-from-governing-body,2026-07,,youth,
D3P Sports (D3P Basketball / D3P All Abilities / D3P Fitness),Ontario,Caledon,source,,http://www.d3psports.com,coachfelix@d3psports.com,647-809-0923,,,,,,,,,Felix Adjei (CEO),,,,,,municipal-directory,1,1,,,D3P Sports (D3P Basketball / D3P All Abilities / D3P Fitness),https://peel.cioc.ca/record/CDR1812,yes,yes,website-from-governing-body,2026-07,,youth,
DC United,Ontario,,,,,,,CYBL (Canadian Youth Basketball League); OBL; Toronto Big League (JR Rep),,,,,,,,,,,,,,"browser-sweep,league-harvest,obl-teams",3,3,,yes,DC UNITED | DC United | DC United - HGSL,https://torontobigleague.ca/standings,,,no-website,2026-07,,youth,
DEEP Basketball,Ontario,Burlington,source,,http://deepbasketball.com/,info@deepbasketball.com,,CYBL (Canadian Youth Basketball League); OBL,,,,,,,IG @deepbasketballclub,Coach Hope (Founder),,,"Nelson High School Gym (program location), 4181 New St, Burlington, ON, L7L 1T3",,,"211-cioc,league-harvest,municipal-directory,obl-teams,website-scrape",5,5,,yes,DEEP Basketball | DEEP Basketball Club,https://211ontario.ca/service/97496057/deep-basketball-deep-basketball/,yes,yes,website-from-governing-body,2026-07,,youth,
DEl1te Basketball,Ontario,,,GTA,,,,NPH Showcase,,,,,,,,,,,,,,"census-2026-07,ontario-csv",2,2,,,DEl1te Basketball,ontario census + enrichment 2026-07-18,,,no-website,2026-07,,youth,
DFA Academy,Ontario,Toronto? (tentative),source,GTA,,,,NPH Showcase; NPH-SL,,43.6548253,-79.388447,,ChIJpTvG15DL1IkRd8S0KlBVNTI,APPROXIMATE,,,,,,"Toronto, ON, Canada",,"census-2026-07,geocode,ontario-circuit-list,ontario-csv",4,4,,,DFA Academy,https://maps.googleapis.com/maps/api/geocode/json,,,no-website,2026-07,,youth,
DFam United,Ontario,,,,,,,Phoenix League,,,,,,,,,,,,,,league-harvest,1,1,,,DFam United,https://basketball.exposureevents.com/264611/phoenix-basketball-spring-league-2026/teams,,,no-website,2025-26,,youth,no-contact-unverified;short-name-single-league-source
DHO Prep,Ontario,,,,,,,Toronto Big League (JR Prep),,,,,,,,,,,,,,browser-sweep,1,1,,,DHO Prep,https://torontobigleague.ca/standings,,,no-website,2025-26,,youth,
Disturbance Elite,Ontario,,,,,,,Hoop City Basketball Spring/Summer League 2026,,,,,,,,,,,,,,browser-sweep,1,1,,,Disturbance Elite,https://www.tourneymachine.com/Public/Results/Division.aspx?IDTournament=h2026050420140144611ffbead9d704f&IDDivision=h20260504202722623476147c4478545,,,no-website,2026,,youth,
DK Dragons,Ontario,,,Durham-York,https://dragonsbasketball.sportsengine-prelive.com/home,,,OBL/OBA (affiliated); Phoenix League,,43.9281811,-78.6996098,,,,,,,,,,,"league-harvest,oba-kml",2,2,yes,,DK Dragons,https://www.google.com/maps/d/kml?mid=1jf36n-Sx3O1KSIlSjRcGu-JABLNcyUgo&forcekml=1,,yes,website-from-governing-body,2026-07,,youth,
DKH Basketball,Ontario,,,GTA,,,,NJC,,,,,,,,,,,,,,"census-2026-07,ontario-csv",2,2,,,DKH Basketball,ontario census + enrichment 2026-07-18,,,no-website,2026-07,,youth,
DOE Academy,Ontario,,,,,,,CYBL (Canadian Youth Basketball League),,,,,,,,,,,,,,league-harvest,1,1,,,DOE Academy,https://www.cybl.ca/ (High School division),,,no-website,2025-26,,youth,no-contact-unverified;short-name-single-league-source
Dovercourt Recreation Association,Ontario,Ottawa,source,,https://jr-nba.webflow.io/programs/dovercourt-recreation-association-fall,cpelletier@dovercourt.org,,Jr. NBA Canada; Jr. NBA/Jr. WNBA Canada,,45.383607,-75.753548,,,,,,,,,,,"browser-sweep,jrnba-2019",2,4,,,Dovercourt Recreation Association,https://jr-nba.webflow.io/programs/dovercourt-recreation-association-fall,yes,,unverified-single-source-non-ca,2020,yes,youth,
Downtown's Finest,Ontario,Toronto ON,source,Toronto Region,https://www.downtownsfinest.ca/,,416-458-7100,Hoop City Basketball Spring/Summer League 2026; OBL; OBL/OBA (affiliated),,43.653226,-79.3831843,,,,IG @dfa_basketball,,,,,,,"browser-sweep,contact-enrichment,oba-kml,obl-teams",4,4,yes,yes,Downtown Finest | Downtown's Finest | Downtowns Finest | Downtowns Finest (DFA),https://www.google.com/maps/d/kml?mid=1jf36n-Sx3O1KSIlSjRcGu-JABLNcyUgo&forcekml=1,yes,yes,website-from-governing-body,2026-07,,youth,
Dream Chaserzzz Academy,Ontario,,,GTA,https://www.dreamchaserzzz.ca/,info@dreamchaserzzz.ca,6475742324,Hoop City Basketball Spring/Summer League 2026; NPH Showcase Girls,,,,,,,IG @dream.chaserzzz,Justin Alliman (Founder/CEO),"Dream Chaserzzz Basketball Inc., Woodbridge/Etobicoke ON, founded by Justin Alliman. Address: 71 Innovation Dr Unit #7, Woodbridge, ON L4H 0S3.",,,,,"browser-sweep,census-2026-07,ontario-csv,tier3-search",4,5,,,Dream Chaserzzz | Dream Chaserzzz Academy,ontario census + enrichment 2026-07-18,yes,yes,canadian-tld,2026-07,,youth,
Dropoff Elite,Ontario,,,GTA,,,,CYBL (Canadian Youth Basketball League); NPH Showcase Girls; NPH-D1; NPH-SL,,,,,,,,,,,,,,"census-2026-07,league-harvest,ontario-csv",3,3,,,Dropoff Elite,ontario census + enrichment 2026-07-18,,,no-website,2026-07,,youth,
Dundas Dynamo,Ontario,Dundas,source,Hamilton-Niagara,https://dynamobasketball.ca/,dynamo.bball@sympatico.ca,905-628-4966,NPH Showcase; NPH-SL; OBL; OBL/OBA (affiliated),,43.276937,-79.9367806,,ChIJHXHXM4WELIgRQCCIGRl1zSc,APPROXIMATE,https://www.facebook.com/dynamobasketball/,,"Club's own site blocks automated fetches; confirmed via ChatterBlock directory listing. Address: 40 Forestview Drive, Dundas, ON L9H 6M8.",,,"Dundas, Hamilton, ON, Canada",,"census-2026-07,geocode,municipal-directory,oba-kml,obl-teams,ontario-circuit-list,ontario-csv,tier3-search",8,8,yes,yes,Dundas Dynamo | Dundas Dynamo Basketball,https://www.google.com/maps/d/kml?mid=1jf36n-Sx3O1KSIlSjRcGu-JABLNcyUgo&forcekml=1,yes,yes,website-from-governing-body,2026-07,,youth,
Durham Basketball Club,Ontario,Durham,source,,durhambasketballclub.com,durhambasketballclub@gmail.com,,CYBL (Canadian Youth Basketball League),,,,,,,FB 'Durham Basketball Club',,"MEDIUM CONFIDENCE: email corroborated by search engine (attributed to durhambasketballclub.com, confirmed CYBL participant) but not independently viewed on a page we could render ourselves.",,,,,"league-harvest,tier3-search",2,2,,,Durham Basketball Club,https://www.facebook.com/p/Durham-Basketball-Club-100087101452544/,yes,,unverified-single-source-non-ca,2026-07,,youth,
Durham Blues Basketball,Ontario,Durham Region (Pickering/Ajax/Oshawa/Whitby),source,Durham,https://www.durhambluesbasketball.com/,durhambluesball@gmail.com,647-533-8635,OBA,house-league,43.9368383,-78.9288242,,ChIJNWdhlINO1YkR3unhOZ62X88,APPROXIMATE,IG @durhambluesbasketball,,,,,"Regional Municipality of Durham, ON, Canada",,"census-2026-07,community-sweep,contact-enrichment,geocode,ontario-csv",5,5,,,Durham Blues (Durham Basketball Assn) | Durham Blues Basketball,https://maps.googleapis.com/maps/api/geocode/json,yes,yes,website-corroborated,2026-07,,youth,
Durham City Basketball Association,Ontario,Ajax/Pickering/Whitby/Oshawa,source,Durham-York,https://www.durhamcitybasketball.ca/,info@durhamcitybasketball.ca,905-427-4253,Hoop City Basketball Spring/Summer League 2026; OBA; OBL/OBA (affiliated),community,43.8298652,-79.0267177,,ChIJ0RWtQbTn1IkRzr6A0wHhd_s,APPROXIMATE,,,,,,"Ajax, ON, Canada",,"browser-sweep,census-2026-07,community-sweep,geocode,oba-kml,ontario-csv",6,6,yes,,DCBA | Durham City Basketball | Durham City Basketball Association | Durham City Basketball Association (DCBA),https://www.google.com/maps/d/kml?mid=1jf36n-Sx3O1KSIlSjRcGu-JABLNcyUgo&forcekml=1,yes,yes,website-from-governing-body,2026-07,,youth,
Durham City Bulldogs,Ontario,Durham,source,,https://www.durhamcitybasketball.ca/,info@durhamcitybasketball.ca,9054274253,CYBL (Canadian Youth Basketball League),,,,,,,FB durhamcitybasketball; X @dcba__,,"'Bulldogs' is the team brand under the umbrella Durham City Basketball Association; address 311 Brock Street North, Whitby, ON L1N 4H8.",,,,,"league-harvest,tier3-search",2,2,,,Durham City Bulldogs,https://www.durhamcitybasketball.ca/,yes,yes,canadian-tld,2026-07,,youth,
Durham Crossover Basketball,Ontario,,,Durham-York,https://durhamcrossoverbasketball.weebly.com/,,,OBL; OBL/OBA (affiliated),,43.8508553,-79.0203732,,,,,,,,,,,"oba-kml,obl-teams",2,3,yes,yes,Durham Crossover | Durham Crossover Basketball,https://www.google.com/maps/d/kml?mid=1jf36n-Sx3O1KSIlSjRcGu-JABLNcyUgo&forcekml=1,,yes,website-from-governing-body,2026-07,,youth,
Durham Force,Ontario,,,Durham-York,https://durhamsportsplex.com/durham-force/,,,OBL/OBA (affiliated),,43.85599,-78.8762142,,,,,,,,,,,oba-kml,1,1,yes,,Durham Force,https://www.google.com/maps/d/kml?mid=1jf36n-Sx3O1KSIlSjRcGu-JABLNcyUgo&forcekml=1,,yes,website-from-governing-body,2026-07,,youth,
Durham Rising Suns,Ontario,Oshawa/Durham ON,source,Capital-Kingston,https://www.durhamrisingsuns.com/,info@durhamrisingsuns.com,647-988-6466,Coalition; OBL; OBL/OBA (affiliated),,43.8975446,-78.9429329,,,,IG @drisingsuns,,,,,,,"contact-enrichment,oba-kml,obl-teams,ontario-circuit-list",4,4,yes,yes,Durham Rising Suns,https://www.google.com/maps/d/kml?mid=1jf36n-Sx3O1KSIlSjRcGu-JABLNcyUgo&forcekml=1,yes,yes,website-from-governing-body,2026-07,,youth,
"Dynamic Basketball (DBDA, probable)",Ontario,Toronto,source,,,dynamicbball@gmail.com,416-994-1676,NSC,,,,,,,,,,,,,,ontario-circuit-list,1,1,,,"Dynamic Basketball (DBDA, probable)",,yes,,no-website,2026-07,,youth,
Dynamite,Ontario,,,,,,,CYBL (Canadian Youth Basketball League),,,,,,,,,,,,,,league-harvest,1,1,,,Dynamite,https://www.cybl.ca/ (High School division),,,no-website,2025-26,,youth,no-contact-unverified;short-name-single-league-source
Dynastie (ACD),Ontario,,,,,,,NPH-D1,,,,,,,,,,,,,,ontario-circuit-list,1,1,,,Dynastie (ACD),,,,no-website,2026-07,,youth,
East York Basketball,Ontario,Toronto (East/Beaches),source,Toronto Region,https://eastyorkbasketball.com/,info@eastyorkbasketball.com,,Coalition; OBA; OBL; OBL/OBA (affiliated); Toronto Big League (JR Rep),house-league,43.6912006,-79.3416638,,,,IG @eastyorkbasketball,,,,,,,"browser-sweep,census-2026-07,community-sweep,contact-enrichment,oba-kml,ontario-circuit-list,ontario-csv,website-scrape",8,8,yes,,East York Basketball | East York Basketball (Club) | East York Basketball Club (Eagles),https://www.google.com/maps/d/kml?mid=1jf36n-Sx3O1KSIlSjRcGu-JABLNcyUgo&forcekml=1,yes,yes,website-from-governing-body,2026-07,,youth,
East-Side City Warriors,Ontario,,,Durham-York,https://escw.weebly.com/,wmenzie@hotmail.com,9053912386,OBL/OBA (affiliated),,43.9247297,-78.7803825,,,,,,"Post references the '2019-2020 season' so may be dated, but it is the club's own explicit public contact instruction (personal email, no club-branded address exists).",,,,,"oba-kml,tier3-search",2,2,yes,,East-Side City Warriors,https://www.google.com/maps/d/kml?mid=1jf36n-Sx3O1KSIlSjRcGu-JABLNcyUgo&forcekml=1,yes,yes,website-from-governing-body,2026-07,,youth,
Eastern Academy,Ontario,,,,,,,Toronto Big League (JR Rep),,,,,,,,,,,,,,browser-sweep,1,1,,,Eastern Academy,https://torontobigleague.ca/standings,,,no-website,2025-26,,youth,
Eastern Basketball Academy,Ontario,,,Eastern Ontario,easternbasketball.ca,info@easternbasketball.ca,905-924-3137,NJC; NPH Showcase; NPH-SL; OBL,,,,,,,,,,,,,,"census-2026-07,obl-teams,ontario-circuit-list,ontario-csv",4,4,,yes,Eastern Basketball Academy,ontario census + enrichment 2026-07-18,yes,yes,canadian-tld,2026-07,,youth,
Eastern Basketball Association,Ontario,Oshawa / Pickering / Ajax / Whitby / Clarington,source,Durham-York,https://www.easternbasketball.ca/,info@easternbasketball.ca,905-924-3137,OBL; OBL/OBA (affiliated),,43.9379117,-78.8407417,,,,,,,,,,,"municipal-directory,oba-kml,obl-teams",3,3,yes,yes,Eastern Basketball Association,https://www.google.com/maps/d/kml?mid=1jf36n-Sx3O1KSIlSjRcGu-JABLNcyUgo&forcekml=1,yes,yes,website-from-governing-body,2026-07,,youth,
Eastern Earthquakes,Ontario,"Eastern Ontario, inferred from name",source,,,,,OBL; Toronto Big League (SR Rep),,,,,,,,,,,,,,"browser-sweep,obl-teams",2,2,,yes,Eastern Earthquakes,https://torontobigleague.ca/standings,,,no-website,2026-07,,youth,
Eastern Ontario Basketball League (EOBL),Ontario,Eastern Ontario (Ottawa area),source,Capital-Kingston,https://eobahoops.com/,,,,community,,,,,,FB @EOBAhoops; IG @eobahoops,,"Site (branded EOBA - Eastern Ontario Basketball Association) has only a contact form + social links. About page lists executive board (Jim Tebrake-Chair, Leo Doyle-Vice Chair, Deb Morris-Treasurer, Ky",,,,,"community-sweep,tier3-search,website-scrape",3,3,,,Eastern Ontario Basketball League (EOBL),https://eobahoops.com/about,,yes,website-corroborated,2026-07,,youth,
EcoHoops,Ontario,,,GTA,https://ecohoops.ca/,ecohoopscoaching@gmail.com,2892338050,NPH Showcase,,,,,,,Instagram @ecohoopsbasketball,,Confirmed via multiple distinct mailto: uses in the app's compiled source (not a placeholder - a 'coach@ecohoops.ca' string elsewhere in the bundle IS just a form-field placeholder and was excluded).,,,,,"census-2026-07,ontario-csv,tier3-search",3,3,,,EcoHoops,ontario census + enrichment 2026-07-18,yes,yes,canadian-tld,2026-07,,youth,
Edge Basketball,Ontario,,,GTA,,,,NPA; NPH Showcase,,,,,,,,,,,,,,"census-2026-07,ontario-csv",2,2,,,Edge Basketball,ontario census + enrichment 2026-07-18,,,no-website,2026-07,,youth,
Edge School (Edge Varsity/Prep),Ontario,Calgary AB,source,,edgeschool.com,,403-246-6432,,,,,,,,FB /edgeschool,,,,,,Eddie Richardson III (Basketball Director),contact-enrichment,1,1,,,Edge School (Edge Varsity/Prep),,yes,,unverified-single-source-non-ca,2026-07,,youth,
Edge Varsity,Ontario,,,,,,,NPH-D1,,,,,,,,,,,,,,ontario-circuit-list,1,1,,,Edge Varsity,,,,no-website,2026-07,,youth,
Elevation Athletics Basketball,Ontario,Newmarket,source,Durham-York,https://elevationathletics.ca/,info@elevationathletics.ca,(289) 500-6277,Jr. NBA Canada; Jr. NBA/Jr. WNBA Canada; NPH Showcase; OBL; OBL/OBA (affiliated),,44.0537861,-79.458962,,,,,,,,,,,"browser-sweep,census-2026-07,jrnba-2019,oba-kml,obl-teams,ontario-csv",6,9,yes,yes,Elevation Athletics | Elevation Athletics Association | Elevation Athletics Basketball,https://www.google.com/maps/d/kml?mid=1jf36n-Sx3O1KSIlSjRcGu-JABLNcyUgo&forcekml=1,yes,yes,website-from-governing-body,2026-07,,youth,
Elgin Wilcats,Ontario,,,Capital-Kingston,https://elginwildcatsbasketball.weebly.com/,,6132720231,OBL/OBA (affiliated),,44.6151492,-76.2100262,,,,,Will French,No email found on the site.,,,,,"oba-kml,tier3-search",2,2,yes,,Elgin Wilcats,https://www.google.com/maps/d/kml?mid=1jf36n-Sx3O1KSIlSjRcGu-JABLNcyUgo&forcekml=1,yes,yes,website-from-governing-body,2026-07,,youth,
Elite 8 Basketball Academy,Ontario,Sault Ste. Marie,source,North Region,https://www.elite8basketball.com/,elite8basketballacademy@gmail.com,705-971-7632,OBL/OBA (affiliated),"OBA member club + Jr NBA program (Ecole Notre Dame du Sault, 600 North St), U13-U17 boys club teams, girls grade 6-8 training",46.5322652,-84.3357663,,ChIJe4yBCBUxNk0RzSHbE7UOW8U,APPROXIMATE,linked from elite8basketball.com (Facebook/Instagram/Twitter/YouTube),,,,,"Sault Ste. Marie, ON, Canada",,"gap-fill,geocode,oba-kml",3,3,yes,,Elite 8 Basketball Academy,https://www.google.com/maps/d/kml?mid=1jf36n-Sx3O1KSIlSjRcGu-JABLNcyUgo&forcekml=1,yes,yes,website-from-governing-body,2026-07,,youth,
Elite Academy,Ontario,,,GTA,,,,NPH Showcase,,,,,,,,,,,,,,"census-2026-07,ontario-csv",2,2,,,Elite Academy,ontario census + enrichment 2026-07-18,,,no-website,2026-07,,youth,
Elite Omega Academy,Ontario,,,,https://eoatraining.com/,eliteomegaacademy@outlook.com,4162064509,CYBL (Canadian Youth Basketball League),,,,,,,IG @eoatraining,,"Operates as 'EOA Training', established 2019, based in Ajax, ON, serving Pickering/Ajax/Whitby/Oshawa (Durham Region) — matches CYBL league listing region.",,,,,"league-harvest,tier3-search",2,2,,,Elite Omega Academy,https://eoatraining.com/contact,yes,,unverified-single-source-non-ca,2026-07,,youth,
Elton Academy Basketball Program,Ontario,Richmond Hill,source,,https://eltonacademy.ca/rep-basketball-program/,info@eltonacademy.ca,9057310505,NSC; Phoenix League,,,,,,,IG @elton_academy_basketball,,"Located in Richmond Hill, Ontario; confirmed participant in Phoenix Basketball Spring League 2026.",,,,,"league-harvest,ontario-circuit-list,tier3-search",3,3,,,Elton Academy | Elton Academy Basketball Program,https://eltonacademy.ca/rep-basketball-program/,yes,yes,canadian-tld,2026-07,,youth,
EM Elite,Ontario,,,,,,,NPH-SL,,,,,,,,,,,,,,"contact-enrichment,ontario-circuit-list",2,2,,,EM Elite,,,,no-website,2026-07,,youth,
Escadron Basketball,Ontario,,,GTA,https://escadron.com,info@escadron.com,,NPH Showcase,,,,,,,Facebook facebook.com/escadronsportetudes,,No phone found.,,,,,"census-2026-07,ontario-csv,tier3-search",3,3,,,Escadron Basketball,ontario census + enrichment 2026-07-18,yes,yes,website-corroborated,2026-07,,youth,
Etobicoke Basketball Association,Ontario,Etobicoke,source,Toronto Region,https://etobicokebasketball.com/,manager@etobicokebasketball.com,(647) 238-2690,Coalition; OBA; OBL; OBL/OBA (affiliated),house-league,43.65554,-79.56535,,,,IG @eba_thunder,,LOWER CONFIDENCE: this phone number for Etobicoke Basketball Association came only from a search-engine summary (paired with an alternate 647-238-2690); every direct page fetch was blocked (403) or em,,,,"Ray Chateau (Pres, dated)","census-2026-07,community-sweep,contact-enrichment,oba-kml,obl-teams,ontario-circuit-list,ontario-csv,tier3-search",8,10,yes,yes,Etobicoke | Etobicoke Basketball Association | Etobicoke Basketball Association (EBA) | Etobicoke Thunder | Etobicoke Thunder (EBA) | Etobicoke Thunder 1 | Etobicoke Thunder 2,https://www.google.com/maps/d/kml?mid=1jf36n-Sx3O1KSIlSjRcGu-JABLNcyUgo&forcekml=1,yes,yes,website-from-governing-body,2026-07,,youth,
Eurostep Basketball,Ontario,Etobicoke,source,Toronto Region,eurostepbasketball.com,,(647) 879-8344,NPH Showcase; NPH-SL; OBL; OBL/OBA (affiliated),,43.6146316,-79.5166072,,,,,,,,,,,"census-2026-07,oba-kml,obl-teams,ontario-circuit-list,ontario-csv",5,5,yes,yes,Eurostep | Eurostep Basketball,https://www.google.com/maps/d/kml?mid=1jf36n-Sx3O1KSIlSjRcGu-JABLNcyUgo&forcekml=1,yes,yes,website-corroborated,2026-07,,youth,
Excel Hoops Rep,Ontario,,,GTA,https://www.excelhoops.com/,info@excelhoops.com,,NPH Showcase,,,,,,,,,,,,,,"census-2026-07,ontario-csv",2,2,,,Excel Hoops Rep,ontario census + enrichment 2026-07-18,yes,yes,website-corroborated,2026-07,,youth,
F.O.R.M. Basketball Academy,Ontario,Scarborough,source,Toronto/Scarborough,https://formbasketball.com/,coaches@formbasketball.com,,AAU; NSC,,49.2827291,-123.1207375,,ChIJs0-pQ_FzhlQRi_OBm-qWkbs,APPROXIMATE,IG f.o.r.m._basketball; X @FORMBasketball; FB facebook.com/formbasketball,,"Organization is HQ'd in Vancouver, BC ('F.O.R.M. West') but explicitly operates 'F.O.R.M. East (TO & KW)' serving Toronto and Kitchener-Waterloo with active rosters -- confirms a real Ontario connecti",,,"Vancouver, BC, Canada",,"census-2026-07,geocode,ontario-csv,tier3-search,website-scrape",5,6,,,F.O.R.M. Basketball Academy,https://maps.googleapis.com/maps/api/geocode/json,yes,yes,website-corroborated,2026-07,,youth,
F.O.R.M. Basketball Academy,Ontario,Vancouver,source,,,coaches@formbasketball.com,,NSC,,,,,,,,,,,,,,ontario-circuit-list,1,1,,,F.O.R.M. Basketball Academy,,yes,,no-website,2026-07,,youth,
F.O.R.M. Basketball Academy,Ontario,"British Columbia (Windsor, ON connection via founder's coaching role)",source,,,,,Canada Hoops Circuit,,,,,,,,,,,,,,browser-sweep,1,1,,,F.O.R.M. Basketball Academy,https://canadahoopscircuit.ca/nationals,,,no-website,2025-26,,youth,
Factory Basketball Academy,Ontario,,,Kitchener-Waterloo,https://factorybasketballacademy.com/,info@factorybasketballacademy.com,,OBL/OBA (affiliated),,43.1953002,-80.3858719,,,,FB @BasketballFactoryParis; IG @bballfactoryinc,,,,,,,"oba-kml,website-scrape",2,2,yes,,Factory Basketball Academy,https://www.google.com/maps/d/kml?mid=1jf36n-Sx3O1KSIlSjRcGu-JABLNcyUgo&forcekml=1,yes,yes,website-from-governing-body,2026-07,,youth,
Father John Redmond,Ontario,Etobicoke,source,Toronto,https://www.tcdsb.org/schools/fatherjohnredmond/,,416-393-5540,OSBA,,,,,,,,,,,,,,"census-2026-07,ontario-csv",2,2,,,Father John Redmond,ontario census + enrichment 2026-07-18,yes,yes,website-corroborated,2026-07,,youth,
FCNS,Ontario,,,,,,,Toronto Big League (JR Rep),,,,,,,,,,,,,,browser-sweep,1,1,,,FCNS,https://torontobigleague.ca/standings,,,no-website,2025-26,,youth,looks-like-abbreviation
Filipino Basketball Association of Durham (FBAD),Ontario,,,Durham-York,https://www.fbadurham.org/,chan7930@rogers.com,,,community,,,,,,IG @fbadurham,,,,,,,"community-sweep,website-scrape",2,2,,,Filipino Basketball Association of Durham (FBAD),https://www.fbadurham.org,yes,yes,website-corroborated,2026-07,,youth,
First Step Basketball,Ontario,,,GTA,,,,NPH Showcase,,,,,,,,,,,,,,"census-2026-07,ontario-csv",2,2,,,First Step Basketball,ontario census + enrichment 2026-07-18,,,no-website,2026-07,,youth,
First Step Elite (FSE),Ontario,K-W/519,source,GTA,,,,NPH Showcase; NPH-SL,,43.4819752,-80.5261203,,ChIJK2f-X1bxK4gRkB0jxyh7AwU,APPROXIMATE,,,,,,"Waterloo, ON, Canada",,"census-2026-07,geocode,ontario-circuit-list,ontario-csv",4,4,,,First Step Elite | First Step Elite (FSE),https://maps.googleapis.com/maps/api/geocode/json,,,no-website,2026-07,,youth,
First Step Elite (FSE),Ontario,Kitchener-Waterloo ON,source,,,,,,,,,,,,IG @firstepbball,,,,,,Jermaine Lyle (Founder),contact-enrichment,1,1,,,First Step Elite (FSE),,,,no-website,2026-07,,youth,
Fitz Youth,Ontario,,,,,,,CYBL (Canadian Youth Basketball League); NPH-D1,,,,,,,,,,,,,,"contact-enrichment,league-harvest,ontario-circuit-list",3,3,,,Fitz Youth,https://www.cybl.ca/ (High School division),,,no-website,2026-07,,youth,
Flamborough Fire,Ontario,,,Hamilton-Niagara,http://www.flamboroughfirebasketball.com/,,,OBL; OBL/OBA (affiliated),,43.3449404,-79.8910346,,,,,,,,,,,"oba-kml,obl-teams",2,2,yes,yes,Flamborough Fire,https://www.google.com/maps/d/kml?mid=1jf36n-Sx3O1KSIlSjRcGu-JABLNcyUgo&forcekml=1,,yes,website-from-governing-body,2026-07,,youth,
Flower City Falcons,Ontario,,,,,flowercityfalcons@gmail.com,6478022577,Phoenix League,,,,,,,IG @flowercityfalcons,,Brampton-based (tryouts held at Brampton Soccer Centre). Matches Phoenix League listing region.,,,,,"league-harvest,tier3-search",2,2,,,Flower City Falcons,https://www.instagram.com/flowercityfalcons/,yes,,no-website,2026-07,,youth,
FO3,Ontario,,,,https://www.fo3academy.ca/,info@fo3academy.ca,6132761828,EOBA Competitive Season 2025-26,,,,,,,,,'Family on Three (FO3) Academy' — youth basketball programs across Ottawa; aligned with Canada Basketball/OBA Safe Sport standards. Ottawa location matches EOBA (Eastern Ontario Basketball Association,,,,,"browser-sweep,tier3-search",2,2,,,FO3,https://www.fo3academy.ca/policies,yes,yes,canadian-tld,2026-07,,youth,looks-like-abbreviation
Fort Erie International Academy (FEIA),Ontario,Fort Erie,source,Niagara,https://www.feia.ca/,info@feia.ca,647-728-7840,NPA; NPH-D1; NPH-SL; OSBA,,,,,,,X @forteriembb,,,,,,William Cockburn (Principal); Paul Liu (Dir),"census-2026-07,contact-enrichment,ontario-circuit-list,ontario-csv",4,4,,,FEIA | Fort Erie International Academy (FEIA),ontario census + enrichment 2026-07-18,yes,yes,canadian-tld,2026-07,,youth,
Full Circle Academy,Ontario,,,,,,,CYBL (Canadian Youth Basketball League),,,,,,,,,,,,,,league-harvest,1,1,,,Full Circle Academy,https://www.cybl.ca/ (High School division),,,no-website,2025-26,,youth,no-contact-unverified
Full Circle Basketball Academy,Ontario,Courtice (Durham) ON,source,,fullcirclebasketballacademy.com,,,NJC; NSC; OSBA,,43.9109352,-78.7884468,,ChIJQaQxP2IB1YkRr0IBc4DuzT4,APPROXIMATE,IG @fcbasketballacademy,,"Website domain does not resolve at all. Instagram account is real/active but its bio has no email, phone, or link. Address on record (Dun & Bradstreet / OpenGov corporate registry): 56 Bathgate Cresce",dead-or-expired,,"Courtice, Clarington, ON, Canada",Dwayne Sybbliss (Founder/HC),"contact-enrichment,geocode,ontario-circuit-list,tier3-search",4,4,,,Full Circle Basketball Academy,https://maps.googleapis.com/maps/api/geocode/json,,,website-flagged-dead-or-expired,2026-07,,youth,
Fundamentals First BA,Ontario,Burlington/Halton ON,source,GTA,https://fundamentalsfirstba.com/,,,NPH Showcase; NPH-SL,,,,,,,IG @da_flu_,,,,,,"Wesley Fluellen ""Coach Wes"" (Founder)","census-2026-07,contact-enrichment,ontario-circuit-list,ontario-csv,website-scrape",5,5,,,Fundamentals First | Fundamentals First BA,ontario census + enrichment 2026-07-18,,yes,website-corroborated,2026-07,,youth,
Future Hope Academy,Ontario,Scarborough,source,,,info@futurehopeacademy.com,416-900-0102,NJC; NPH-D1; OSBA,,,,,,,,,,,,,,ontario-circuit-list,1,1,,,Future Hope Academy,,yes,,no-website,2026-07,,youth,
G2S Game Changers,Ontario,North York/GTA ON,source,GTA,https://www.instagram.com/g2s_gamechangers/,,,CYBL (Canadian Youth Basketball League); NJC; NPH Showcase; NPH-SL,,,,,,,IG @g2s_gamechangers,,"NOTE: this club appears TWICE in the input batch (once sourced via census/league-harvest/circuit-list, once via contact-enrichment with the same IG handle) -- both are the same real-world club; this s",,,,,"census-2026-07,contact-enrichment,league-harvest,ontario-circuit-list,ontario-csv,tier3-search,website-scrape",7,8,,,G2S Game Changers,ontario census + enrichment 2026-07-18,,yes,website-corroborated,2026-07,,youth,
Game 6 Sports Academy,Ontario,,,Durham-York,http://game6sportsacademy.com/,,,OBL; OBL/OBA (affiliated),,43.85075,-79.6670506,,,,,,,,,,,"oba-kml,obl-teams",2,2,yes,yes,Game 6 Sports | Game 6 Sports Academy,https://www.google.com/maps/d/kml?mid=1jf36n-Sx3O1KSIlSjRcGu-JABLNcyUgo&forcekml=1,,yes,website-from-governing-body,2026-07,,youth,
Gators Basketball Academy (Markham Gators),Ontario,Durham Region ON,source,Durham-York,https://www.gatorsbasketballacademy.com/,contactgatorsacademy@gmail.com,647-283-1873,AAU; CYBL (Canadian Youth Basketball League); Hoop City Basketball League; NPH Showcase; NPH-SL; NSC; OBA; OBL/OBA (affiliated),,43.8720975,-79.2685712,,ChIJqUwyoO_V1IkRYz2yLIFSPfc,APPROXIMATE,FB @gatorsbasketballacademy; FB @gatorsbasketballacademyhttps; IG @gatorsacademy; IG @gatorselitecanada,,MODERATE CONFIDENCE ONLY: the LeagueApps portal itself has no scrapeable contact info. Gators Basketball Academy (Markham/Richmond Hill/Durham) lists a dedicated 'Durham' contact phone (647-336-8449),,,"Markham, ON, Canada",Teran Richards (Pres); Ken Szeto (Dir Markham Rep),"census-2026-07,contact-enrichment,geocode,league-harvest,oba-kml,ontario-circuit-list,ontario-csv,tier3-search,website-scrape",9,19,yes,,Durham Gators | Durham Gators Basketball | Gators | Gators Basketball | Gators Basketball Academy | Gators Basketball Academy (Markham Gators),https://www.google.com/maps/d/kml?mid=1jf36n-Sx3O1KSIlSjRcGu-JABLNcyUgo&forcekml=1,yes,yes,website-from-governing-body,2026-07,,youth,
Gators Elite,Ontario,,,,https://www.gatorsbasketballacademy.com/,contactgatorsacademy@gmail.com,6472831873,Hoop City Basketball Spring/Summer League 2026,,,,,,,IG @gatorselitecanada,,"HIGH CONFIDENCE: Gators Basketball Academy explicitly names 'Gators Elite' as its AAU/competitive stream. Main office: 5 Sherwood Plaza, 4-5694 Hwy #7 East, Suite 122, Markham, ON L3P 1B4. AAU line: 6",,,,,"browser-sweep,tier3-search,website-scrape",3,3,,,Gators Elite,https://www.gatorsbasketballacademy.com/,yes,yes,website-corroborated,2026-07,,youth,
GBU (Gwillimbury United),Ontario,E/W Gwillimbury-Newmarket ON,source,,gbunited.ca,,,NPH-SL; NSC,,,,,,,IG @gbuclub,,"Site has no direct email/phone on homepage; both /about and /contact return 404. Instagram bio only links back to gbunited.ca, no contact details.",,,,"""Coach Mike""","contact-enrichment,ontario-circuit-list,tier3-search,website-scrape",4,7,,,GBU (Gwillimbury Basketball United) | GBU (Gwillimbury United) | Gwillimbury United (GBU),https://www.instagram.com/gbuclub/,,yes,canadian-tld,2026-07,,youth,
Girls Play Too,Ontario,GTA-wide,source,GTA,https://www.girlsplaytoo.ca/aau,,,AAU,,,,,,,,,,,,,,"census-2026-07,ontario-csv",2,2,,,Girls Play Too,ontario census + enrichment 2026-07-18,,yes,canadian-tld,2026-07,,youth,
Gladiators Basketball Club,Ontario,Orono/Whitby/Oshawa/Pickering/Ajax/Brampton,source,Durham-York,http://www.gladiatorsbasketball.ca/,gladiatorsbasketball@gmail.com,(289) 460-5806,OBL; OBL/OBA (affiliated),,43.920959,-78.9388849,L0B 1M0,ChIJI7rRMH6o1YkR8YJdkBZF_Uo,APPROXIMATE,Facebook @gladiatorsbball; Facebook @wearegsquad; Instagram @gladiatorsbasketballclub (all already known from input),,"Two of the three obfuscated emails decode to the same club address (gladiatorsbasketball@gmail.com, used twice); the third, gcuptournament@gmail.com, is for a specific tournament they run, not the clu",,,"Orono, Clarington, ON L0B 1M0, Canada",,"census-2026-07,geocode,oba-kml,obl-teams,ontario-csv,tier3-search",6,6,yes,yes,GLADIATORS - DAVE | Gladiators Basketball (G-Squad) | Gladiators Basketball Club,https://www.google.com/maps/d/kml?mid=1jf36n-Sx3O1KSIlSjRcGu-JABLNcyUgo&forcekml=1,yes,yes,website-from-governing-body,2026-07,,youth,
Glory Basketball,Ontario,,,GTA,glorycanball.com,glorycanball@gmail.com,,NPH Showcase,,,,,,,,,,,,,,"census-2026-07,ontario-csv,website-scrape",3,3,,,Glory Basketball,ontario census + enrichment 2026-07-18,yes,yes,website-corroborated,2026-07,,youth,
Gloucester Cumberland Basketball Association (Wolverines),Ontario,Ottawa (Gloucester/Cumberland/Orleans),source,Capital-Kingston,https://gcba.ca/,,,EOBA (Eastern Ontario Basketball Association); EOBA Competitive Season 2025-26; OBL; OBL/OBA (affiliated),community,45.4581211,-75.4933715,,,,,,,,,,,"browser-sweep,community-sweep,league-harvest,oba-kml,obl-teams",5,5,yes,yes,GCBA - Rob Lavoie | Gloucester Cumberland Basketball Association | Gloucester Cumberland Basketball Association (GCBA / GCBA Wolverines) | Gloucester Cumberland Basketball Association (GCBA) | Gloucester Cumberland Basketball Association (Wolverines),https://www.google.com/maps/d/kml?mid=1jf36n-Sx3O1KSIlSjRcGu-JABLNcyUgo&forcekml=1,,yes,website-from-governing-body,2026-07,,youth,
Gold Medal Basketball Club,Ontario,,,West Region,http://www.goldmedal.on.ca/|,,,OBL; OBL/OBA (affiliated),,42.9498623,-81.3014069,,,,,,,,,,,"oba-kml,obl-teams",2,2,yes,yes,Gold Medal | Gold Medal Basketball Club,https://www.google.com/maps/d/kml?mid=1jf36n-Sx3O1KSIlSjRcGu-JABLNcyUgo&forcekml=1,,yes,website-from-governing-body,2026-07,,youth,
Golden Horseshoe Disabled Sports Association (Vipers Wheelchair Basketball),Ontario,Burlington,source,,http://vipersbasketball.ca/,info@vipersbasketball.ca,,,,,,,,,FB @1530786967172215; FB @viperswbball; IG @viperswheelchairbball,,,,"Alton Recreation Centre (program location), 3040 Tim Dobbie Dr, Burlington, ON, L7M 0M4",,,"211-cioc,municipal-directory,website-scrape",3,3,,,Golden Horseshoe Disabled Sports Association (Vipers Wheelchair Basketball) | Golden Horseshoe Disabled Sports Association — Vipers Wheelchair Basketball,https://211ontario.ca/service/97587228/golden-horseshoe-disabled-sports-association-vipers-wheelchair-basketball/,yes,yes,website-from-governing-body,2026-07,,youth,
Golden Ticket Basketball Club,Ontario,"Saskatchewan (Regina, per 2025 Midwest Summit location)",source,,,,,Canada Hoops Circuit,,,,,,,,,,,,,,browser-sweep,1,1,,,Golden Ticket Basketball Club,https://canadahoopscircuit.ca/central-mdwt-hoops-summit,,,no-website,2025-26,,youth,
Grassroots Canada,Ontario,Toronto,source,Toronto,https://www.grassrootscanada.org/,,(416) 272-0376,,,,,,,,,,,,,,,"census-2026-07,ontario-csv",2,2,,,Grassroots Canada,ontario census + enrichment 2026-07-18,yes,yes,website-corroborated,2026-07,,youth,
Grassroots Elite,Ontario,,,Toronto Region,https://www.grassrootscanada.org/home,ro@grassrootscanada.org,,CYBL (Canadian Youth Basketball League); OBL/OBA (affiliated),,43.7596586,-79.5105305,,,,,,,,,,,"league-harvest,oba-kml",2,2,yes,,Grassroots Elite,https://www.google.com/maps/d/kml?mid=1jf36n-Sx3O1KSIlSjRcGu-JABLNcyUgo&forcekml=1,yes,yes,website-from-governing-body,2026-07,,youth,
Grassroots Elite Canada,Ontario,Ontario-wide,source,Ontario,grassrootscanada.org,t_jpoyser@outlook.com,647-703-2691,AAU; OBL,,,,,,,,,,,,,,"census-2026-07,obl-teams,ontario-csv",3,3,,yes,Grassroots Elite Canada,ontario census + enrichment 2026-07-18,yes,yes,website-corroborated,2026-07,,youth,
Grassroots Niagara,Ontario,Niagara,source,Niagara,https://blueprintbasketball.ca/,blueprint_training@hotmail.com,(905) 714-5520,NPH Showcase; NPH-SL; Phoenix League,,,,,,,,,,,,,,"census-2026-07,league-harvest,ontario-circuit-list,ontario-csv",4,4,,,Grassroots Niagara | Grassroots Niagara (Blueprint),ontario census + enrichment 2026-07-18,yes,yes,canadian-tld,2026-07,,youth,
Greater Sudbury Basketball Association,Ontario,Greater Sudbury,source,North Region,https://greatersudburybasketball.com/,info@greatersudburybasketball.com,,OBL/OBA (affiliated),house-league,46.518098,-80.9558794,,ChIJ7TLxxjb_Lk0R-Iych7jVjWY,APPROXIMATE,FB @61564858859184; IG @greatersudburybasketball,,,,,"Greater Sudbury, ON, Canada",,"community-sweep,geocode,municipal-directory,oba-kml,website-scrape",5,5,yes,,Greater Sudbury Basketball Association | Greater Sudbury Basketball Association (GSBA) / Sudbury Storm,https://www.google.com/maps/d/kml?mid=1jf36n-Sx3O1KSIlSjRcGu-JABLNcyUgo&forcekml=1,yes,yes,website-from-governing-body,2026-07,,youth,
Greenbank Basketball,Ontario,Scugog (Greenbank),source,,,reneeadamkowski@gmail.com,,,,44.097736,-78.955784,,ChIJO24texET1YkRXTrJTpAjAnk,APPROXIMATE,,Renee Adamkowski,,,,"Scugog, ON, Canada",,"geocode,municipal-directory",2,2,,,Greenbank Basketball,https://maps.googleapis.com/maps/api/geocode/json,yes,,no-website,2026-07,,youth,
Grimsby Basketball Association,Ontario,Grimsby,source,Hamilton-Niagara,http://www.grimsbybasketball.ca/,grizzliebasketball@gmail.com,2898085571,Hoop City Basketball Spring/Summer League 2026; OBL; OBL/OBA (affiliated),house-league,43.188086,-79.5448014,,ChIJ3aP-zHmvLIgRVkYqup4QZpU,APPROXIMATE,IG @grimsby_basketball_association,Natalie Walker (President),MODERATE-HIGH CONFIDENCE: Grimsby Basketball Association publicly brands itself 'GBA' (Instagram bio literally reads 'GBA offers a fun and safe environment...'; Facebook page titled 'Grimsby Basketbal,,,"Grimsby, ON, Canada",,"211-cioc,browser-sweep,community-sweep,geocode,oba-kml,obl-teams,tier3-search",7,14,yes,yes,GBA | GBA - Blackburn | GBA - Chad | GBA - Chris | GBA - Collington | GBA - Henry | GBA - Justin | GBA - Kevin | Grimsby | Grimsby Basketball Association,https://www.google.com/maps/d/kml?mid=1jf36n-Sx3O1KSIlSjRcGu-JABLNcyUgo&forcekml=1,yes,yes,website-from-governing-body,2026-07,,youth,
GT Elite BC,Ontario,GTA/Toronto ON,source,GTA,https://www.instagram.com/gtelite_basketball/,,,NPH-SL,,,,,,,IG @gtelite_basketball,,"No email or phone found; could not even confirm bio text. Social handle matches what was already known from input, no new info gained.",,,,,"contact-enrichment,ontario-circuit-list,tier3-search",3,3,,,GT Elite | GT Elite BC,,,,unverified-single-source-non-ca,2026-07,,youth,
GTA Mavericks,Ontario,Vaughan,source,Durham-York,https://gtamavericks.ca/,,(647) 923-9054,OBA; OBL/OBA (affiliated),community,43.8493915,-79.494643,,,,,,,,,,,"census-2026-07,community-sweep,oba-kml,ontario-csv",4,4,yes,,GTA Mavericks | GTA Mavericks Basketball Association,https://www.google.com/maps/d/kml?mid=1jf36n-Sx3O1KSIlSjRcGu-JABLNcyUgo&forcekml=1,yes,yes,website-from-governing-body,2026-07,,youth,
Guardians Basketball,Ontario,,,GTA,https://lasalleguardiansbasketball.com/,info@lasalleguardiansbasketball.com,,NPH Showcase,,,,,,,,,,,,,,"census-2026-07,ontario-csv",2,2,,,Guardians Basketball,ontario census + enrichment 2026-07-18,yes,yes,website-corroborated,2026-07,,youth,
Guelph Knights,Ontario,Guelph,source,Kitchener-Waterloo,https://www.guelphknights.ca/,info@guelphknights.ca,,OBL; OBL/OBA (affiliated),,43.5596243,-80.2339612,,,,FB @GuelphCYObasketball; FB @guelphknights1; IG @guelphknightsbasketball,,,,,,,"oba-kml,obl-teams,website-scrape",3,3,yes,yes,Guelph Knights,https://www.google.com/maps/d/kml?mid=1jf36n-Sx3O1KSIlSjRcGu-JABLNcyUgo&forcekml=1,yes,yes,website-from-governing-body,2026-07,,youth,
Guelph Youth Basketball Association,Ontario,Guelph,source,Kitchener-Waterloo,https://www.guelphbasketball.com/,administration@guelphbasketball.com,(519) 820-1783,NPH Showcase; NPH-SL; OBL; OBL/OBA (affiliated),community,43.5185111,-80.2345711,N1G 3C4,Ei8zMDQgU3RvbmUgUmQgVyAjNTM5LCBHdWVscGgsIE9OIE4xRyAzQzQsIENhbmFkYSIfGh0KFgoUChIJaft_qSmFK4gROuFe_ZCD2IASAzUzOQ,ROOFTOP,FB @guelphbasketball,,,,"304 Stone Road West, Suite 539, Guelph, ON N1G 4W4","304 Stone Rd W #539, Guelph, ON N1G 3C4, Canada",,"census-2026-07,community-sweep,geocode,municipal-directory,oba-kml,obl-teams,ontario-circuit-list,ontario-csv,website-scrape",9,10,yes,yes,GYBA | GYBA Gryphons (Guelph Youth Basketball) | Guelph Gryphons | Guelph Gryphons Basketball | Guelph Youth Basketball Association | Guelph Youth Basketball Association (GYBA),https://www.google.com/maps/d/kml?mid=1jf36n-Sx3O1KSIlSjRcGu-JABLNcyUgo&forcekml=1,yes,yes,website-from-governing-body,2026-07,,youth,
Gwillimbury Basketball United,Ontario,East Gwillimbury,source,York,gbunited.ca,,,NPH Showcase,,,,,,,IG @gbuclub,,"Same organization/site as ""GBU (Gwillimbury United)""; no additional contact info found.",,,,,"census-2026-07,ontario-csv,tier3-search,website-scrape",4,4,,,Gwillimbury Basketball United,ontario census + enrichment 2026-07-18,,yes,canadian-tld,2026-07,,youth,
H5 Academy,Ontario,Toronto (725 Bathurst),source,GTA,academy.h5f.ca,h5academy@h5f.ca,,NPH Showcase; OSBA,,,,,,,IG @high5academy,,,,,,,"census-2026-07,ontario-circuit-list,ontario-csv,website-scrape",4,4,,,H5 Academy | H5 Academy (High Five Foundation),ontario census + enrichment 2026-07-18,yes,yes,canadian-tld,2026-07,,youth,
Haldimand Huskies,Ontario,Caledonia,source,Hamilton-Niagara,http://www.haldimandhuskies.ca/,info@haldimandhuskies.ca,,OBL/OBA (affiliated),"PUPS (ages 6-7), house league (grades 3-8), OBA rep/travel, ages 7-18",43.0632605,-79.9528799,,ChIJhQkwHhGNLIgRDC3LBQSg3FY,APPROXIMATE,https://www.facebook.com/haldimandhuskiesbasketball/ ; IG @HaldimandHuskies,,Input's website (teamsnapsites.com) has only a contact form; found the club's actual full site at haldimandhuskies.ca with confirmed email. A phone (905-765-3432) appeared in one search snippet but co,,,"Caledonia, Haldimand, ON, Canada",,"gap-fill,geocode,oba-kml,tier3-search,website-scrape",5,5,yes,,Haldimand Huskies | Haldimand Huskies Basketball Club,https://www.google.com/maps/d/kml?mid=1jf36n-Sx3O1KSIlSjRcGu-JABLNcyUgo&forcekml=1,yes,yes,website-from-governing-body,2026-07,,youth,
Hall of Fame Basketball Academy,Ontario,,,North Region,https://hofba.teamsnapsites.com/,slydta@msn.com,,OBL/OBA (affiliated),,44.116188,-79.560215,,,,,,,,,,,oba-kml,1,1,yes,,Hall of Fame Basketball Academy,https://www.google.com/maps/d/kml?mid=1jf36n-Sx3O1KSIlSjRcGu-JABLNcyUgo&forcekml=1,yes,yes,website-from-governing-body,2026-07,,youth,
Halton Basketball Club,Ontario,Halton Hills (Georgetown) — exact municipal boundary not confirmed on page,source,Peel-Halton,http://www.haltonbasketball.com/,info@haltonbasketball.com,,OBL/OBA (affiliated),community,43.5261051,-79.8391281,,ChIJVYUNSWBtK4gRXZHpK9UALvE,APPROXIMATE,IG @underdogathletics30,,,,,"Halton Hills, ON, Canada",,"community-sweep,gap-fill,geocode,oba-kml,website-scrape",5,5,yes,,Halton Basketball Club | Halton Basketball Club (Halton Youth Basketball Club),https://www.google.com/maps/d/kml?mid=1jf36n-Sx3O1KSIlSjRcGu-JABLNcyUgo&forcekml=1,yes,yes,website-from-governing-body,2026-07,,youth,
Halton Basketball League,Ontario,Oakville,source,Peel-Halton,https://haltonbasketballleague.net/,info@haltonbasketballleague.net,289-971-6393,,house-league,,,,,,,,"Direct WebFetch of the site returned blank content every time (site appears to be JS-rendered). Email/phone confirmed via the search engine's index of the site's own text, not by a direct readable pag",,,,,"community-sweep,tier3-search",2,2,,,Halton Basketball League,https://haltonbasketballleague.net/,yes,yes,website-corroborated,2026-07,,youth,
Halton Hills Girls' Basketball Club,Ontario,Georgetown,source,,,,,,"weekly girls skills sessions, ages 6-12, at Centennial Public School",,,,,,,,,,,,,gap-fill,1,1,,,Halton Hills Girls' Basketball Club,https://www.haltonhillstoday.ca/local-sports/new-halton-hills-girls-basketball-club-getting-started-with-weekly-skills-sessions-12188595,,,no-website,2026-07,,youth,
Halton Hills Guardian Coed Basketball Club (Special Olympics Ontario),Ontario,Georgetown,source,,https://haltonhills.specialolympicsontario.ca/,haltonhills.cc@specialolympicsontario.ca,,,adaptive/Special Olympics coed basketball,,,,,,,"Sue Padt, Community Coordinator","High confidence: the Halton Hills Special Olympics Ontario community site itself links to a 'Guardian Basketball Team' page, directly matching this club's name, and the Community Coordinator (Sue Padt",,,,,"gap-fill,tier3-search,website-scrape",3,3,,,Halton Hills Guardian Coed Basketball Club (Special Olympics Ontario),https://www1.specialolympicsontario.com/south-central-ontario,yes,yes,canadian-tld,2026-07,,youth,
Hamilton Basketball Association (HBA),Ontario,Hamilton,source,Hamilton-Niagara Region,https://www.hbabasketball.ca/,info@hbabasketball.ca,,,house-league,,,,,,IG @hba_hamilton.basketball.assoc,,,,"2-558 Upper Gage Avenue, Suite 271, Hamilton, ON L8V 4J6",,,"community-sweep,municipal-directory,website-scrape",3,3,,,Hamilton Basketball Association (HBA),https://www.sporthamilton.com/sport-clubs-basketball,yes,yes,website-from-governing-body,2026-07,,youth,
Hamilton Celtics,Ontario,Hamilton,source,Hamilton-Niagara,https://hamiltonceltics.ca/,hamiltonceltics@gmail.com,,OBL; OBL/OBA (affiliated),community,43.1978186,-79.7958772,,,,https://www.instagram.com/hamiltonceltics/ ; https://www.facebook.com/hamiltonceltics/,,"Club's own site is unreadable via fetch (JS-rendered, repeatedly blank). Confirmed directly from the Instagram bio, which lists TWO emails: hamiltonceltics@gmail.com and hamiltonceltics@bell.net. Addr",,,,,"community-sweep,municipal-directory,oba-kml,obl-teams,tier3-search",5,5,yes,yes,Hamilton Celtics | Hamilton Celtics Basketball,https://www.google.com/maps/d/kml?mid=1jf36n-Sx3O1KSIlSjRcGu-JABLNcyUgo&forcekml=1,yes,yes,website-from-governing-body,2026-07,,youth,
Hamilton Elite Prep,Ontario,Hamilton,source,Hamilton,https://stachamilton.ca/programs/stac-basketball/,hello@stachamilton.ca,,NPH Showcase; NPH-SL; Phoenix League,,,,,,,https://www.instagram.com/hamiltoneliteteam/,,LOWER CONFIDENCE than the plain 'Hamilton Elite' row: no source names a distinct 'Hamilton Elite Prep' entity separately from STAC Basketball's NPH Showcase program (grades 9-12 team pages all branded,,,,,"census-2026-07,contact-enrichment,league-harvest,ontario-circuit-list,ontario-csv,tier3-search",6,8,,,Hamilton Elite | Hamilton Elite Prep | Hamilton Elite Team,ontario census + enrichment 2026-07-18,yes,yes,canadian-tld,2026-07,,youth,
Hamilton Transformation Academy,Ontario,Hamilton ON,source,,,,,NPH-SL,,,,,,,IG @htabasketball,"Coach Emma (@_coach.em), Coach Josh (@coachjosh905)","No email, phone, or Facebook page found despite multiple searches. Only public contact channel is Instagram DM via @htabasketball (already known from input). Coaches named in bio have personal IG hand",,,,,"contact-enrichment,ontario-circuit-list,tier3-search",3,3,,,Hamilton Transformation Academy,https://www.instagram.com/htabasketball/,,,no-website,2026-07,,youth,
Hamilton Transway Basketball,Ontario,Hamilton,source,Hamilton-Niagara,https://www.transwaybasketball.com/,info@transwaybasketball.com,,JUEL / JUEL Prep; OBL; OBL/OBA (affiliated),,43.2507229,-79.8726462,,,,FB @2008; IG @transway.basketball,,"JUEL teams under this name (Hamilton Yellow Jackets JUEL, Hamilton Transway JUEL Prep/Academy) are run by Transway Basketball Club, Hamilton's all-girls basketball org founded 1979. Contact-us page re",,,,,"league-harvest,municipal-directory,oba-kml,obl-teams,tier3-search,website-scrape",6,8,yes,yes,Hamilton JUEL | Hamilton Transway | Hamilton Transway Basketball | Transway Basketball Club,https://www.google.com/maps/d/kml?mid=1jf36n-Sx3O1KSIlSjRcGu-JABLNcyUgo&forcekml=1,yes,yes,website-from-governing-body,2026-07,,youth,
HG Elite,Ontario,,,,,,,Hoop City Basketball Spring/Summer League 2026; Phoenix League,,,,,,,,,,,,,,"browser-sweep,league-harvest",2,2,,,HG Elite,https://www.tourneymachine.com/Public/Results/Division.aspx?IDTournament=h2026050420140144611ffbead9d704f&IDDivision=h202605042014014475d82cfbbd1f848,,,no-website,2026,,youth,
Hodan Prep (final season 2025-26),Ontario,Vaughan/Thornhill ON,source,,,cgymno@hotmail.com,,NPH-D1; OSBA,,,,,,,IG @hodanprep,,,,,,Gus Gymnopoulos (HC),"contact-enrichment,ontario-circuit-list",2,2,,,Hodan Prep | Hodan Prep (final season 2025-26),,yes,,no-website,2026-07,,youth,
Hometown Hoops,Ontario,Leamington,source,,https://hometownhoops.ca/,hometownhoopsmail@gmail.com,2267570611,,"rec league, ""all ages and skill levels"" — youth-specific status not confirmed",,,,,,https://www.facebook.com/HometownHoopsBasketball/,,"Email/phone consistently returned across multiple independent searches tied to the Facebook business listing; direct WebFetch of the FB page and hometownhoops.ca could not render text (JS-heavy), so e",,,,,"gap-fill,tier3-search",2,2,,,Hometown Hoops,https://www.facebook.com/HometownHoopsBasketball/,yes,yes,canadian-tld,2026-07,,youth,
HoopHer Elite,Ontario,Vaughan/GTA ON,source,,https://hoopherelite.com/,,,NPH-SL,,,,,,,LinkedIn /jeyedwards,Jey-son (Jey) Edwards - founder/coach,"Matched to HoopHer Elite Basketball, a Vaughan, ON girls travel program (practice at Shooters Paradise, 31 Jevlan Dr Unit 1B Rear, Vaughan; and École secondaire catholique de l'Ascension, 200 Aberdeen",,,,Jey-son Edwards (Founder/HC),"contact-enrichment,ontario-circuit-list,tier3-search",3,4,,,HoopHer | HoopHer Elite,https://hoopherelite.com/,,,unverified-single-source-non-ca,2026-07,,youth,
HOOPS All-Star Basketball Inc.,Ontario,Sarnia,source,,https://hoopsallstar.ca/,hoops.office@hoopsallstar.ca,,,,,,,,,,,,,,,,"municipal-directory,website-scrape",2,2,,,HOOPS All-Star Basketball Inc.,https://hoopsallstar.ca/home/,yes,yes,website-from-governing-body,2026-07,,youth,
Hoops For Her,Ontario,,,Peel-Halton,https://hoopsforher.ca/,contact@sansoxygen.com,,OBL/OBA (affiliated),,43.6037702,-79.7603151,,,,IG @hoopsforher,,,,,,,"oba-kml,website-scrape",2,2,yes,,Hoops For Her,https://www.google.com/maps/d/kml?mid=1jf36n-Sx3O1KSIlSjRcGu-JABLNcyUgo&forcekml=1,yes,yes,website-from-governing-body,2026-07,,youth,
Hooptrotters (OGs/5Gs),Ontario,GTA (North York) ON,source,,,,,,,44.0383744,-79.1999949,,ChIJbRVxdB0qK4gRosLkcuLYyk4,APPROXIMATE,(YouTube),,,,,"Greater Toronto Area, ON, Canada",,"contact-enrichment,geocode",2,2,,,Hooptrotters (OGs/5Gs),https://maps.googleapis.com/maps/api/geocode/json,,,no-website,2026-07,,youth,
Hooptrotters OGs,Ontario,,,GTA,,,,NPH-SL,,,,,,,,,,,,,,ontario-circuit-list,1,1,,,Hooptrotters OGs,,,,no-website,2026-07,,youth,
Hoopzone Knights,Ontario,North York ON,source,Toronto Region,https://www.instagram.com/hoopzonebasketball,,,OBL; OBL/OBA (affiliated),,43.7931602,-79.4192221,,,,IG @hoopzonebasketball,,"Input only listed an Instagram URL as ""website""; found the club's actual site, hoopzone.ca (North York, Toronto). No email/phone on the homepage; Instagram bio says to DM for tryout registration.",,,,Nima Sanjari (Founder),"contact-enrichment,oba-kml,obl-teams,tier3-search,website-scrape",5,6,yes,yes,Hoopzone Knights | Hoopzone Knights 's,https://www.google.com/maps/d/kml?mid=1jf36n-Sx3O1KSIlSjRcGu-JABLNcyUgo&forcekml=1,,yes,website-from-governing-body,2026-07,,youth,
Hounds Elite,Ontario,,,,,,,Hoop City Basketball Spring/Summer League 2026,,,,,,,IG @hounds_elite_basketball / FB Hounds Elite Basketball / YouTube HoundsEliteBasketball,,"Based at La Liga Sports Complex, 1107 Finch Ave W, North York, ON M3J 3H4. No email or phone was listed in the Instagram bio; club appears to rely on DMs via social media.",,,,,"browser-sweep,tier3-search",2,2,,,Hounds Elite,https://www.instagram.com/hounds_elite_basketball/,,,no-website,2026-07,,youth,
House of Legends,Ontario,,,GTA,houseoflegends.ca,contact@houseoflegends.ca,647-718-4095,NPH Showcase,,,,,,,,,,,,,,"census-2026-07,ontario-csv",2,2,,,House of Legends,ontario census + enrichment 2026-07-18,yes,yes,canadian-tld,2026-07,,youth,
HQ Elite,Ontario,,,GTA,hqcanada.net,hqelitecanada1@gmail.com,,NPH Showcase,,,,,,,,,,,,,,"census-2026-07,ontario-csv",2,2,,,HQ Elite,ontario census + enrichment 2026-07-18,yes,yes,website-corroborated,2026-07,,youth,
HQ Prep,Ontario,,,,,,,Toronto Big League (JR Prep),,,,,,,,,,,,,,browser-sweep,1,1,,,HQ Prep,https://torontobigleague.ca/standings,,,no-website,2025-26,,youth,
HQ Prep / HQ Elite (HQ Canada),Ontario,Hamilton ON,source,,hqcanada.net,hqelitecanada1@gmail.com,,NJC; NPH-SL,,,,,,,IG @hqelitecanada,,,,,,Marquell Fraser (Founder/Dir),"contact-enrichment,ontario-circuit-list",2,2,,,HQ Prep / HQ Elite (HQ Canada) | HQ Prep / HQ Elite Canada,,yes,,unverified-single-source-non-ca,2026-07,,youth,
Huntsville Hurricanes,Ontario,Huntsville,source,North Region,https://www.huntsvillehurricanes.ca/,huntsvillehurricanesbasketball@gmail.com,,OBL; OBL/OBA (affiliated),,45.3269323,-79.2167539,,ChIJ6bc6oS1yKk0RebaT3-Ks9os,APPROXIMATE,FB @HuntsvilleHurricanesBall,,,,,"Huntsville, ON, Canada",,"geocode,oba-kml,obl-teams,website-scrape",4,4,yes,yes,Huntsville Hurricanes,https://www.google.com/maps/d/kml?mid=1jf36n-Sx3O1KSIlSjRcGu-JABLNcyUgo&forcekml=1,yes,yes,website-from-governing-body,2026-07,,youth,
Huron Lakers,Ontario,,,West Region,http://huronlakers.on.ca/,,,OBL; OBL/OBA (affiliated),,42.9705644,-82.4077643,,,,,,,,,,,"oba-kml,obl-teams",2,2,yes,yes,Huron Lakers,https://www.google.com/maps/d/kml?mid=1jf36n-Sx3O1KSIlSjRcGu-JABLNcyUgo&forcekml=1,,yes,website-from-governing-body,2026-07,,youth,
Hustle Elite Basketball,Ontario,,,GTA,,,,NJC,,,,,,,,,,,,,,"census-2026-07,ontario-csv",2,2,,,Hustle Elite Basketball,ontario census + enrichment 2026-07-18,,,no-website,2026-07,,youth,
IBSA Basketball,Ontario,Hamilton,source,,https://www.ibsabasketball.com/,info@ibsabasketball.com,877-897-1033,,,,,,,,FB @ibsabasketball; IG @ibsabasketball,,,,"training locations in Hamilton, Ancaster (3-on-3), and Binbrook (3-on-3)",,,"municipal-directory,website-scrape",2,2,,,IBSA Basketball,https://www.sporthamilton.com/sport-clubs-basketball,yes,yes,website-from-governing-body,2026-07,,youth,
Iconic,Ontario,,,,,,,Hoop City Basketball Spring/Summer League 2026,,,,,,,,,,,,,,browser-sweep,1,1,,,Iconic,https://www.tourneymachine.com/Public/Results/Division.aspx?IDTournament=h2026050420140144611ffbead9d704f&IDDivision=h202605042014014475d82cfbbd1f848,,,no-website,2026,,youth,
iDream by Brian Owusu Academy (BOA),Ontario,Toronto ON,source,,brianowusuacademy.com,brianowusuacademy@gmail.com,647-215-9018,,,,,,,,IG @idream_by_boa,,,,,,Brian Owusu (Founder),contact-enrichment,1,1,,,iDream by Brian Owusu Academy (BOA),,yes,,unverified-single-source-non-ca,2026-07,,youth,
IEM Basketball,Ontario,Aurora,source,Durham-York,https://iembasketball.com/,info@iembasketball.com,905-836-6195,CYBL (Canadian Youth Basketball League); OBA; OBL; OBL/OBA (affiliated); ORBL (Ontario Regional Basketball League); Phoenix League,house-league,44.0219043,-79.4172576,L4G 3X8,ChIJU0hCyhTTKogR9m0_E414ocE,ROOFTOP,https://www.instagram.com/iembasketball/,"Ion (tournament/admin contact, no formal title given)","'Alpha Elite' is one of IEM Basketball's REP/All-Star team names (confirmed via IEM Instagram reel captioned 'Our U-15 Boys - Alpha Elite squad'), not a separate club. IEM Basketball is York Region's",,"Alpha High Performance Center, Aurora, ON","455 Addison Hall Cir Unit 11-13, Aurora, ON L4G 3X8, Canada",,"census-2026-07,community-sweep,geocode,league-harvest,municipal-directory,oba-kml,obl-teams,ontario-csv,tier3-search",9,17,yes,yes,IEM Alpha Elite | IEM Aurora | IEM Basketball | IEM Newmarket | IEM Spartans,https://www.google.com/maps/d/kml?mid=1jf36n-Sx3O1KSIlSjRcGu-JABLNcyUgo&forcekml=1,yes,yes,website-from-governing-body,2026-07,,youth,
IEM Bradford,Ontario,Bradford,source,,https://www.iembasketball.com/,info@iembasketball.com,9058366195,ORBL (Ontario Regional Basketball League),,,,,,,https://www.facebook.com/IEMBasketball/,"Ion Marghetis (President, league questions)","Bradford is one of IEM Basketball's five service communities (Newmarket, Aurora, Keswick, East Gwillimbury, Bradford). Same central contact as other IEM rows.",,,,,"league-harvest,tier3-search",2,2,,,IEM Bradford,https://www.iembasketball.com/contactUs.php,yes,,ambiguous-place-single-source-non-ca,2026-07,,youth,
IEM East Gwillimbury,Ontario,East Gwillimbury,source,,https://www.iembasketball.com/,info@iembasketball.com,9058366195,OBL; ORBL (Ontario Regional Basketball League),,,,,,,https://www.facebook.com/IEMBasketball/,"Ion Marghetis (President, league questions)",East Gwillimbury is one of IEM Basketball's five service communities. Same central contact as other IEM rows.,,,,,"league-harvest,obl-teams,tier3-search",3,3,,yes,IEM East Gwillimbury,https://www.iembasketball.com/contactUs.php,yes,,unverified-single-source-non-ca,2026-07,,youth,
IEM King City,Ontario,King City,source,,https://www.iembasketball.com/,info@iembasketball.com,9058366195,OBL; ORBL (Ontario Regional Basketball League),,,,,,,https://www.facebook.com/IEMBasketball/,"Ion Marghetis (President, league questions)",LOWER CONFIDENCE: King City is not one of IEM's five explicitly-listed service communities (Newmarket/Aurora/Keswick/East Gwillimbury/Bradford) but is immediately adjacent in York Region and shares th,,,,,"league-harvest,obl-teams,tier3-search",3,3,,yes,IEM King City,https://www.iembasketball.com/contactUs.php,yes,,unverified-single-source-non-ca,2026-07,,youth,
IEM North York,Ontario,North York,source,,https://www.iembasketball.com/,info@iembasketball.com,9058366195,ORBL (Ontario Regional Basketball League),,,,,,,https://www.facebook.com/IEMBasketball/,"Ion Marghetis (President, league questions)",LOWER CONFIDENCE: North York is not one of IEM's five explicitly-listed service communities and is geographically further south (Toronto) than IEM's core York Region area. No source directly confirms,,,,,"league-harvest,tier3-search",2,2,,,IEM North York,https://www.iembasketball.com/contactUs.php,yes,,unverified-single-source-non-ca,2026-07,,youth,
Ignite Academy,Ontario,,,,,,,NJC,,,,,,,,,,,,,,"contact-enrichment,ontario-circuit-list",2,2,,,Ignite Academy,,,,no-website,2026-07,,youth,
Ingersoll Basketball Association,Ontario,Ingersoll,source,,,,,,"men's (adult) basketball league, established 1978 — no youth/minor division confirmed",,,,,,https://www.facebook.com/mensiba,,"Confirmed real, active league (Ingersoll Men's Basketball League, Tuesday nights Oct-Apr, est. 1978) but no email, phone, or website could be found beyond the Facebook page already known from input. F",,,,,"gap-fill,tier3-search",2,2,,,Ingersoll Basketball Association,https://www.facebook.com/mensiba,,,no-website,2026-07,,youth,
Innisfil Ballers,Ontario,Innisfil,source,,,,,,"youth program (""Mini Stars - All Stars""), self-described as Innisfil's only basketball program",,,,,,https://www.instagram.com/innisfilballers/ ; https://www.tiktok.com/@innisfilballers ; https://www.facebook.com/people/Innisfil-Ballers/61564439662126/,,IG bio links a JotForm registration form (form.jotform.com/222595187091260) instead of a direct email/phone. Also active on TikTok (@innisfilballers) — new social handles beyond the Facebook page give,,,,,"gap-fill,tier3-search",2,2,,,Innisfil Ballers,https://www.instagram.com/innisfilballers/,,,no-website,2026-07,,youth,
Inter-City Saints,Ontario,,,Peel-Halton,https://www.intercitysaintseliteclub.com/teams/?u=INTER-CITYSAINTS&s=basketball,,,OBL/OBA (affiliated),,43.6710952,-79.8172426,,,,,,,,,,,oba-kml,1,1,yes,,Inter-City Saints,https://www.google.com/maps/d/kml?mid=1jf36n-Sx3O1KSIlSjRcGu-JABLNcyUgo&forcekml=1,,yes,website-from-governing-body,2026-07,,youth,
J. Addison School,Ontario,Markham,source,York,https://jaddisonschool.com/,info@jaddisonschool.com,905-477-4999,NJC; NPH-D1; NSC; OSBA,,,,,,,,,,,,,,"census-2026-07,ontario-circuit-list,ontario-csv",3,3,,,J. Addison School,ontario census + enrichment 2026-07-18,yes,yes,website-corroborated,2026-07,,youth,
J17 Basketball,Ontario,"Markham (190 Allstate Pkwy #102, Markham, ON L3R 6H3)",source,,https://j17basketball.com/,info@j17basketball.com,6478785134,'Coalition League'; OBL (Ontario Basketball League),,,,,,,https://www.instagram.com/j17_basketball/,,"Direct match on the exact address given in input (190 Allstate Pkwy #102, Markham, ON L3R 6H3). Note: there is also an unrelated '17 Basketball Club' (17basketball.com, Markham & Thornhill) and a 'J17",,,,,"browser-sweep,tier3-search",2,2,,,J17 Basketball,https://j17basketball.com/contact-us,yes,,unverified-single-source-non-ca,2026-07,,youth,
James Cardinal McGuigan CHS (Wolfpact),Ontario,Toronto (Rexdale) ON,source,,https://www.tcdsb.org/schools/fatherhenrycarr,,416-393-5521,NPH-D1; OSBA,,,,,,,IG @fhc_tcdsb,Antonio Bisceglia (Principal),"Confirmed this is Father Henry Carr Catholic Secondary School (TCDSB), Rexdale, Toronto -- almost certainly the fielding school for the NPH-D1/OSBA team in the input. Could not extract a phone or emai",,,,"Richard Walo (Principal, unverified)","contact-enrichment,ontario-circuit-list,tier3-search",3,6,,,Father Henry Carr | Father Henry Carr CSS (TCDSB) | James Cardinal McGuigan | James Cardinal McGuigan CHS (Wolfpact),https://www.tcdsb.org/schools/fatherhenrycarr,yes,,unverified-single-source-non-ca,2026-07,,youth,
Jaxx City Elite,Ontario,,,,https://www.jaxxcityelite.ca/,jaxxcityelite@gmail.com,4164747039,Hoop City Basketball Spring/Summer League 2026; Toronto Big League (JR Rep),,,,,,,IG @jaxxcityelite,,"Also has a Linktree (linktr.ee/jaxxcityelite). Operates in the Durham Region/GTA since 2018, ages 4-18, rep/AAU/house league/training.",,,,,"browser-sweep,tier3-search",2,3,,,Jaxx City Elite,https://www.instagram.com/jaxxcityelite/,yes,yes,canadian-tld,2026-07,,youth,
Jazba Elite,Ontario,,,,,,,Phoenix League,,,,,,,,,,,,,,league-harvest,1,1,,,Jazba Elite,https://basketball.exposureevents.com/264611/phoenix-basketball-spring-league-2026/teams,,,no-website,2025-26,,youth,no-contact-unverified;short-name-single-league-source
JCC Maccabi Warriors,Ontario,Toronto ON,source,Toronto Region,http://jbasketballtoronto.com/,info@jccchaisports.com,416-635-5516,Coalition; OBL/OBA (affiliated),,43.7631527,-79.4420738,,,,FB /jccmaccabiwarriors,,,,,,Sean Katzoti (Tech Dir); Eric Sklar (Sr Dir),"contact-enrichment,oba-kml,ontario-circuit-list",3,3,yes,,JCC Maccabi Warriors,https://www.google.com/maps/d/kml?mid=1jf36n-Sx3O1KSIlSjRcGu-JABLNcyUgo&forcekml=1,yes,yes,website-from-governing-body,2026-07,,youth,
JCC Warriors,Ontario,JCC likely = a Jewish Community Centre branch,source,,https://jccwarriors.com/,info@jccwarriors.com,4166355516,CYBL (Canadian Youth Basketball League); OBL; Toronto Big League (JR Rep),,,,,,,https://www.facebook.com/jccmaccabiwarriors/,"Sean Katzoti (Technical Director, Basketball) skatzoti@prossermanjcc.com; Eric Sklar (Senior Director, JCC Sports) ext 3468","JCC Maccabi Warriors Basketball, registered OBA club running OBL/CYBL/Coalition League rep teams out of Schwartz/Reisman Centre and Prosserman JCC. General email info@jccwarriors.com plus a basketball",,,,,"browser-sweep,league-harvest,obl-teams,tier3-search",4,8,,yes,JCC Warriors | JCC Warriors - North Blue | JCC Warriors - North White | JCC Warriors - South Blue | JCC Warriors - South White,https://jccwarriors.com/contact-us,yes,,unverified-single-source-non-ca,2026-07,,youth,
JKT Elite,Ontario,,,,,,,Toronto Big League (JR Rep),,,,,,,,,,,,,,browser-sweep,1,1,,,JKT Elite,https://torontobigleague.ca/standings,,,no-website,2025-26,,youth,
JoooKooo Sports Academy,Ontario,,,Durham-York,https://joookooo.com/,connect@joookooo.com,,OBL/OBA (affiliated),,43.9284467,-78.7044828,,,,,,,,,,,oba-kml,1,1,yes,,JoooKooo Sports Academy,https://www.google.com/maps/d/kml?mid=1jf36n-Sx3O1KSIlSjRcGu-JABLNcyUgo&forcekml=1,yes,yes,website-from-governing-body,2026-07,,youth,
JR Basketball Academy,Ontario,,,Toronto Region,,,,OBL/OBA (affiliated),,43.8069636,-79.2750655,,,,,,,,,,,oba-kml,1,1,yes,,JR Basketball Academy,https://www.google.com/maps/d/kml?mid=1jf36n-Sx3O1KSIlSjRcGu-JABLNcyUgo&forcekml=1,,,no-website,2026-07,,youth,
JR Kings,Ontario,,,GTA,https://www.jrkcb.ca/,jrkingscourtbasketball@gmail.com,647-864-5104,NPH Showcase,,,,,,,,,,,,,,"census-2026-07,ontario-csv",2,2,,,JR Kings,ontario census + enrichment 2026-07-18,yes,yes,canadian-tld,2026-07,,youth,
JUMP Basketball,Ontario,Mississauga/Brampton/Oakville/Milton/Burlington/Vaughan/Oshawa,source,Peel-Halton,https://jumpbasketball.ca/,support@jumpbasketball.ca,647-549-5867,OBA; OBL; OBL/OBA (affiliated),,43.5993854,-79.6416139,,,,LinkedIn /jump-basketball,"Eric (eric@jumpbasketball.ca, per site footer)",,,"100-4310 Sherwoodtowne Blvd, Mississauga, ON L4Z 4C4",,Eric Scoffield/Rishi Oberoi (Co-Founders),"census-2026-07,contact-enrichment,municipal-directory,oba-kml,obl-teams,ontario-circuit-list,ontario-csv",7,8,yes,yes,JUMP Basketball | JUMP Basketball Mississauga Association | Jump Basketball | Jump Basketball - Travel Team,https://www.google.com/maps/d/kml?mid=1jf36n-Sx3O1KSIlSjRcGu-JABLNcyUgo&forcekml=1,yes,yes,website-from-governing-body,2026-07,,youth,
Jungle Prep (Jungle Courts),Ontario,Pickering ON,source,,junglecourts.com,info@junglecourts.com,,NJC; NSC,,,,,,,IG @jungleprepbasketball,,,,,,,"contact-enrichment,ontario-circuit-list,website-scrape",3,3,,,Jungle Prep (Jungle Courts),https://junglecourts.com,yes,yes,website-corroborated,2026-07,,youth,
K9,Ontario,,,,,,,Hoop City Basketball Spring/Summer League 2026,,,,,,,,,,,,,,browser-sweep,1,1,,,K9,https://www.tourneymachine.com/Public/Results/Division.aspx?IDTournament=h2026050420140144611ffbead9d704f&IDDivision=h20260504202749080773e76e4521443,,,no-website,2026,,youth,looks-like-abbreviation
K9 Elite,Ontario,,,GTA,,infok9elite@gmail.com,(647) 296-3646,NPH Showcase,,,,,,,,,,,,,,"census-2026-07,ontario-csv",2,2,,,K9 Elite,ontario census + enrichment 2026-07-18,yes,,no-website,2026-07,,youth,
K9 Elite Hoopers,Ontario,,,GTA,,infok9elite@gmail.com,,NPH-SL,,,,,,,IG @k9elitehoopers,,,,,,,"contact-enrichment,ontario-circuit-list",2,2,,,K9 Elite Hoopers,,yes,,no-website,2026-07,,youth,
Kainos Basketball Academy,Ontario,,,,https://kainosbasketball.com/,,,Toronto Big League (SR Prep),,,,,,,IG @kainosbasketball / FB Kainos Basketball Academy,,"Based in Ottawa, ON (50 Maple Ln) despite the Toronto Big League listing in our data — also appears in the National Capital Hoops Circuit (natcaphoops.com) as 'Kainos Academy Senior', which fits an Ot",,,,,"browser-sweep,tier3-search",2,2,,,Kainos Basketball Academy,https://www.instagram.com/kainosbasketball/,,,unverified-single-source-non-ca,2026-07,,youth,
Kanata Youth Basketball Association (Ottawa Next Level),Ontario,Ottawa (Kanata),source,Capital-Kingston,http://kanatabasketball.ca/,info@kanatabasketball.ca,,EOBA Competitive Season 2025-26; OBL/OBA (affiliated),house-league,45.2856225,-75.9082762,,ChIJd2iU34b_zUwRNFskkjD3byg,APPROXIMATE,FB @ONL_Basketball; FB @kanatabasketball; IG @OttawaNextLevel,Derek Bazil (Selects Director),"Site blocks automated fetches on every page tried. Search results referenced an info@ email and Mon-Fri 9am-5pm office hours on the site's About page, but the search tool's own summaries redacted the",,,"Kanata, Ottawa, ON, Canada",,"browser-sweep,community-sweep,geocode,oba-kml,tier3-search,website-scrape",6,8,yes,,Kanata Selects | Kanata Youth Basketball Association (KYBA) | Kanata Youth Basketball Association (Ottawa Next Level),https://www.google.com/maps/d/kml?mid=1jf36n-Sx3O1KSIlSjRcGu-JABLNcyUgo&forcekml=1,yes,yes,website-from-governing-body,2026-07,,youth,
Kawartha Basketball Club,Ontario,Peterborough,source,,https://www.kawarthabasketball.ca/,,,,,,,,,,,,"Contact page is a web form only (""Get in Touch""); no email or phone published anywhere found for this Peterborough-area not-for-profit.",,,,,"municipal-directory,tier3-search",2,2,,,Kawartha Basketball Club,https://www.kawarthabasketball.ca/,,yes,website-from-governing-body,2026-07,,youth,
KBA Elite,Ontario,,,GTA,,,,NPH Showcase,,,,,,,,,,,,,,"census-2026-07,ontario-csv",2,2,,,KBA Elite,ontario census + enrichment 2026-07-18,,,no-website,2026-07,,youth,
Kemptville,Ontario,Kemptville,source,,https://www.kemptvillewarriors.ca/,info@kemptvillewarriors.ca,,EOBA (Eastern Ontario Basketball Association); EOBA Competitive Season 2025-26,,,,,,,https://www.instagram.com/kemptvillewarriors ; https://www.facebook.com/p/Kemptville-Warriors-Basketball-100064732860241/,,"Matched to Kemptville Warriors Basketball (EOBC/EOBA + National Capital Hoops Circuit, U12-U19 programs). Email recovered from consistent indexed search results (Warriors Store page) rather than a pag",,,,,"browser-sweep,league-harvest,tier3-search,website-scrape",4,4,,,Kemptville,https://www.facebook.com/p/Kemptville-Warriors-Basketball-100064732860241/,yes,yes,canadian-tld,2026-07,,youth,
Kemptville Warriors,Ontario,,,Capital-Kingston,https://www.kemptvillewarriors.ca/,info@kemptvillewarriors.ca,,OBL/OBA (affiliated),,44.9367244,-75.7716733,,,,IG @kemptvillewarriors,,,,,,,"oba-kml,website-scrape",2,2,yes,,Kemptville Warriors,https://www.google.com/maps/d/kml?mid=1jf36n-Sx3O1KSIlSjRcGu-JABLNcyUgo&forcekml=1,yes,yes,website-from-governing-body,2026-07,,youth,
KIBC,Ontario,possibly Kanata area,source,,,,,EOBA Competitive Season 2025-26,,,,,,,,,,,,,,browser-sweep,1,1,,,KIBC,https://tournaments-api.teamsnap.com/public/events/45924/participants,,,no-website,2025-26,,youth,looks-like-abbreviation
Kid Ballers (Durham Region Basketball),Ontario,,,Durham-York,https://www.kidballers.com/,,4165871149,,rec,,,,,,,,,,,,,"community-sweep,website-scrape",2,2,,,Kid Ballers (Durham Region Basketball),https://www.kidballers.com,yes,yes,website-corroborated,2026-07,,youth,
King Heights Academy,Ontario,Vaughan/Thornhill,source,GTA,https://kingheightsacademy.com/,info@kingheightsacademy.com,905-652-1234,NPA; NPH-SL; OSBA,,,,,,,,,,,,,,"census-2026-07,ontario-circuit-list,ontario-csv",3,3,,,King Heights Academy,ontario census + enrichment 2026-07-18,yes,yes,website-corroborated,2026-07,,youth,
King's Christian Collegiate,Ontario,Oakville,source,Halton,www.kingschristian.ca,office@kingschristian.ca,(905) 257-5464,OSBA,,,,,,,,,,,,,,"census-2026-07,ontario-circuit-list,ontario-csv",3,3,,,King's Christian Collegiate,ontario census + enrichment 2026-07-18,yes,yes,canadian-tld,2026-07,,youth,
Kings Court Academy,Ontario,Hamilton,source,GTA,https://www.jrkcb.ca/,jrkingscourtbasketball@gmail.com,6478645104,NJC; NPH-SL,,,,,,,IG @_jrkings,,"Organization is 'JR Kings Court Basketball' (JKCB), serving Toronto/Hamilton/GTA since 2004. Physical address: St Jean De Brebeuf High School, 200 Acadia Dr, Hamilton, ON L8W 1B7.",,,,,"census-2026-07,ontario-circuit-list,ontario-csv,tier3-search",4,4,,,"Kings Court (JR Kings Court, probable) | Kings Court Academy",ontario census + enrichment 2026-07-18,yes,yes,canadian-tld,2026-07,,youth,
Kingston Impact,Ontario,Kingston,source,Capital-Kingston,https://www.kingstonimpact.ca/,info@kingstonimpact.ca,,EOBA (Eastern Ontario Basketball Association); EOBA Competitive Season 2025-26; JUEL; JUEL / JUEL Prep; NPH Showcase; OBL; OBL/OBA (affiliated),house-league,44.2529897,-76.550255,,,,IG @kingston_impact,,,,,,(registrar Gillian De Melo),"browser-sweep,census-2026-07,community-sweep,contact-enrichment,league-harvest,municipal-directory,oba-kml,obl-teams,ontario-circuit-list,ontario-csv",10,12,yes,yes,Kingston Impact | Kingston Impact - U19W Stevenson | Kingston Impact BC | Kingston Impact Basketball Academy (successor to Kingston Pacers house league) | Kingston Impact Basketball Club,https://www.google.com/maps/d/kml?mid=1jf36n-Sx3O1KSIlSjRcGu-JABLNcyUgo&forcekml=1,yes,yes,website-from-governing-body,2026-07,,youth,
Kingsville Class,Ontario,Kingsville,inferred-from-name,West Region,https://sites.google.com/site/kingsvilleclassbasketball/,anthonytaouil@gmail.com,5197336254,OBL/OBA (affiliated),,42.0275308,-82.7401929,,ChIJnw2ezsbCOogR50AWFSLYObM,APPROXIMATE,,"Anthony Taouil (Head Coach); board: Doug Lewis (President), Andrea Lewis-Longmuir (VP), Brent Murray (Treasurer), Bob Lynch (Secretary)",Phone confirmed by direct fetch of the SportsEngine org listing. Head coach email (anthonytaouil@gmail.com) surfaced consistently in search results (tied to a LeagueLineup.com listing) but could not b,,,"Kingsville, ON, Canada",,"geocode,oba-kml,tier3-search",3,3,yes,,Kingsville Class,https://www.google.com/maps/d/kml?mid=1jf36n-Sx3O1KSIlSjRcGu-JABLNcyUgo&forcekml=1,yes,,unverified-single-source-non-ca,2026-07,,youth,
Kitchener Impact Academy,Ontario,Kitchener,source,Waterloo,impactbasketball.ca,info@impactbasketball.ca,(519) 896-2122,NPH Showcase,house-league,,,,,,,,MODERATE CONFIDENCE: the Valour house league is hosted and run through IMPACT Training Centre per tricity40basketball.com's own listing. The contact given is for IMPACT Training Centre generally (conf,,,,,"census-2026-07,community-sweep,ontario-csv,tier3-search",4,4,,,Kitchener Impact Academy | Kitchener-Waterloo Valour Basketball House League,ontario census + enrichment 2026-07-18,yes,yes,canadian-tld,2026-07,,youth,
Kitchener Waterloo Basketball Association,Ontario,Waterloo,source,,,,,Jr. NBA/Jr. WNBA Canada,,,,,,,,,,,,,,browser-sweep,1,1,,,Kitchener Waterloo Basketball Association | Kitchener Waterloo Girls Basketball Association,https://jr-nba.webflow.io/programs/kitchener-waterloo-girls-basketball-association-fall,,,no-website,2019-20,yes,youth,
Kitchener-Waterloo Girls Basketball Association,Ontario,Kitchener-Waterloo,source,Kitchener-Waterloo,http://www.kwgba.ca/,kwgirlsbball@gmail.com,519-897-6103,Jr. NBA Canada; OBL/OBA (affiliated),,43.4516395,-80.4925337,,,,,,,,,,,"jrnba-2019,municipal-directory,oba-kml",3,4,yes,,Kitchener Waterloo Girls Basketball Association | Kitchener Waterloo Girls Basketball Association (KWGBA) | Kitchener-Waterloo Girls Basketball Association,https://www.google.com/maps/d/kml?mid=1jf36n-Sx3O1KSIlSjRcGu-JABLNcyUgo&forcekml=1,yes,yes,website-from-governing-body,2026-07,,youth,
Kitchener-Waterloo Youth Basketball Association (Vipers),Ontario,Kitchener/Waterloo,source,Kitchener-Waterloo,https://www.kwyba.com/,coachqwlu@hotmail.com,519-804-8935,Coalition; NPH Showcase; OBL; OBL/OBA (affiliated),community,43.4888461,-80.5447131,N2L 5J4,ChIJfWz2kVjxK4gR7QpXceYrKwg,ROOFTOP,X @kwvipers,Mike Quigley (Executive Administrator),,,"500 Parkside Dr, Waterloo, ON N2L 5J4","500 Parkside Dr, Waterloo, ON N2L 5J4, Canada",Mike Quigley (Exec Admin); John Illingworth (Pres),"census-2026-07,community-sweep,contact-enrichment,geocode,municipal-directory,oba-kml,obl-teams,ontario-circuit-list,ontario-csv",9,9,yes,yes,K-W Vipers | K-W Vipers (KWYBA) | KW Vipers | Kitchener-Waterloo Youth Basketball Association (KW YBA) | Kitchener-Waterloo Youth Basketball Association (KWYBA) | Kitchener-Waterloo Youth Basketball Association (Vipers),https://www.google.com/maps/d/kml?mid=1jf36n-Sx3O1KSIlSjRcGu-JABLNcyUgo&forcekml=1,yes,yes,website-from-governing-body,2026-07,,youth,
Lakeshore Minor Basketball Association,Ontario,Lakeshore,inferred-from-name,Durham-York,http://www.lakeshorebasketball.ca/site/,lmbaofficeandbookings@gmail.com,905-885-9120,OBL/OBA (affiliated),,43.9731872,-78.1592944,,ChIJ319NBaDNOogRgX75smhFfjU,APPROXIMATE,,,"Input website does not resolve. Found the club's live PowerUp Sports registration platform with office phone/email directly on it. Address: 700 D'Arcy Street, Cobourg, ON K9A 5T3 - note this is in Nor",dead-or-expired,,"Lakeshore, ON, Canada",,"geocode,oba-kml,tier3-search",3,3,yes,,Lakeshore Minor Basketball Association,https://www.google.com/maps/d/kml?mid=1jf36n-Sx3O1KSIlSjRcGu-JABLNcyUgo&forcekml=1,yes,,website-flagged-dead-or-expired,2026-07,,youth,
Lay-Up Youth Basketball Camp,Ontario,Toronto,source,Toronto Region,https://www.layup.ca/,basketball@layup.ca,6477259766,,community,,,,,,https://www.facebook.com/LayUpBasketball/,,"Registered Canadian charity (BN 77709 6124 RR0001). Free, cost-free community basketball programs in Toronto's Neighbourhood Improvement Areas for kids 6-14. Contact details confirmed directly by fetc",,,,,"community-sweep,tier3-search",2,2,,,Lay-Up Youth Basketball Camp,https://www.layup.ca/,yes,yes,canadian-tld,2026-07,,youth,
Lead2Greatness,Ontario,,,GTA,,,,NPH Showcase; NPH-SL,,,,,,,IG @lead2greatness,,"Confirmed active Toronto/Vaughan-based club ('proud members of @nxtpro_hoops'), contact via Google Form linked in Instagram bio, no email/phone published. IMPORTANT: lead2greatness.com belongs to a DI",belongs-to-other-org,,,,"census-2026-07,contact-enrichment,ontario-circuit-list,ontario-csv,tier3-search",5,5,,,Lead2Greatness,ontario census + enrichment 2026-07-18,,,website-flagged-belongs-to-other-org,2026-07,,youth,
Legacy Hoops Youth Academy,Ontario,Mississauga,source,,https://jr-nba.webflow.io/programs/legacy-hoops-youth-academy-fall,legacyhoopsacademy@gmail.com,647-381-4000,Jr. NBA Canada; Jr. NBA/Jr. WNBA Canada,,43.618218,-79.670582,,,,,,,,,,,"browser-sweep,jrnba-2019",2,13,,,Legacy Hoops Youth Academy | North Ballers Corp | Ontario Racquet Club,https://jr-nba.webflow.io/programs/legacy-hoops-youth-academy-fall,yes,,unverified-single-source-non-ca,2020,yes,youth,
Legends Elite,Ontario,,,,,,,Phoenix League,,,,,,,,,,,,,,league-harvest,1,1,,,Legends Elite,https://basketball.exposureevents.com/264611/phoenix-basketball-spring-league-2026/teams,,,no-website,2025-26,,youth,no-contact-unverified
LIFT AAU Basketball,Ontario,Toronto,source,Toronto,https://www.letitflybasketball.com/liftaau,,(905) 928-2174,AAU,,,,,,,,,,,,,,"census-2026-07,ontario-csv",2,2,,,LIFT AAU Basketball,ontario census + enrichment 2026-07-18,yes,yes,website-corroborated,2026-07,,youth,
Lincoln Prep,Ontario,Hamilton,source,Hamilton,https://www.lincolnprep.ca/,admin@lincolnprep.ca,905-522-0890,NJC; NPA; NPH-D1; OSBA,,,,,,,,,,,,,,"census-2026-07,ontario-circuit-list,ontario-csv",3,3,,,Lincoln Prep,ontario census + enrichment 2026-07-18,yes,yes,canadian-tld,2026-07,,youth,
Lindsay Wildcats,Ontario,Lindsay,source,Durham-York,https://lindsaywildcats.com/,info@lindsaywildcats.com,,OBL; OBL/OBA (affiliated),house league (grades 3-8) + OBA rep travel teams (ages 9-18),44.3530682,-78.738543,,,,FB @2008; FB @LindsayWildcatsBasketballAssociation; IG @lindsaywildcats,,,,,,,"gap-fill,oba-kml,obl-teams,website-scrape",4,4,yes,yes,Lindsay Wildcats | Lindsay Wildcats Basketball Association,https://www.google.com/maps/d/kml?mid=1jf36n-Sx3O1KSIlSjRcGu-JABLNcyUgo&forcekml=1,yes,yes,website-from-governing-body,2026-07,,youth,
Little Hoopers (New Tecumseth Jr NBA Basketball Program),Ontario,Alliston,source,,https://www.littlehoopers.ca/,,,,"Jr NBA program, ages 8-13, 3-on-3 league",,,,,,,,,,,,,gap-fill,1,1,,,Little Hoopers (New Tecumseth Jr NBA Basketball Program),https://www.littlehoopers.ca/,,yes,canadian-tld,2026-07,,youth,
Lo-Ellen Park Prep,Ontario,Sudbury,source,,,,705-522-2320,OSBA,,,,,,,,,,,,,,ontario-circuit-list,1,1,,,Lo-Ellen Park Prep,,yes,,no-website,2026-07,,youth,
LOBA,Ontario,,,,,,,Toronto Big League (SR Rep),,,,,,,,,,,,,,browser-sweep,1,1,,,LOBA,https://torontobigleague.ca/standings,,,no-website,2025-26,,youth,looks-like-abbreviation
London 86ers,Ontario,London,inferred-from-name,West Region,https://www.london86ers.com/,,,OBL; OBL/OBA (affiliated),,43.0279031,-81.2592827,,,,,,,,,,,"oba-kml,obl-teams",2,2,yes,yes,London 86ers,https://www.google.com/maps/d/kml?mid=1jf36n-Sx3O1KSIlSjRcGu-JABLNcyUgo&forcekml=1,,yes,website-from-governing-body,2026-07,,youth,
London Basketball Academy (LBA Prep),Ontario,London,source,London,https://www.londonbasketballacademy.ca/,londonbasketballacademy@gmail.com,519-318-3303,NJC; NSC,,,,,,,IG @lba_prep,Angelo Provenzano (Head Coach); Judy Provenzano (Owner/Director of Operations),"Real Ontario club confirmed (post-secondary-prep program, NJC tournaments) via direct staff-page fetch -- distinct from an unrelated 'London Basketball Association' in London, UK that also surfaces in",,,,Judy Provenzano (Owner/Dir); Angelo Provenzano (HC),"census-2026-07,contact-enrichment,ontario-circuit-list,ontario-csv,tier3-search",5,5,,,LBA (London Basketball Academy) | London Basketball Academy | London Basketball Academy (LBA Prep),ontario census + enrichment 2026-07-18,yes,yes,canadian-tld,2026-07,,youth,
London Basketball Club,Ontario,London,source,West Region,https://www.londonbasketballclub.ca/,,,,community,,,,,,FB @londonbasketballclub; IG @londonthunderbasketball,,"Address: London, ON N6C 1J4. Site explicitly defers to a ""Board of Directors"" page under About for contact, but that page could not be located/fetched (404 on the URLs tried).",,"London, ON N6C 1J4",,,"community-sweep,municipal-directory,tier3-search,website-scrape",4,4,,,London Basketball Club,https://www.londonbasketballclub.ca/,,yes,website-from-governing-body,2026-07,,youth,
London CYO,Ontario,London,source,West Region,https://www.londoncyobasketball.com/,,,OBL; OBL/OBA (affiliated),parish,43.0088951,-81.1807786,,,,FB @londoncyo; IG @londoncyobasketball,,"Address: London, ON N5V 4P7. Same pattern as London Basketball Club - site defers to a Board of Directors page for contact, page not retrievable (404).",,,,,"census-2026-07,community-sweep,oba-kml,obl-teams,ontario-csv,tier3-search,website-scrape",7,8,yes,yes,London CYO | London CYO Basketball | London CYO Basketball Club,https://www.google.com/maps/d/kml?mid=1jf36n-Sx3O1KSIlSjRcGu-JABLNcyUgo&forcekml=1,,yes,website-from-governing-body,2026-07,,youth,
London Elite,Ontario,London,source,,,,,Phoenix League,,,,,,,,,,,,,,league-harvest,1,1,,,London Elite,https://basketball.exposureevents.com/264611/phoenix-basketball-spring-league-2026/teams,,,no-website,2025-26,,youth,no-contact-unverified
London Ramblers,Ontario,London,source,West Region,https://londonramblers.com/,ramblercoach@gmail.com,519-850-4318,JUEL / JUEL Prep; NJC; OBL; OBL/OBA (affiliated),house-league,43.0474141,-81.2563574,,,,,,,,,,,"community-sweep,league-harvest,oba-kml,obl-teams,ontario-circuit-list",5,5,yes,yes,London Ramblers | London Ramblers Basketball,https://www.google.com/maps/d/kml?mid=1jf36n-Sx3O1KSIlSjRcGu-JABLNcyUgo&forcekml=1,yes,yes,website-from-governing-body,2026-07,,youth,
London Royals,Ontario,London,source,West Region,https://linktr.ee/londonroyalsbasketball,executive@londonroyals.ca,,OBL/OBA (affiliated),,42.9901054,-81.2696062,,,,,,,,,,,"oba-kml,website-scrape",2,2,yes,,London Royals,https://www.google.com/maps/d/kml?mid=1jf36n-Sx3O1KSIlSjRcGu-JABLNcyUgo&forcekml=1,yes,yes,website-from-governing-body,2026-07,,youth,
London Wheelchair Basketball Association,Ontario,London,source,,,lwbafcf@gmail.com,,,,,,,,,,,,,,,,211-cioc,1,1,,,London Wheelchair Basketball Association,https://211ontario.ca/service/97167940/london-wheelchair-basketball-association-london-wheelchair-basketball-association/,yes,,no-website,2026-07,,youth,
M & R Basketball,Ontario,Markham ON,source,GTA,www.mandrbasketball.ca,info@mandrbasketball.ca,647-927-7091,CYBL (Canadian Youth Basketball League); NPH Showcase; NPH-SL; NSC; Toronto Big League (JR Rep),,43.8599076,-79.3349945,,ChIJqUwyoO_V1IkRYz2yLIFSPfc,APPROXIMATE,IG @mandrbasketball,,,,,"Markham, ON, Canada",David Reaume/Roy Singh/Tracy Richardson (co-founders),"browser-sweep,census-2026-07,contact-enrichment,geocode,league-harvest,ontario-circuit-list,ontario-csv",7,7,,,M & R Basketball | M&R | M&R Basketball,https://maps.googleapis.com/maps/api/geocode/json,yes,yes,canadian-tld,2026-07,,youth,
Malton Sting Basketball Club,Ontario,Mississauga (Malton),source,Peel-Halton,https://www.maltonsting.com/,maltonsting.bc@gmail.com,,NPH-SL; OBL; OBL/OBA (affiliated),,43.7161148,-79.6445965,,,,FB @2008; IG @maltonsting.bc,,,,,,,"municipal-directory,oba-kml,obl-teams,ontario-circuit-list,website-scrape",5,5,yes,yes,Malton Sting | Malton Sting Basketball | Malton Sting Basketball Club,https://www.google.com/maps/d/kml?mid=1jf36n-Sx3O1KSIlSjRcGu-JABLNcyUgo&forcekml=1,yes,yes,website-from-governing-body,2026-07,,youth,
Malvern Alliance,Ontario,"Toronto (Malvern, Scarborough)",source,,,,,Toronto Big League (SR Rep),,,,,,,,,,,,,,browser-sweep,1,1,,,Malvern Alliance,https://torontobigleague.ca/standings,,,no-website,2025-26,,youth,
Maple Basketball,Ontario,,,,maplebasketball.ca,,6476770220,CYBL (Canadian Youth Basketball League); OBL,,,,,,,Instagram @maple_basketball_ca,,"Confirmed non-profit REP club based in Maple/Vaughan, ON, member of Canada Basketball and Ontario Basketball Association (OBA). Matches CYBL/OBL leagues in input. No email listed on site.",,,,,"league-harvest,obl-teams,tier3-search,website-scrape",4,4,,yes,Maple Basketball,https://www.maplebasketball.ca/,yes,yes,canadian-tld,2026-07,,youth,
Markham Gators,Ontario,Markham,source,,,,,OBL,,,,,,,,,,,,,,ontario-circuit-list,1,1,,,Markham Gators,,,,no-website,2026-07,,youth,
Markham Unionville Minor Basketball Association (MUMBA),Ontario,Markham,source,Durham-York,https://www.mumbabasketball.ca/,basil@mumbabasketball.ca,(647) 535-6747,NPH-D1; NPH-SL; OBL; OBL/OBA (affiliated); Phoenix League; Toronto Big League (SR Prep),community,43.9072095,-79.2641435,,,,FB @mumbabasketball; IG @mumbabasketball,,,,,,"Michael Sousa (Pres); Samuel Wiseman (GM, MBA Prep); Basil Glezakos (Dir Membership)","browser-sweep,community-sweep,contact-enrichment,gap-fill,league-harvest,oba-kml,obl-teams,ontario-circuit-list,website-scrape",9,10,yes,yes,"MBA | MBA (likely MUMBA, Markham — verify) | MUMBA (Markham Unionville Minor BA) — ""MUMBA Mentality""/MBA prep | MUMBA (Markham Unionville Minor Basketball Association) | MVP Basketball Academy | Markham Unionville Minor Basketball Association (MUMBA)",https://www.google.com/maps/d/kml?mid=1jf36n-Sx3O1KSIlSjRcGu-JABLNcyUgo&forcekml=1,yes,yes,website-from-governing-body,2026-07,,youth,
Markham-Stouffville Basketball Academy (MSBA STORM),Ontario,Markham/Stouffville,source,,https://www.msbastorm.com/,msbastorm@gmail.com,,,non-profit youth development academy,,,,,,IG @msbastorm,,,,,,,"gap-fill,website-scrape",2,2,,,Markham-Stouffville Basketball Academy (MSBA STORM),https://www.msbastorm.com,yes,yes,website-corroborated,2026-07,,youth,
MBA Basketball,Ontario,,,GTA,https://mumbabasketball.ca/,,647-945-6945,NPH Showcase,,,,,,,FB @mumbabasketball; IG @mumbabasketball,,,,,,,"census-2026-07,ontario-csv,website-scrape",3,3,,,MBA Basketball,ontario census + enrichment 2026-07-18,yes,yes,canadian-tld,2026-07,,youth,
MC Elite Basketball,Ontario,Toronto ON,source,GTA,mcelite.clubcentral.com,mcelitebball@gmail.com,,NPH Showcase; NPH-SL; SR Prep); Toronto Big League (JR Prep,,,,,,,IG @mcelitebball,,,,,,,"browser-sweep,census-2026-07,contact-enrichment,ontario-circuit-list,ontario-csv,website-scrape",6,6,,,MC Elite | MC Elite Basketball,ontario census + enrichment 2026-07-18,yes,yes,website-corroborated,2026-07,,youth,
MCBC . NBA,Ontario,Mississauga,source,,,,,Jr. NBA/Jr. WNBA Canada,,,,,,,,,,,,,,browser-sweep,1,1,,,MCBC . NBA | MCBC Jr. NBA,https://jr-nba.webflow.io/programs/mcbc-jr-nba-fall,,,no-website,2019-20,yes,youth,
Metropolitan Prep Academy,Ontario,Toronto,source,Toronto,metroprep.com,admissions@metroprep.com,416-285-0870,NSC,,,,,,,,,,,,,,"census-2026-07,ontario-csv",2,2,,,Metropolitan Prep Academy,ontario census + enrichment 2026-07-18,yes,yes,website-corroborated,2026-07,,youth,
Midland Waves Basketball Association,Ontario,Midland,source,,https://www.midlandwaves.ca/,,,OBL,"house league + OBA rep teams (U13-U19), serves Penetang-Midland, ages 6-18",,,,,,FB @MidlandWaves; IG @midlandwaves; X @MidlandWaves,,No email/phone/address on homepage; only social links and an internal admin login.,,,,,"gap-fill,obl-teams,tier3-search,website-scrape",4,4,,yes,Midland Waves | Midland Waves Basketball Association,https://www.midlandwaves.ca/,,yes,canadian-tld,2026-07,,youth,
Midnight Basketball (Toronto),Ontario,Toronto,source,Toronto Region,,,,,community,,,,,,,,,,,,,community-sweep,1,1,,,Midnight Basketball (Toronto),https://basketball.on.ca/programs/community/,,,no-website,2026-07,,youth,
Mile of Gold Basketball Club,Ontario,,,North Region,https://www.klswampdonkeys.com/,jodi.ryan@dsb1.ca,,OBL/OBA (affiliated),,48.152102,-80.0315739,,,,IG @phoenix.bulldogs.template,,,,,,,"oba-kml,website-scrape",2,2,yes,,Mile of Gold Basketball Club,https://www.google.com/maps/d/kml?mid=1jf36n-Sx3O1KSIlSjRcGu-JABLNcyUgo&forcekml=1,yes,yes,website-from-governing-body,2026-07,,youth,
Milton Men's Basketball,Ontario,Milton,source,,http://www.leaguelineup.com/miltonmensbasketball,dstocktonmmbl@gmail.com,416-898-7059,,,,,,,,,"Dave Stockton (President, dstockton14@gmail.com); Jon Nameth (Deputy Commissioner, 905-749-1822)",,,"Milton District High School and Milton Sports Centre (game locations), 396 Williams Ave, Milton, ON, L9T 2G4",,,"211-cioc,municipal-directory",2,2,,,Milton Men's Basketball,https://211ontario.ca/service/97617674/milton-mens-basketball-milton-mens-basketball/,yes,yes,website-from-governing-body,2026-07,,adult,
Milton Stags,Ontario,Milton ON,source,Peel-Halton,https://www.miltonstags.com/,inquiry@stagsbasketball.com,289-429-1114,Jr. NBA Canada; Jr. NBA/Jr. WNBA Canada; OBL; OBL/OBA (affiliated); ORBL (Ontario Regional Basketball League),community,43.4744509,-79.876533,,ChIJ1XEjSqNvK4gRMnRwdYfd9GA,APPROXIMATE,IG @miltonstagsball,"Christine Giroux (Director of Operations, Christine@miltonstags.com)",,,"Mattamy National Cycling Centre, 2015 Panam Blvd, Room 170, Milton, ON, L9E 0K7","Milton, ON, Canada",(volunteer board),"211-cioc,browser-sweep,community-sweep,contact-enrichment,geocode,jrnba-2019,league-harvest,municipal-directory,oba-kml,obl-teams",10,12,yes,yes,MILTON STAGS | Milton Stags | Milton Stags BC | Milton Stags Basketball | Milton Stags Basketball Club (Milton Stags Youth Basketball) | Milton Stags Youth Basketball,https://www.google.com/maps/d/kml?mid=1jf36n-Sx3O1KSIlSjRcGu-JABLNcyUgo&forcekml=1,yes,yes,website-from-governing-body,2026-07,,youth,
Mississauga Community Services – Huron Park Community Centre (basketball programs),Ontario,Mississauga (Erindale),source,Peel-Halton,,,,,municipal,,,,,,,,,,,,,community-sweep,1,1,,,Mississauga Community Services – Huron Park Community Centre (basketball programs),https://peel.cioc.ca/bresults.asp?SubjID=186,,,no-website,2026-07,,youth,
Mississauga Knights,Ontario,Mississauga,inferred-from-name,Peel-Halton,http://knightsbasketball.ca/,info@knightsbasketball.ca,,OBL/OBA (affiliated),,43.5890452,-79.6441198,,,,,,,,,,,oba-kml,1,1,yes,,Mississauga Knights,https://www.google.com/maps/d/kml?mid=1jf36n-Sx3O1KSIlSjRcGu-JABLNcyUgo&forcekml=1,yes,yes,website-from-governing-body,2026-07,,youth,
Mississauga Minor Basketball Association,Ontario,Mississauga,source,Peel-Halton,https://monarchsbasketball.ca/,info@monarchsbasketball.ca,(905) 502-0050,AAU; Coalition; NPH-SL; NSC; OBA; OBL; OBL/OBA (affiliated),community,43.6313878,-79.6539032,L4Z 4B6,EkA1NjAwIFJvc2UgQ2hlcnJ5IFBsIGMgM3JkIGZsb29yLCBNaXNzaXNzYXVnYSwgT04gTDRaIDRCNiwgQ2FuYWRhIicaJQoWChQKEglzXXDkUz8riBHpoWSMSqWfIRILYyAzcmQgZmxvb3I,ROOFTOP,,,,,"5600 Rose Cherry Place, Entrance C 3rd Floor, Mississauga, ON L4Z 4B6","5600 Rose Cherry Pl c 3rd floor, Mississauga, ON L4Z 4B6, Canada",,"census-2026-07,community-sweep,geocode,municipal-directory,oba-kml,ontario-circuit-list,ontario-csv",7,10,yes,,Mississauga Minor Basketball (MMBA/Monarchs) | Mississauga Minor Basketball Association | Mississauga Minor Basketball Association (MMBA) | Mississauga Minor Basketball Association (Monarchs Basketball) | Monarchs | Monarchs Basketball | Monarchs Basketball (Rep/AAU),https://www.google.com/maps/d/kml?mid=1jf36n-Sx3O1KSIlSjRcGu-JABLNcyUgo&forcekml=1,yes,yes,website-from-governing-body,2026-07,,youth,
Mississauga Monarchs - D & Hemeng,Ontario,Mississauga,source,,,,,CYBL (Canadian Youth Basketball League); OBL,,,,,,,,,,,,,,"league-harvest,obl-teams",2,3,,yes,Mississauga Monarchs | Mississauga Monarchs - D & Hemeng,https://www.cybl.ca/ (High School division),,,no-website,2026-07,,youth,
Mississauga Youth Athletics Association,Ontario,Mississauga,inferred-from-name,Peel-Halton,,,,OBL/OBA (affiliated),,43.5966945,-79.6235407,,,,,,,,,,,oba-kml,1,1,yes,,Mississauga Youth Athletics Association,https://www.google.com/maps/d/kml?mid=1jf36n-Sx3O1KSIlSjRcGu-JABLNcyUgo&forcekml=1,,,no-website,2026-07,,youth,
Momentum Basketball,Ontario,Toronto (Don Mills),source,GTA,https://momentumsportsgroup.ca/,info@momentumsportsgroup.ca,(416) 357-4636,CYBL (Canadian Youth Basketball League); NPH Showcase; NPH-SL,,,,,,,IG @momentumsportsgta,,,,,,,"census-2026-07,league-harvest,ontario-circuit-list,ontario-csv,website-scrape",5,5,,,Momentum | Momentum Basketball | Momentum Basketball (Momentum Sports Group),ontario census + enrichment 2026-07-18,yes,yes,canadian-tld,2026-07,,youth,
Momentum Sports Group,Ontario,,,Toronto Region,https://momentumsportsgroup.ca/,admin@momentumsportsgroup.ca,,OBL/OBA (affiliated),,43.7233471,-79.3799928,,,,IG @momentumsportsgta,,,,,,,"oba-kml,website-scrape",2,2,yes,,Momentum Sports Group,https://www.google.com/maps/d/kml?mid=1jf36n-Sx3O1KSIlSjRcGu-JABLNcyUgo&forcekml=1,yes,yes,website-from-governing-body,2026-07,,youth,
Monstarz Elite,Ontario,,,,,,,Phoenix League,,,,,,,,,,,,,,league-harvest,1,1,,,Monstarz Elite,https://basketball.exposureevents.com/264611/phoenix-basketball-spring-league-2026/teams,,,no-website,2025-26,,youth,no-contact-unverified
Motion Basketball,Ontario,,,Toronto Region,http://www.motionballsports.ca/,info@motionballsports.ca,4162751713,OBL/OBA (affiliated),,43.7368158,-79.5628573,,,,,,Also has a separate voicemail number 647-874-5215 in addition to the main line.,,,,,"oba-kml,tier3-search",2,2,yes,,Motion Basketball,https://www.google.com/maps/d/kml?mid=1jf36n-Sx3O1KSIlSjRcGu-JABLNcyUgo&forcekml=1,yes,yes,website-from-governing-body,2026-07,,youth,
MT Elite,Ontario,,,,,,,CYBL (Canadian Youth Basketball League),,,,,,,,,,,,,,league-harvest,1,1,,,MT Elite,https://www.cybl.ca/ (High School division),,,no-website,2025-26,,youth,no-contact-unverified;short-name-single-league-source
Municipality of Powassan,Ontario,Powassan,source,,https://jr-nba.webflow.io/programs/municipality-of-powassan,jeff.buell@blueskynet.ca,705-825-3660,Jr. NBA Canada; Jr. NBA/Jr. WNBA Canada,,46.0815486,-79.36128479999999,P0H 1Z0,ChIJmQlonEmjKU0RDEU5sZ-a2oA,APPROXIMATE,,,,,,"Powassan, ON P0H 1Z0, Canada",,"browser-sweep,geocode,jrnba-2019",3,3,,,Municipality of Powassan,https://maps.googleapis.com/maps/api/geocode/json,yes,,unverified-single-source-non-ca,2026-07,,youth,
Naismith Basketball Association,Ontario,Eastern Ontario (Ottawa area),source,Capital-Kingston,http://www.naismithbasketball.ca/,,,OBL/OBA (affiliated),community,45.14102,-76.1697718,K0A 1A0,ChIJX_fIq48a0kwRj3eQiVPJSKk,APPROXIMATE,FB @NaismithBasketballAssociation; IG @naismithbasketballassociation,,Site runs on the RAMP registration platform with only social links and an admin login; no email/phone published.,,,"Almonte, Mississippi Mills, ON K0A 1A0, Canada",,"community-sweep,geocode,oba-kml,tier3-search,website-scrape",5,5,yes,,Naismith Basketball Association,https://www.google.com/maps/d/kml?mid=1jf36n-Sx3O1KSIlSjRcGu-JABLNcyUgo&forcekml=1,,yes,website-from-governing-body,2026-07,,youth,
Naismith Basketball Association,Ontario,possibly Almonte/Lanark area,source,,,,,EOBA (Eastern Ontario Basketball Association); EOBA Competitive Season 2025-26,,,,,,,,,,,,,,"browser-sweep,league-harvest",2,2,,,Naismith | Naismith Basketball Association,https://tournaments-api.teamsnap.com/public/events/45924/participants,,,no-website,2025-26,,youth,
NBD G-Elite,Ontario,,,,,,,EOBA Competitive Season 2025-26,,,,,,,,,,,,,,browser-sweep,1,1,,,NBD G-Elite,https://tournaments-api.teamsnap.com/public/events/45924/participants,,,no-website,2025-26,,youth,
NDL,Ontario,,,,,,,NPH-D1,,,,,,,,,,,,,,ontario-circuit-list,1,1,,,NDL,,,,no-website,2026-07,,youth,looks-like-abbreviation
NDL Basketball,Ontario,,,GTA,,,,NPH Showcase,,,,,,,,,,,,,,"census-2026-07,ontario-csv",2,2,,,NDL Basketball,ontario census + enrichment 2026-07-18,,,no-website,2026-07,,youth,
Nepean Blue Devils,Ontario,Nepean,source,Capital-Kingston,https://www.nepeanbluedevils.ca/,generalmanager@nepeanbluedevils.ca,,EOBA (Eastern Ontario Basketball Association); EOBA Competitive Season 2025-26; OBL; OBL/OBA (affiliated),community,45.2847264,-75.7564617,,ChIJoXxX5fv9zUwRi5w7lIpxD5Q,APPROXIMATE,FB @NepeanBlueDevilsBasketballAssociation,,,,,"Nepean, Ottawa, ON, Canada",,"browser-sweep,community-sweep,geocode,league-harvest,oba-kml,obl-teams,website-scrape",7,7,yes,yes,Nepean Blue Devils | Nepean Blue Devils Basketball Association (NBBA),https://www.google.com/maps/d/kml?mid=1jf36n-Sx3O1KSIlSjRcGu-JABLNcyUgo&forcekml=1,yes,yes,website-from-governing-body,2026-07,,youth,
NET Basketball Academy,Ontario,North York,source,Toronto Region,http://www.netba.ca/,info@netba.ca,(647) 648-4073,OBA; OBL/OBA (affiliated),,43.7995365,-79.3554441,,,,,,,,,,,"census-2026-07,oba-kml,ontario-csv",3,3,yes,,NET Basketball Academy | NET Basketball Academy (Toronto Nets),https://www.google.com/maps/d/kml?mid=1jf36n-Sx3O1KSIlSjRcGu-JABLNcyUgo&forcekml=1,yes,yes,website-from-governing-body,2026-07,,youth,
New Horizon Basketball Academy,Ontario,,,Durham-York,http://www.newhorizonbasketball.com,info@newhorizonbasketball.com,4165536040,OBL/OBA (affiliated); ORBL (Ontario Regional Basketball League),,43.9634885,-78.9378402,,,,Instagram @newhorizonbasketball / Facebook NewHorizonBasketballAcademy,,"Confirmed GTA-based org (Markham, Whitby, Uxbridge, Clarington locations) with Skills Academy/House League/Rep/Girls Academy programs. Direct ORBL affiliation not explicitly stated on the contact page",,,,,"league-harvest,oba-kml,tier3-search,website-scrape",4,4,yes,,New Horizon Basketball | New Horizon Basketball Academy,https://www.google.com/maps/d/kml?mid=1jf36n-Sx3O1KSIlSjRcGu-JABLNcyUgo&forcekml=1,yes,yes,website-from-governing-body,2026-07,,youth,
New Wave Basketball,Ontario,,,GTA,,,,NPH Showcase,,,,,,,,,,,,,,"census-2026-07,ontario-csv",2,2,,,New Wave Basketball,ontario census + enrichment 2026-07-18,,,no-website,2026-07,,youth,
Next Generation Basketball,Ontario,,,Durham-York,https://www.nextgenerationbasketballclub.com/,info@nextgenerationbasketballclub.com,,OBL; OBL/OBA (affiliated),,43.9620192,-79.267524,,,,FB @nextgenbasketballclub; IG @nxt_generation_basketball,,,,,,,"oba-kml,obl-teams,website-scrape",3,5,yes,yes,Next Generation Basketball | Next Generation Basketball Club | Next Generation Basketball Club - Monzon/Rego | Next Generation Basketball Club - Team Ceddy,https://www.google.com/maps/d/kml?mid=1jf36n-Sx3O1KSIlSjRcGu-JABLNcyUgo&forcekml=1,yes,yes,website-from-governing-body,2026-07,,youth,
Next Level Basketball,Ontario,Vernon,source,BC Interior — Okanagan,https://www.nlbasketball.ca/,,,,private academy,,,,,,,,,,,,,census-2026-07,1,1,,,Next Level Basketball,https://www.nlbasketball.ca/,,yes,canadian-tld,2026-07,,youth,
Next Level Basketball (NextLevel Sports Academy / Cowichan Valley Basketball),Ontario,Duncan,source,Vancouver Island (Cowichan Valley),https://www.cowichanvalleybasketball.com/,sandeep@nextlevelbasketballacademy.ca,,BC spring club tournament circuit; Victoria Night League (V&DABA),private academy,45.1608715,-75.4620458,N0H 1J0,ChIJlYfVn33bzUwRL32HyP57QMA,APPROXIMATE,FB @NextLevelSportsAcademy; IG @cowichanvalleybasketball,,,,,"Vernon, Ottawa, ON, Canada",,"census-2026-07,geocode,website-scrape",3,5,,,Next Level Basketball | Next Level Basketball (Barrie) | Next Level Basketball (NextLevel Sports Academy / Cowichan Valley Basketball),https://maps.googleapis.com/maps/api/geocode/json,yes,yes,website-corroborated,2026-07,,youth,
Next Man Up,Ontario,,,,nextmanup.ca,xmanupbasketball@gmail.com,,Hoop City Basketball Spring/Summer League 2026,,,,,,,Instagram @xmanupbasketball / TikTok @xmanupbasketball,,"Confirmed Scarborough, ON youth basketball program (address: 36 Griselda Crescent, Scarborough, ON M1G 3P6). Runs Boys Basketball Program and Lady Phenoms (2026-27). Matches Hoop City League per input",,,,,"browser-sweep,tier3-search,website-scrape",3,3,,,Next Man Up,https://www.nextmanup.ca/,yes,yes,canadian-tld,2026-07,,youth,
Nexus Wolves,Ontario,,,,,,,Hoop City Basketball Spring/Summer League 2026,,,,,,,Instagram @nexusbasketball,,"Nexus Wolves Basketball Club, based in the Region of Peel, ON. Also has a YouTube channel (Nexus Wolves Basketball Club). No email/phone found.",,,,,"browser-sweep,tier3-search",2,2,,,Nexus Wolves,https://www.instagram.com/nexusbasketball/,,,no-website,2026-07,,youth,
Niagara Apex Basketball,Ontario,Niagara Region (serves St. Catharines / Niagara Falls area),source,,https://www.niagaraapexbasketball.ca/home,info@niagaraapexbasketball.ca,,,,43.0581645,-79.29021329999999,,ChIJt96TyZ5M04kRliMZDZNGf-8,APPROXIMATE,FB @2008; FB @NiagaraApexBasketball; FB @niagaraapex; IG @niagaraapex,"Andre Salmon (Founder, 2021)",,,,"Regional Municipality of Niagara, ON, Canada",,"geocode,municipal-directory,website-scrape",3,3,,,Niagara Apex Basketball,https://maps.googleapis.com/maps/api/geocode/json,yes,yes,website-from-governing-body,2026-07,,youth,
Niagara Falls Basketball Association (formerly Niagara Falls Red Raiders),Ontario,Niagara Falls,source,Hamilton-Niagara Region,,,,OBL,house-league,,,,,,,,,,,,,"community-sweep,obl-teams",2,2,,yes,Niagara Falls Basketball Association | Niagara Falls Basketball Association (formerly Niagara Falls Red Raiders),https://www.bpsportsniagara.com/falls-minor-basketball-seeks-new-nickname/,,,no-website,2026-07,,youth,
Niagara Falls Red Raiders,Ontario,Niagara Falls,inferred-from-name,Hamilton-Niagara,http://www.nfredraiders.com/,nfredraiders@gmail.com,289-990-7561,OBL; OBL/OBA (affiliated),,43.122191,-79.1029844,,,,https://www.facebook.com/RedRaidersNF/ ; https://www.instagram.com/nfredraiders/ ; https://twitter.com/nfredraiders,Jamie Clarke (President),Site's SSL certificate has expired so direct fetch fails for both the main domain and its esportsdesk contact/directors sub-pages; confirmed via the search engine's index of that same site content. Al,dead-or-expired,,,,"oba-kml,obl-teams,tier3-search",3,3,yes,yes,Niagara Falls Red Raiders,https://www.google.com/maps/d/kml?mid=1jf36n-Sx3O1KSIlSjRcGu-JABLNcyUgo&forcekml=1,yes,,website-flagged-dead-or-expired,2026-07,,youth,
Niagara Girls Basketball Academy (NGBA),Ontario,Niagara Region,source,Hamilton-Niagara,https://niagarabasketballacademy.com/,dpicton@niagarabasketballacademy.com,289-821-5093,Jr. NBA Canada; Jr. NBA/Jr. WNBA Canada; OBL/OBA (affiliated),community,43.010139,-79.2553344,,ChIJt96TyZ5M04kRliMZDZNGf-8,APPROXIMATE,FB @CoachPicton; FB @NiagaraGirlsBasketballAcademy; FB @coachpicton,,,,,"Regional Municipality of Niagara, ON, Canada",,"browser-sweep,community-sweep,geocode,jrnba-2019,oba-kml,website-scrape",6,8,yes,,Niagara Basketball Academy | Niagara Girls Basketball Academy (NGBA),https://www.google.com/maps/d/kml?mid=1jf36n-Sx3O1KSIlSjRcGu-JABLNcyUgo&forcekml=1,yes,yes,website-corroborated,2026-07,,youth,
Niagara Prep,Ontario,Niagara Falls,source,Niagara,niagaraprepbasketball.com,info@niagaraprepbasketball.com,,OSBA,,,,,,,,,,,,,,"census-2026-07,ontario-circuit-list,ontario-csv",3,3,,,Niagara Prep | Niagara Prep (A.N. Myer SS),ontario census + enrichment 2026-07-18,yes,yes,website-corroborated,2026-07,,youth,
Niagara Rangers,Ontario,,,Hamilton-Niagara,http://www.niagararangers.com/,,,OBL/OBA (affiliated),,43.1527727,-79.2390356,,,,,,,,,,,oba-kml,1,1,yes,,Niagara Rangers,https://www.google.com/maps/d/kml?mid=1jf36n-Sx3O1KSIlSjRcGu-JABLNcyUgo&forcekml=1,,yes,website-from-governing-body,2026-07,,youth,
No Limits Youth Organization (Basketball),Ontario,Quinte/Belleville area,source,Capital-Kingston,https://nolimitsyouth.ca/,,,,community,,,,,,,,,,,,,community-sweep,1,1,,,No Limits Youth Organization (Basketball),https://nolimitsyouth.ca/basketball/,,yes,canadian-tld,2026-07,,youth,
No Look Dime,Ontario,,,,,,,Toronto Big League (SR Rep),,,,,,,,,,,,,,browser-sweep,1,1,,,No Look Dime,https://torontobigleague.ca/standings,,,no-website,2025-26,,youth,
NOBAT,Ontario,,,,,,,Phoenix League,,,,,,,Instagram @nobat.canada / Facebook NobatBasketballLeague,,"MODERATE CONFIDENCE: 'NOBAT Basketball League' is a Filipino-community basketball league/club based in Toronto/North York, ON (640 Lawrence Ave W). A team called 'NOBAT' is separately confirmed playin",,,,,"league-harvest,tier3-search",2,2,,,NOBAT,https://www.instagram.com/nobat.canada/,,,no-website,2026-07,,youth,looks-like-abbreviation
Norfolk Youth Basketball Association,Ontario,Simcoe,source,Kitchener-Waterloo,https://norfolkyouthbasketball.ca/,info@barrieroyals.ca,705-717-6449,CYBL (Canadian Youth Basketball League); Coalition; JUEL / JUEL Prep; Jr. NBA Canada; Jr. NBA/Jr. WNBA Canada; NJC; NPH Showcase; NPH-SL; NSC; OBL; OBL/OBA (affiliated); ORBL (Ontario Regional Basketball League),"instructional house league, Jr NBA Novice/Intermediate through age 12+, Sept-March at Waterford DHS and Simcoe CS",44.3903652,-79.6910866,N0E 1Y0,ChIJbSDXGjejKogRWlNLqAAPLh0,APPROXIMATE,FB @norfolkyouthbasketball; IG @norfolkyba,"Jean Montgomery (President, cell 519-427-3899, jeanmontgomery2@gmail.com); Barry Malcolm (Treasurer, cell 519-428-7091)","Confirmed match — site explicitly runs a 'Simcoe United JUEL' girls program, matching input's JUEL/JUEL Prep league listing.",,"Waterford District High School, 227 Main St S, Norfolk, ON, N0E 1Y0","Barrie, ON, Canada",Keith Macey (VP); Andrea Hawn (Sec),"211-cioc,browser-sweep,census-2026-07,community-sweep,contact-enrichment,gap-fill,geocode,jrnba-2019,league-harvest,municipal-directory,oba-kml,obl-teams,ontario-circuit-list,ontario-csv,tier3-search,website-scrape",16,44,yes,yes,21 Basketball Academy | Barrie Royals | Barrie Royals (Simcoe Muskoka franchise) | Barrie Royals BC | Barrie Royals Basketball Club | Next Level Basketball | Next Level Basketball (Barrie) | Norfolk Youth Basketball Association | Over Seas Basketball Association Location 1 (Entire Year) | Over Seas Basketball Association Location 2 (Entire Year) | Simcoe United | Simcoe United Spartans,https://maps.googleapis.com/maps/api/geocode/json,yes,yes,website-from-governing-body,2026-07,,youth,
North Bay Basketball Academy (NBBA),Ontario,North Bay,source,,https://www.northbaybasketball.com/,,,OBL,basketball academy/training,,,,,,https://x.com/NBBANorthBay,,"WEBSITE MISMATCH: the input website northbaybasketball.com belongs to 'North Bay Basketball Academy, LLC', a real organization in San Rafael, CALIFORNIA (the 'North Bay' region of the SF Bay Area) run",belongs-to-other-org,,,,"gap-fill,ontario-circuit-list,tier3-search",3,3,,,North Bay Basketball Academy | North Bay Basketball Academy (NBBA),https://www.northbaybasketball.com/,,,website-flagged-belongs-to-other-org,2026-07,,youth,
North Bay Spartans,Ontario,North Bay ON,source,North Region,http://northbayspartans.sportsavvy.com/,spartansbasketballnorthbay@gmail.com,705-303-8104,OBL; OBL/OBA (affiliated),"OBA member club, youth development + competitive, ages 9-18",46.3279495,-79.4845612,,ChIJ7-IiMbFUKE0RACcjxyh7AwU,APPROXIMATE,IG @spartansbasketballnorthbay,Larry Tougas,"Input's website (sportsavvy.com) fails with an SSL error. Found and confirmed the club's actual current site, spartansbasketball.ca - email is directly visible there (in a Google Calendar embed). Phon",,,"North Bay, ON, Canada",,"contact-enrichment,gap-fill,geocode,municipal-directory,oba-kml,obl-teams,tier3-search",7,7,yes,yes,North Bay Spartans | North Bay Spartans BC | North Bay Spartans Basketball,https://www.google.com/maps/d/kml?mid=1jf36n-Sx3O1KSIlSjRcGu-JABLNcyUgo&forcekml=1,yes,yes,website-from-governing-body,2026-07,,youth,
North Region Basketball,Ontario,Toronto (GTA-wide),source,Toronto Region,https://tonrba.com/,nick.nrba@gmail.com,647-519-3983,OBA; OBL/OBA (affiliated),house-league,43.762512,-79.4530725,,,,,,,,,,,"census-2026-07,community-sweep,oba-kml,ontario-csv",4,4,yes,,North Region Basketball | North Region Basketball Association (NRBA),https://www.google.com/maps/d/kml?mid=1jf36n-Sx3O1KSIlSjRcGu-JABLNcyUgo&forcekml=1,yes,yes,website-from-governing-body,2026-07,,youth,
North Region Crazy Catz,Ontario,,,,tonrba.com,nick.nrba@gmail.com,6475193983,ORBL (Ontario Regional Basketball League),,,,,,,Instagram/Facebook/Twitter @nrba2 (toronto.nrba),Nick Biagini (North Region Basketball Association),"'Crazy Catz' (U10/U12 teams) is a program of the North Region Basketball Association (NRBA), Toronto, ON. Additional NRBA contacts: Joe Gagliardi 416-996-9883 / gagaj@rogers.com; Susie Dipetta 416-476",,,,,"league-harvest,tier3-search",2,2,,,North Region Crazy Catz,https://tonrba.com/contact/,yes,,unverified-single-source-non-ca,2026-07,,youth,
North Toronto Basketball + Scarborough Blues (joint 'GTA' JUEL/JUEL franchise),Ontario,Toronto/Scarborough (GTA),source,,,,,JUEL / JUEL Prep,,,,,,,,,,,,,,league-harvest,1,1,,yes,North Toronto Basketball + Scarborough Blues (joint 'GTA' JUEL/JUEL Prep franchise) | North Toronto Basketball + Scarborough Blues (joint 'GTA' JUEL/JUEL franchise),https://ntbasketball.com/news-events/gta-juel-and-juel-prep-franchise/,,,no-website,2025-26,,youth,derived-from-team-name;no-contact-unverified
North Toronto Basketball Association,Ontario,Toronto,source,Toronto Region,http://ntbasketball.com/,ntbaregistrar@bell.net,(416) 481-1555,CYBL (Canadian Youth Basketball League); Coalition; NPH-SL; OBA; OBL/OBA (affiliated),house-league,43.6875487,-79.3935565,,,,site only,,,,,,Chris Easton (Pres); Ron Campbell (Registrar),"census-2026-07,community-sweep,contact-enrichment,league-harvest,oba-kml,ontario-circuit-list,ontario-csv",7,8,yes,,North Toronto | North Toronto (NTBA) | North Toronto BA (NTBA) | North Toronto Basketball Association | North Toronto Basketball Association (NTBA) | North Toronto Huskies (NTBA),https://www.google.com/maps/d/kml?mid=1jf36n-Sx3O1KSIlSjRcGu-JABLNcyUgo&forcekml=1,yes,yes,website-from-governing-body,2026-07,,youth,
North York Aquilas,Ontario,North York,source,,NYPAA.CA,northyorkpinoy@gmail.com,4168568785,Phoenix League,,,,,,,https://www.instagram.com/northyorkaquilas/,Francis (416-856-8785); Glenn (647-864-6373); text line 289-200-8653,"IG bio: 'North York Basketball | Since 1999 | OBA-REP-CLINICS', also on Facebook as 'N.Y.P.A.A.' -- likely North York Pilipino/Pinoy Athletic Association, matches the Phoenix League 'North York Aquila",,,,,"league-harvest,tier3-search",2,2,,,North York Aquilas,https://www.instagram.com/northyorkaquilas/,yes,yes,canadian-tld,2026-07,,youth,
North York Lions,Ontario,North York,source,Toronto,pbaa.ca,info@pbaa.ca,1-888-489-6441,NPH Showcase; NPH-SL; OBL,,,,,,,,,,,,,,"census-2026-07,obl-teams,ontario-circuit-list,ontario-csv",4,4,,yes,North York Lions | North York Lions (PBAA),ontario census + enrichment 2026-07-18,yes,yes,canadian-tld,2026-07,,youth,
North York Pinoy Athletic Association (North York Aquilas),Ontario,,,Toronto Region,https://www.nypaa.ca/index.html,,,OBL/OBA (affiliated),,43.7810253,-79.4469188,,,,FB @NYPAA,,,,,,,"oba-kml,website-scrape",2,2,yes,,North York Pinoy Athletic Association (North York Aquilas),https://www.google.com/maps/d/kml?mid=1jf36n-Sx3O1KSIlSjRcGu-JABLNcyUgo&forcekml=1,,yes,website-from-governing-body,2026-07,,youth,
Northern Hoops,Ontario,,,,,,,Phoenix League,,,,,,,,,,,,,,league-harvest,1,1,,,Northern Hoops,https://basketball.exposureevents.com/264611/phoenix-basketball-spring-league-2026/teams,,,no-website,2025-26,,youth,no-contact-unverified
Northern Kings,Ontario,,,Toronto Region,https://kingnationbasketball.com/,contact@kingnationbasketball.com,,OBL/OBA (affiliated),,43.650439,-79.3898897,,,,,,,,,,,"oba-kml,website-scrape",2,2,yes,,Northern Kings,https://www.google.com/maps/d/kml?mid=1jf36n-Sx3O1KSIlSjRcGu-JABLNcyUgo&forcekml=1,yes,yes,website-from-governing-body,2026-07,,youth,
"Northumberland Minor Basketball Association (formerly Lakeshore Minor Basketball Association, rebranded 2022)",Ontario,Cobourg (house league Saturdays at Cobourg Collegiate Institute),source,,https://www.northumberlandbasketball.ca/,,7804268681,,"house league U10/U12/U14/U18, county-wide (Northumberland County), 20+ years running",43.9599054,-78.165509,,ChIJMejV6KfF1YkRuxSXg6U4iK0,APPROXIMATE,FB @lmba2k,,,,,"Cobourg, ON, Canada",,"gap-fill,geocode,website-scrape",3,4,,,"Northumberland Minor Basketball Association | Northumberland Minor Basketball Association (formerly Lakeshore Minor Basketball Association, rebranded 2022)",https://maps.googleapis.com/maps/api/geocode/json,yes,yes,canadian-tld,2026-07,,youth,
Norwood Stars,Ontario,ON,source,GTA,,norwoodstarsbasketball@gmail.com,,NPH Showcase; NPH-SL,,,,,,,,,,,,,,"census-2026-07,ontario-circuit-list,ontario-csv",3,3,,,Norwood Stars,ontario census + enrichment 2026-07-18,yes,,no-website,2026-07,,youth,
Nova Stars Elite,Ontario,,,GTA,forms.gle/iDvhsbGGs38zYVac9 (registration form),,,NPH Showcase,,,,,,,Instagram @novastarselite,,"Bio: 'The GTA's #1' development program, REP/AAU/Skill Training/Camps. Affiliate: @nseselect. No email/phone in bio.",,,,,"census-2026-07,ontario-csv,tier3-search",3,3,,,Nova Stars Elite,ontario census + enrichment 2026-07-18,,,unverified-single-source-non-ca,2026-07,,youth,
NRBA (Niagara Regional BA),Ontario,Niagara ON,source,,,,,Coalition,,,,,,,,,,,,,,"contact-enrichment,ontario-circuit-list",2,2,,,NRBA | NRBA (Niagara Regional BA),,,,no-website,2026-07,,youth,
NSE Select Academy,Ontario,,,,,,,NJC,,,,,,,Instagram @nseselect,,"MODERATE CONFIDENCE: @nseselect is listed as an 'Affiliate' in Nova Stars Elite's (@novastarselite, GTA) Instagram bio, and both accounts share the same registration Google Form link (forms.gle/iDvhsb",,,,,"contact-enrichment,ontario-circuit-list,tier3-search",3,3,,,NSE Select Academy,https://www.instagram.com/nseselect/,,,no-website,2026-07,,youth,
NuStep Basketball,Ontario,,,Toronto Region,https://nustepbasketball.ca/,,,OBL/OBA (affiliated),,43.645672,-79.3740249,,,,,,,,,,,oba-kml,1,1,yes,,NuStep Basketball,https://www.google.com/maps/d/kml?mid=1jf36n-Sx3O1KSIlSjRcGu-JABLNcyUgo&forcekml=1,,yes,website-from-governing-body,2026-07,,youth,
Oakville Anchors,Ontario,Oakville,source,,,,,Hoop City Basketball Spring/Summer League 2026,,,,,,,,,,,,,,browser-sweep,1,1,,,Oakville Anchors,https://www.tourneymachine.com/Public/Results/Division.aspx?IDTournament=h2026050420140144611ffbead9d704f&IDDivision=h202605042014014475d82cfbbd1f848,,,no-website,2026,,youth,
Oakville Basketball Club (Venom),Ontario,Oakville,source,Peel-Halton,https://www.oakvillebasketball.com/,admin@oakvillebasketball.com,(905) 469-1855,OBL/OBA (affiliated); SR Rep); Toronto Big League (JR Rep,community,43.48279,-79.6954609,,,,,,,,,,,"browser-sweep,census-2026-07,community-sweep,oba-kml,ontario-csv",5,5,yes,,OBC | Oakville Basketball Club (OBC) | Oakville Basketball Club (Venom),https://www.google.com/maps/d/kml?mid=1jf36n-Sx3O1KSIlSjRcGu-JABLNcyUgo&forcekml=1,yes,yes,website-from-governing-body,2026-07,,youth,
Oakville Panthers,Ontario,Oakville,source,Halton,https://www.oakvillepanthers.com/,chad@oakvillepanthers.com,647-405-2423,NPH Showcase; NPH-SL; Phoenix League,,,,,,,,,,,,,,"census-2026-07,league-harvest,ontario-circuit-list,ontario-csv",4,4,,,Oakville Panthers,ontario census + enrichment 2026-07-18,yes,yes,website-corroborated,2026-07,,youth,
Oakville Prep,Ontario,Oakville,source,Halton,,,,NJC,,,,,,,,,,,,,,"census-2026-07,ontario-csv",2,2,,,Oakville Prep,ontario census + enrichment 2026-07-18,,,no-website,2026-07,,youth,
Oakville Recreational Basketball League (ORBL),Ontario,Oakville,source,,http://oakvillerecleagues.ca/,orbl@oakville.ca,,,,,,,,,,,,,"Oakville Trafalgar Community Centre, 325 Renyolds St, Oakville, ON",,,211-cioc,1,1,,,Oakville Recreational Basketball League (ORBL),https://211ontario.ca/service/97498704/oakville-recreation-and-culture-oakville-recreational-leagues/,yes,yes,website-from-governing-body,2026-07,,adult,
Oakville Senior Ladies Basketball League,Ontario,Oakville,source,,http://leaguelineup.com/OSLBL,oslbl@outlook.com,905-981-0079,,,,,,,,,Kendra & Erin (League Organizers),,,,,,"211-cioc,municipal-directory",2,2,,,Oakville Senior Ladies Basketball League,https://211ontario.ca/service/97500245/oakville-senior-ladies-basketball-league-oakville-senior-ladies-basketball-league/,yes,yes,website-from-governing-body,2026-07,,adult,
Oakville Vytis Basketball Association,Ontario,Oakville ON,source,Peel-Halton,https://www.vytis.ca/,,,JUEL; NPH-SL; OBL; OBL/OBA (affiliated),,43.449276,-79.7003705,,,,IG @oakvillevytis,,No email/phone; contact section is a web form only.,,,,Vic Juzenas (Founder),"contact-enrichment,oba-kml,obl-teams,ontario-circuit-list,tier3-search,website-scrape",6,6,yes,yes,Oakville Vytis | Oakville Vytis Basketball Association,https://www.google.com/maps/d/kml?mid=1jf36n-Sx3O1KSIlSjRcGu-JABLNcyUgo&forcekml=1,,yes,website-from-governing-body,2026-07,,youth,
ONL,Ontario,unconfirmed abbreviation,source,,,,,EOBA (Eastern Ontario Basketball Association); EOBA Competitive Season 2025-26; OBL,,,,,,,,,,,,,,"browser-sweep,league-harvest,obl-teams",3,3,,yes,ONL | ONL - El Sidani,https://tournaments-api.teamsnap.com/public/events/45924/participants,,,no-website,2026-07,,youth,looks-like-abbreviation
ONL-X (Ottawa Next Level),Ontario,Ottawa (Kanata) ON,source,GTA,onlxbasketball.com,onlxdirector@gmail.com,613-316-5668,NJC; NPH Showcase; NPH-D1; NPH-SL; NSC,,,,,,,IG @onlx_basketball,,,,,,David DeAveiro (Founder),"census-2026-07,contact-enrichment,ontario-circuit-list,ontario-csv",4,4,,,ONL-X (Ottawa Next Level) | ONL-X Basketball,ontario census + enrichment 2026-07-18,yes,yes,website-corroborated,2026-07,,youth,
Ontario Elite Basketball,Ontario,Ajax ON,source,,ontarioelite.com,play@ontarioelite.com,437-562-1901,OBL,,,,,,,IG (linked),,,,,,,"contact-enrichment,obl-teams,ontario-circuit-list",3,3,,yes,Ontario Elite | Ontario Elite Basketball,https://basketball.on.ca/competitions/obl/ontario-basketball-league-schedule-2/,yes,,unverified-single-source-non-ca,2026-07,,youth,
Orangeville Hawks,Ontario,Orangeville,source,Peel-Halton,https://orangevillehawks.ca/,orangevillehawksbasketball@gmail.com,,OBL; OBL/OBA (affiliated),,43.9224717,-80.1131091,,,,FB @hawksoville; FB @orangevillehawks; IG @orangevillehawks,,,,,,,"oba-kml,obl-teams,website-scrape",3,3,yes,yes,Orangeville Hawks,https://www.google.com/maps/d/kml?mid=1jf36n-Sx3O1KSIlSjRcGu-JABLNcyUgo&forcekml=1,yes,yes,website-from-governing-body,2026-07,,youth,
Orangeville Prep,Ontario,Orangeville,source,Dufferin,orangevilleprep.com,info@orangevilleprep.com,519-940-3735,NSC; OSBA,,,,,,,,,,,,,,"census-2026-07,ontario-circuit-list,ontario-csv",3,4,,,Orangeville Prep | Orangeville Prep (Athlete Institute) — Varsity | Orangeville Prep / Varsity (Athlete Institute),ontario census + enrichment 2026-07-18,yes,yes,website-corroborated,2026-07,,youth,
Orillia Lakers,Ontario,Orillia,source,,,vicepresident@orillialakers.com,,NPH-SL; OBL,,,,,,,,,,,,,,"obl-teams,ontario-circuit-list",2,4,,yes,Orillia Lakers | Orillia Lakers - Thomson 1 | Orillia Lakers - Thomson 2,https://basketball.on.ca/competitions/obl/ontario-basketball-league-schedule-2/,yes,,no-website,2026-07,,youth,
Orillia Youth Basketball Association (Lakers),Ontario,Orillia,source,North Region,http://orillialakers.com/,,,OBL/OBA (affiliated),house-league,44.6098223,-79.4185449,,,,FB @orillialakersyouthbasketball; IG @orillialakers,,"Site has an ""Email Us"" contact-form link, not a direct address; no phone found.",,,,,"community-sweep,gap-fill,municipal-directory,oba-kml,tier3-search,website-scrape",6,8,yes,,Orillia Lakers Youth Basketball Association/Club | Orillia Youth Basketball Association | Orillia Youth Basketball Association (Lakers) | Orillia Youth Basketball Association (Orillia Lakers),https://www.google.com/maps/d/kml?mid=1jf36n-Sx3O1KSIlSjRcGu-JABLNcyUgo&forcekml=1,,yes,website-from-governing-body,2026-07,,youth,
Orion Basketball,Ontario,London,source,West Region,https://www.orionbasketball.com/,,,OBL/OBA (affiliated),house-league,43.0339133,-81.2959632,,,,FB @Orion-Basketball-674878476221006; IG @londonorionbasketball,,,,,,,"census-2026-07,community-sweep,oba-kml,ontario-csv,website-scrape",5,5,yes,,Orion Basketball,https://www.google.com/maps/d/kml?mid=1jf36n-Sx3O1KSIlSjRcGu-JABLNcyUgo&forcekml=1,,yes,website-from-governing-body,2026-07,,youth,
Oshawa Basketball Association,Ontario,Oshawa,source,Durham-York,https://oshawabasketball.ca/home,info@oshawabasketball.com,416-453-1319,OBL/OBA (affiliated),house-league,43.8586329,-78.8828473,,,,,,,,,,,"community-sweep,municipal-directory,oba-kml",3,3,yes,,Oshawa Basketball Association | Oshawa Basketball Association (OBA),https://www.google.com/maps/d/kml?mid=1jf36n-Sx3O1KSIlSjRcGu-JABLNcyUgo&forcekml=1,yes,yes,website-from-governing-body,2026-07,,youth,
Ottawa Capitals,Ontario,Ottawa,source,,,,,JUEL; JUEL / JUEL Prep,,,,,,,,,,,,,,"league-harvest,ontario-circuit-list",2,2,,,Ottawa Capitals,https://leagues.teamlinkt.com/ocj/275131 ; http://capitalregionjuel.goalline.ca/,,,no-website,2026-07,,youth,
Ottawa Capitals JUEL,Ontario,Ottawa ON,source,,ottawacapitalsjuel.com,capitalregionjuel@gmail.com,,,,,,,,,IG @ottawacapitalsjuel,,,,,,Dean Petridis (Dir. Basketball Ops),"contact-enrichment,website-scrape",2,2,,,Ottawa Capitals JUEL,https://ottawacapitalsjuel.com,yes,yes,website-corroborated,2026-07,,youth,
Ottawa Elite,Ontario,Ottawa,source,Capital-Kingston,http://ottawaelite.org/,oybaottawaelite@gmail.com,,CYBL (Canadian Youth Basketball League); EOBA Competitive Season 2025-26; NPH-D1; NPH-SL; NSC; OBL/OBA (affiliated),,45.3873533,-75.7342243,,,,IG @ottawa_elite,,,,,,(Board),"browser-sweep,census-2026-07,contact-enrichment,league-harvest,oba-kml,ontario-circuit-list,ontario-csv,website-scrape",8,8,yes,,Ottawa Elite | Ottawa Elite (OYBA),https://www.google.com/maps/d/kml?mid=1jf36n-Sx3O1KSIlSjRcGu-JABLNcyUgo&forcekml=1,yes,yes,website-corroborated,2026-07,,youth,
Ottawa Herd Valley,Ontario,Ottawa Valley area (inferred from name),source,,,,,Toronto Big League (SR Rep),,45.5002279,-76.1000376,K0A 3M0,ChIJ97OCPO_x0UwRTLpSoc6potU,APPROXIMATE,,,,,,"Ottawa Valley, Ottawa, ON K0A 3M0, Canada",,"browser-sweep,geocode",2,2,,,Ottawa Herd Valley,https://maps.googleapis.com/maps/api/geocode/json,,,no-website,2026-07,,youth,
Ottawa Prospects,Ontario,Ottawa ON,source,,,,,NPH-SL,,,,,,,IG @ottawaprospects,,Confirmed as a Supreme-division team in the National Capital Hoops Circuit (Ottawa). Team profile page exists but blocks automated fetch (403); no email/phone located beyond the IG handle already know,,,,,"contact-enrichment,ontario-circuit-list,tier3-search",3,3,,,Ottawa Prospects,https://www.natcaphoops.com/teams/6c10370d-0636-4ea9-8661-c86daaa67976,,,no-website,2026-07,,youth,
Ottawa Shooting Stars,Ontario,Ottawa,source,Capital-Kingston,https://ottawashootingstars.com/,info@ottawashootingstars.com,,EOBA (Eastern Ontario Basketball Association); EOBA Competitive Season 2025-26; OBL/OBA (affiliated),community,45.3873533,-75.7342243,,,,FB @OttawaShootingStars; IG @ottawashootingstars,,,,,,,"browser-sweep,community-sweep,league-harvest,oba-kml,website-scrape",5,5,yes,,Ottawa Shooting Stars | Ottawa Shooting Stars (OSS),https://www.google.com/maps/d/kml?mid=1jf36n-Sx3O1KSIlSjRcGu-JABLNcyUgo&forcekml=1,yes,yes,website-from-governing-body,2026-07,,youth,
Ottawa South Basketball Association,Ontario,Ottawa (South),source,Capital-Kingston,https://ottawasouthbasketball.ca/,gm@ottawasouthbasketball.ca,,EOBA (Eastern Ontario Basketball Association); EOBA Competitive Season 2025-26; OBL; OBL/OBA (affiliated),house-league,45.3546988,-75.6508464,,,,FB @OttawaSouthBasketballAssociation; IG @ottawasouthbasketball,,,,,,,"browser-sweep,community-sweep,league-harvest,oba-kml,obl-teams,website-scrape",6,6,yes,yes,OSBA (Ottawa South Basketball Association) | Ottawa South | Ottawa South Basketball Association | Ottawa South Basketball Association (OSBA / OSS) | Ottawa South Basketball Association (OSBA),https://www.google.com/maps/d/kml?mid=1jf36n-Sx3O1KSIlSjRcGu-JABLNcyUgo&forcekml=1,yes,yes,website-from-governing-body,2026-07,,youth,
Ottawa-Carleton Wheelchair Sports Association,Ontario,Ottawa,source,,https://ocwsa.wordpress.com/,ocwsa.info@gmail.com,,,,,,,,,FB @OCWSA; FB @WordPresscom,,,,,,,"211-cioc,website-scrape",2,2,,,Ottawa-Carleton Wheelchair Sports Association,https://211ontario.ca/service/68973484/ottawa-carleton-wheelchair-sports-association-ottawa-carleton-wheelchair-sports-association/,yes,yes,website-from-governing-body,2026-07,,youth,
Overcomers,Ontario,,,,,,,EOBA Competitive Season 2025-26,,,,,,,,,,,,,,browser-sweep,1,1,,,Overcomers,https://tournaments-api.teamsnap.com/public/events/45924/participants,,,no-website,2025-26,,youth,
Owen Sound Minor Basketball,Ontario,Owen Sound,source,North Region,https://www.facebook.com/owensoundminorbasketball,,,OBL/OBA (affiliated),"minor sports registration program, part of city's fall/winter minor sports",44.5625465,-80.9499743,,ChIJESNUhYf7KYgRA08xh5wzyIk,APPROXIMATE,https://www.facebook.com/owensoundminorbasketball ; https://www.instagram.com/owensoundminorbasketball/,,"No independent email or phone found. City of Owen Sound recreation department's general line (519-376-1440) surfaced in search but is a municipal switchboard, not the club's own contact, so excluded.",,,"Owen Sound, ON, Canada",,"gap-fill,geocode,oba-kml,tier3-search",4,4,yes,,Owen Sound Minor Basketball | Owen Sound Minor Basketball (Owen Sound Bayhawks Basketball),https://www.google.com/maps/d/kml?mid=1jf36n-Sx3O1KSIlSjRcGu-JABLNcyUgo&forcekml=1,,yes,website-from-governing-body,2026-07,,youth,
Oxford Attack,Ontario,,,West Region,https://oxfordattackbasketball.ca/,padfieldt@gmail.com,,OBL; OBL/OBA (affiliated),,43.1163868,-80.7375519,,,,FB @OxfordAttackBasketball; IG @oxfordattack,,,,,,,"oba-kml,obl-teams,website-scrape",3,3,yes,yes,Oxford Attack,https://www.google.com/maps/d/kml?mid=1jf36n-Sx3O1KSIlSjRcGu-JABLNcyUgo&forcekml=1,yes,yes,website-from-governing-body,2026-07,,youth,
P13 Academy,Ontario,,,,,,,Hoop City Basketball League,,,,,,,,,,,,,,league-harvest,1,1,,,P13 Academy,https://www.instagram.com/hcbleague/ (mentioned in U12 content),,,no-website,2026,,youth,no-contact-unverified;short-name-single-league-source
Parry Sound Stingers,Ontario,Parry Sound,source,North Region,http://www.stingersbasketball.com/,stingersbasketball99@gmail.com,,OBL; OBL/OBA (affiliated),,45.3607015,-79.8891956,,ChIJfzVNFIu6K00RECgjxyh7AwU,APPROXIMATE,FB @psstingersbasketballclub; IG @stingersbasketball,,,,,"Parry Sound, ON, Canada",,"geocode,oba-kml,obl-teams,website-scrape",4,4,yes,yes,Parry Sound Stingers,https://www.google.com/maps/d/kml?mid=1jf36n-Sx3O1KSIlSjRcGu-JABLNcyUgo&forcekml=1,yes,yes,website-from-governing-body,2026-07,,youth,
PDM Basketball,Ontario,Oakville,source,Peel-Halton,https://pdmbasketball.com/,admin@pdmbasketball.com,(647) 637-3859,NPH Showcase; NPH-D1; NPH-SL; OBL; OBL/OBA (affiliated),,43.4223045,-79.7037018,,,,,,,,,,,"census-2026-07,oba-kml,obl-teams,ontario-circuit-list,ontario-csv",5,5,yes,yes,PDM Basketball,https://www.google.com/maps/d/kml?mid=1jf36n-Sx3O1KSIlSjRcGu-JABLNcyUgo&forcekml=1,yes,yes,website-from-governing-body,2026-07,,youth,
Peel Elite,Ontario,Mississauga/Brampton,source,Peel,peel-elite-basketball-monstars.com,peelelite.basketball@gmail.com,647-914-6871,NPH Showcase; Phoenix League,,,,,,,,,,,,,,"census-2026-07,league-harvest,ontario-csv",3,3,,,Peel Elite,ontario census + enrichment 2026-07-18,yes,yes,website-corroborated,2026-07,,youth,
Pelham Panthers,Ontario,Pelham,source,Hamilton-Niagara,https://www.pelhambasketball.ca/,ppba.registrar@gmail.com,(905) 732-7655,Coalition; JUEL; JUEL / JUEL Prep; NPH Showcase; OBL; OBL/OBA (affiliated); Phoenix League,community,43.0824327,-79.2803499,,,,FB Pelham Panthers Basketball,,Fax on file: 905-732-2912. Registrar email confirmed directly on club contact page; phone from 211 Ontario directory listing.,,,,Andrea Hurley (Registrar),"census-2026-07,community-sweep,contact-enrichment,league-harvest,oba-kml,obl-teams,ontario-circuit-list,ontario-csv,tier3-search",9,29,yes,yes,Pelham | Pelham Panthers | Pelham Panthers (Niagara franchise) | Pelham Panthers - Team Addy | Pelham Panthers - Team Allen | Pelham Panthers - Team Birrell | Pelham Panthers - Team Davies | Pelham Panthers - Team Dudley | Pelham Panthers - Team Feor | Pelham Panthers - Team Hales | Pelham Panthers - Team Ingribelli | Pelham Panthers - Team Kissi | Pelham Panthers - Team Kobe | Pelham Panthers - Team Kroeker | Pelham Panthers - Team Luciani | Pelham Panthers - Team Newton | Pelham Panthers - Team Piekny | Pelham Panthers - Team Policella | Pelham Panthers - Team Sanecki | Pelham Panthers - Team Shy | Pelham Panthers - Team Stewart | Pelham Panthers BA | Pelham Panthers Basketball Association,https://www.google.com/maps/d/kml?mid=1jf36n-Sx3O1KSIlSjRcGu-JABLNcyUgo&forcekml=1,yes,yes,website-from-governing-body,2026-07,,youth,
Penetanguishene-Midland Basketball Association,Ontario,Penetanguishene,inferred-from-name,North Region,https://www.pmbabasketball.com/,pmbabasketball@gmail.com,,OBL/OBA (affiliated),,44.7783237,-79.9188957,,ChIJkw2uBuPbKk0R2QeLhlIU6YM,APPROXIMATE,,,"Direct site fetch fails with a connection error on every attempt. Email confirmed via search engine index of the site's own contact page text. Locations: 425 Robert Street, Midland ON and 51 Dunlop St",,,"Penetanguishene, ON, Canada",,"geocode,oba-kml,tier3-search",3,3,yes,,Penetanguishene-Midland Basketball Association,https://www.google.com/maps/d/kml?mid=1jf36n-Sx3O1KSIlSjRcGu-JABLNcyUgo&forcekml=1,yes,yes,website-from-governing-body,2026-07,,youth,
Peneteng Midland Basketball Association,Ontario,Midlan,source,,https://jr-nba.webflow.io/programs/peneteng-midland-basketball-association-fall,,705-720-0601,Jr. NBA Canada; Jr. NBA/Jr. WNBA Canada,,44.74972409999999,-79.88884469999999,,ChIJeygpwA_bKk0RhboKjm_ir94,APPROXIMATE,,,,,,"Midland, ON, Canada",,"browser-sweep,geocode,jrnba-2019",3,3,,,Peneteng Midland Basketball Association,https://maps.googleapis.com/maps/api/geocode/json,yes,,unverified-single-source-non-ca,2026-07,,youth,
Peterborough City Basketball Club,Ontario,Peterborough,source,,https://www.peterboroughcitybasketball.com,info@peterboroughcitybasketball.com,,,,,,,,,FB @pborobasketball; IG @peterboroughcitybasketball,,,,,,,"municipal-directory,website-scrape",2,2,,,Peterborough City Basketball Club,https://www.peterboroughcitybasketball.com/about-the-club,yes,yes,website-from-governing-body,2026-07,,youth,
Peterborough Youth Basketball Association,Ontario,Peterborough,source,Durham-York,https://www.pyba.ca/,operations.pyba@gmail.com,,OBL/OBA (affiliated),,44.3021376,-78.3198987,,,,,,,,,,,"municipal-directory,oba-kml",2,2,yes,,Peterborough Youth Basketball Association | Peterborough Youth Basketball Association (PYBA),https://www.google.com/maps/d/kml?mid=1jf36n-Sx3O1KSIlSjRcGu-JABLNcyUgo&forcekml=1,yes,yes,website-from-governing-body,2026-07,,youth,
Philippine Basketball Association of Ottawa,Ontario,Ottawa,inferred-from-name,Capital-Kingston,,,,OBL/OBA (affiliated),,45.3743054,-75.6050766,,,,,,,,,,,oba-kml,1,1,yes,,Philippine Basketball Association of Ottawa,https://www.google.com/maps/d/kml?mid=1jf36n-Sx3O1KSIlSjRcGu-JABLNcyUgo&forcekml=1,,,no-website,2026-07,,youth,
Phillips Basketball & Academics Academy (North York Lions),Ontario,,,Toronto Region,http://www.pbaa.ca/,info@pbaa.ca,,OBL/OBA (affiliated),,43.7615377,-79.4110794,,,,FB @PBAAca; IG @pbaalions,,,,,,,"oba-kml,website-scrape",2,2,yes,,Phillips Basketball & Academics Academy (North York Lions),https://www.google.com/maps/d/kml?mid=1jf36n-Sx3O1KSIlSjRcGu-JABLNcyUgo&forcekml=1,yes,yes,website-from-governing-body,2026-07,,youth,
Phoenix Elite Basketball / Phoenix Elite / PHNX Elite / Phx Elite,Ontario,"Toronto (Hoop Dome, 75 Carl Hall Rd)",source,,,,,Phoenix League,,,,,,,Instagram @phx_elitebasketball,,"IMPORTANT: phxbasketball1@gmail.com / 647-764-6473 found in search results belongs to the 'Phoenix (Basketball) League' event organizer at Hoop Dome, not confirmed as this specific AAU club's own cont",,,,,"league-harvest,tier3-search",2,2,,,Phoenix Elite Basketball / Phoenix Elite / PHNX Elite / Phx Elite,https://www.instagram.com/phx_elitebasketball/?hl=en,,,no-website,2026-07,,youth,
Pine Ridge SS,Ontario,Pickering,source,Durham,https://pineridgess.ddsb.ca/,pineridgess@ddsb.ca,905-420-1885,NJC; NSC,,,,,,,,,,,,,,"census-2026-07,ontario-csv",2,2,,,Pine Ridge SS,ontario census + enrichment 2026-07-18,yes,yes,canadian-tld,2026-07,,youth,
Point 36,Ontario,,,Durham-York,,,,OBL/OBA (affiliated),,44.025183,-79.4189098,,,,,,,,,,,oba-kml,1,1,yes,,Point 36,https://www.google.com/maps/d/kml?mid=1jf36n-Sx3O1KSIlSjRcGu-JABLNcyUgo&forcekml=1,,,no-website,2026-07,,youth,
Polaris Prep,Ontario,Burlington,source,GTA,https://polarisprep.com/,polarisprepacademy@gmail.com,,NPA; NPH-D1; OSBA,,,,,,,IG @polarisprepmbb,,,,,,,"census-2026-07,ontario-circuit-list,ontario-csv,website-scrape",4,4,,,Polaris Prep,ontario census + enrichment 2026-07-18,yes,yes,website-corroborated,2026-07,,youth,
Port Colborne Youth Basketball,Ontario,Port Colborne,source,Hamilton-Niagara,https://portcolbornebasketball.com/,barclaywalker7@gmail.com,905-380-6644,Jr. NBA Canada; Jr. NBA/Jr. WNBA Canada; OBL/OBA (affiliated),,42.8862816,-79.2598051,,ChIJCaJsxCUx04kRELrsWW7nIoI,APPROXIMATE,,,,,,"Port Colborne, ON, Canada",,"browser-sweep,geocode,jrnba-2019,oba-kml",4,4,yes,,Port Colborne Youth Basketball,https://www.google.com/maps/d/kml?mid=1jf36n-Sx3O1KSIlSjRcGu-JABLNcyUgo&forcekml=1,yes,yes,website-from-governing-body,2026-07,,youth,
Prescott Russell Basketball Club,Ontario,unconfirmed abbreviation (possibly Prescott-Russell Basketball Club),source,Capital-Kingston,https://prescottrussellbasketballclub.teamsnapsites.com/,prbcrocketsbball@gmail.com,,EOBA (Eastern Ontario Basketball Association); EOBA Competitive Season 2025-26; OBL/OBA (affiliated),,45.2683916,-75.3068328,,ChIJp_zmTCaJzkwRcHMNbg9yD6M,APPROXIMATE,Facebook facebook.com/rocketsbasketball ; Instagram @prbcrockets,,"Prescott Russell Basketball Club ('the Rockets'), Embrun ON — matches Eastern Ontario / EOBA region. Old site (teamsnapsites.com) now redirects to prbcrockets.ca; both list this email. Mailing address",,,"Prescott and Russell United Counties, ON, Canada",,"browser-sweep,geocode,league-harvest,oba-kml,tier3-search,website-scrape",6,9,yes,,PRBC | Prescott Russell Basketball Club,https://www.google.com/maps/d/kml?mid=1jf36n-Sx3O1KSIlSjRcGu-JABLNcyUgo&forcekml=1,yes,yes,website-from-governing-body,2026-07,,youth,
Prince Edward County Clippers,Ontario,Prince Edward County,source,Capital-Kingston,https://www.countyclippers.ca/,info@countyclippers.ca,,OBL; OBL/OBA (affiliated),,43.9232403,-77.1273034,,ChIJL4LUM-RF00wRHqKNXqg7mqA,APPROXIMATE,FB @countyclippers; IG @countyclippers,,,,,"Prince Edward County, ON, Canada",,"geocode,oba-kml,obl-teams,website-scrape",4,4,yes,yes,Prince Edward County Clippers,https://www.google.com/maps/d/kml?mid=1jf36n-Sx3O1KSIlSjRcGu-JABLNcyUgo&forcekml=1,yes,yes,website-from-governing-body,2026-07,,youth,
Project Excellence,Ontario,Scarborough,source,,,,647-705-0217,NJC; NSC; Toronto Big League (all 4 divisions),,,,,,,,,,,,,,"browser-sweep,ontario-circuit-list",2,2,,,Project Excellence,https://torontobigleague.ca/standings,yes,,no-website,2026-07,,youth,
Prolific Sports Academy (PSA Prep),Ontario,Calgary AB,source,,prolificsportsacademy.com,team@prolificsportsacademy.com,,NPH-D1,,,,,,,,,,,,,,"contact-enrichment,ontario-circuit-list",2,2,,,Prolific Sports Academy | Prolific Sports Academy (PSA Prep),,yes,,unverified-single-source-non-ca,2026-07,,youth,
PSP Community Recreation — Men's & Women's Basketball (CFB Trenton),Ontario,Quinte West (Trenton),source,,,,,,"military-base community recreation league, not confirmed youth-specific",44.1167407,-77.5577349,K8V 1C5,ChIJI4Vlzo091okRfGfiDl8J_8E,ROOFTOP,https://www.facebook.com/PSPRecreationTrenton/,,,,"21 Namao Dr, Trenton, ON K8V 1C5","21 Namao Dr, Quinte West, ON K8V 1C5, Canada",,"gap-fill,geocode,municipal-directory",3,3,,,PSP Community Recreation - Basketball (Men's/Women's) | PSP Community Recreation — Men's & Women's Basketball (CFB Trenton),https://maps.googleapis.com/maps/api/geocode/json,,,no-website,2026-07,,adult,
Quantum Sports Academy,Ontario,,,,qsla.org,info@qsla.ca,4168555572,Toronto Big League (SR Prep),,,,,,,Instagram @quantum_mbb,,"Parent organization is QSLA (Quantum Sports & Learning Association), 950 Dupont St, Toronto, ON M6H 1Z2 — a non-profit basketball/math-literacy program, official MLSE LaunchPad partner, whose basketba",,,,,"browser-sweep,tier3-search",2,2,,,Quantum Sports Academy,https://qsla.org/contact-us/,yes,,unverified-single-source-non-ca,2026-07,,youth,
Raiders Basketball,Ontario,,,GTA,,,,NPH Showcase,,,,,,,,,,,,,,"census-2026-07,ontario-csv",2,2,,,Raiders Basketball,ontario census + enrichment 2026-07-18,,,no-website,2026-07,,youth,
Reach Performance Basketball,Ontario,Etobicoke,source,,https://jr-nba.webflow.io/programs/reach-performance-basketball-fall,info@reachperformance.ca,416-300-2356,Jr. NBA Canada; Jr. NBA/Jr. WNBA Canada,,43.665537,-79.527341,,,,,,,,,,,"browser-sweep,jrnba-2019",2,2,,,Reach Performance Basketball,https://jr-nba.webflow.io/programs/reach-performance-basketball-fall,yes,,unverified-single-source-non-ca,2019-20,yes,youth,
Red Dot Basketball,Ontario,,,,reddotbasketball.ca,,2893803797,Hoop City Basketball Spring/Summer League 2026; Phoenix League,,,,,,,Instagram @reddotbasketball,,"Red Dot Basketball, Markham ON (7B-7634 Woodbine Ave). Likely the same club as the 'Red Dot Basketball' entry in this batch (both Markham-based, same site) — input lists this one under Hoop City Leagu",,,,,"browser-sweep,league-harvest,tier3-search",3,4,,,Red Dot | Red Dot Basketball,https://www.reddotbasketball.ca/contactreddot,yes,yes,canadian-tld,2026-07,,youth,
Red Rush BK,Ontario,,,,,,,CYBL (Canadian Youth Basketball League),,,,,,,,,,,,,,league-harvest,1,1,,,Red Rush BK,https://www.cybl.ca/ (High School division),,,no-website,2025-26,,youth,no-contact-unverified;short-name-single-league-source
Redmond Redhawks OSBA (Father John Redmond CSS),Ontario,Toronto (Etobicoke),source,,https://redmondredhawks.com/,fourpointbasketball@gmail.com,,OSBA,,,,,,,Instagram/X @redmondosba,,"Redmond Redhawks, based at Father John Redmond CSS, 28 Colonel Samuel Smith Park Drive, Etobicoke ON — confirmed OSBA member, matches input. General inquiry email is on the site with instruction to us",,,,Ray Chateau (Program Dir); Warren Williams (HC),"contact-enrichment,ontario-circuit-list,tier3-search,website-scrape",4,5,,,Redmond Basketball (Father John Redmond CSS) | Redmond Redhawks OSBA (Father John Redmond CSS),https://redmondredhawks.com/,yes,yes,website-corroborated,2026-07,,youth,
Remix (Remix Elite / Remix / Remix Onyx / Remix Gold),Ontario,,,,,,,Phoenix League,,,,,,,,,,,,,,league-harvest,1,1,,yes,Remix (Remix Elite / Remix / Remix Onyx / Remix Gold) | Remix (Remix Junior Elite / Remix Varsity / Remix Onyx / Remix Gold),https://basketball.exposureevents.com/264611/phoenix-basketball-spring-league-2026/teams,,,no-website,2025-26,,youth,derived-from-team-name;no-contact-unverified
Retro Elite,Ontario,Oakville/Mississauga/Brampton,source,GTA,https://www.retrobasketballacademy.com,retrobasketballacademy@gmail.com,(647) 904-3420,Hoop City Basketball Spring/Summer League 2026; NPH Showcase; NPH-SL,,,,,,,,,,,,,,"browser-sweep,census-2026-07,ontario-circuit-list,ontario-csv",4,4,,,Retro Elite | Retro Elite (Retro Basketball Academy),ontario census + enrichment 2026-07-18,yes,yes,website-corroborated,2026-07,,youth,
Rexdale Basketball Association,Ontario,Rexdale,source,,https://jr-nba.webflow.io/programs/rexdale-basketball-association-fall,kuljeetnagra0@gmail.com,416-816-2626,Jr. NBA Canada; Jr. NBA/Jr. WNBA Canada,,43.7281335,-79.57461219999999,,ChIJ4ZpjnmY6K4gRXpu9Hi3a2pI,APPROXIMATE,,,,,,"Rexdale, Etobicoke, ON, Canada",,"browser-sweep,geocode,jrnba-2019",3,3,,,Rexdale Basketball Association,https://maps.googleapis.com/maps/api/geocode/json,yes,,unverified-single-source-non-ca,2026-07,,youth,
Richmond Hill Ascend Prep,Ontario,Richmond Hill ON,source,,,,,OSBA,,,,,,,IG @ascend_prep,,Confirmed as an OSBA member academy based in Richmond Hill. IG handle already known from input; X/Twitter handle newly confirmed. No email/phone located.,,,,"Rustom Ahmed (assoc, unconfirmed)","contact-enrichment,ontario-circuit-list,tier3-search",3,3,,,Richmond Hill Ascend Prep,https://x.com/AscendPrep,,,no-website,2026-07,,youth,
Ridley College,Ontario,St. Catharines,source,Niagara,https://www.ridleycollege.com/,admissions@ridleycollege.com,905-684-1889,NPA; NSC; OSBA,,,,,,,,,,,,,,"census-2026-07,ontario-circuit-list,ontario-csv",3,3,,,Ridley College,ontario census + enrichment 2026-07-18,yes,yes,website-corroborated,2026-07,,youth,
Rise Basketball,Ontario,Toronto/GTA,source,GTA,https://www.rise-basketball.com/,,587-899-7473,,,,,,,,,,,,,,,"census-2026-07,ontario-csv",2,2,,,Rise Basketball,ontario census + enrichment 2026-07-18,yes,yes,website-corroborated,2026-07,,youth,
Rise Basketball (Rise Fitness and Sports Training),Ontario,Vernon,source,BC Interior — Okanagan,https://rise-fast.com/rise-basketball,kyle@rise-fast.com,250-540-5075,,private academy,43.6548253,-79.388447,,ChIJpTvG15DL1IkRd8S0KlBVNTI,APPROXIMATE,,,,,,"Toronto, ON, Canada",,"census-2026-07,geocode",2,4,,,Rise Basketball | Rise Basketball (Rise Fitness and Sports Training),https://maps.googleapis.com/maps/api/geocode/json,yes,,unverified-single-source-non-ca,2026-07,,youth,
Rise Up Elite,Ontario,,,GTA,,renevillavecer@yahoo.com,,NPH Showcase,,,,,,,,,,,,,,"census-2026-07,ontario-csv",2,2,,,Rise Up Elite,ontario census + enrichment 2026-07-18,yes,,no-website,2026-07,,youth,
RiseUp League,Ontario,Brampton/Vaughan/Markham/Mississauga/Niagara,source,Peel/York,https://www.riseupleague.com/,,,,,,,,,,IG @riseup.leagues,,,,,,,"census-2026-07,ontario-csv,website-scrape",3,3,,,RiseUp League,ontario census + enrichment 2026-07-18,,yes,website-corroborated,2026-07,,youth,
Rising Stars,Ontario,,,,ottawashootingstars.com,info@ottawashootingstars.com,,EOBA Competitive Season 2025-26,,,,,,,FB @OttawaShootingStars; IG @ottawashootingstars,,"'Rising Stars – High Performance (Boys and Girls)' is a program of Ottawa Shooting Stars Basketball; both are explicitly named as EOBA members on the club's own policies page, matching input's EOBA le",,,,,"browser-sweep,tier3-search,website-scrape",3,3,,,Rising Stars,https://ottawashootingstars.com/club-policies/,yes,yes,website-corroborated,2026-07,,youth,
Riverside Falcons,Ontario,,,West Region,http://riversidefalconsbasketball.com/,,,OBL; OBL/OBA (affiliated),,42.306228,-82.9624217,,,,,,No web presence found anywhere - dead domain with no archive history.,dead-or-expired,,,,"oba-kml,obl-teams,tier3-search",3,3,yes,yes,Riverside Falcons,https://www.google.com/maps/d/kml?mid=1jf36n-Sx3O1KSIlSjRcGu-JABLNcyUgo&forcekml=1,,,website-flagged-dead-or-expired,2026-07,,youth,
Rockets,Ontario,,,,prbcrockets.ca,prbcrocketsbball@gmail.com,,EOBA Competitive Season 2025-26,,,,,,,Facebook facebook.com/rocketsbasketball / Instagram @prbcrockets,,"Prescott Russell Basketball Club (PRBC) 'Rockets', Embrun, ON (PO Box 1244, Embrun PO). Confirmed as an EOBA / Ontario Basketball Association member, matching input's 'EOBA Competitive Season 2025-26'",,,,,"browser-sweep,tier3-search,website-scrape",3,3,,,Rockets,https://prescottrussellbasketballclub.teamsnapsites.com/,yes,yes,canadian-tld,2026-07,,youth,
Rothesay Netherwood School,Ontario,Rothesay NB,source,,rns.cc,,506-847-8224,,,,,,,,FB @RNS1877,,,,,,Paul McLellan (Head of School),contact-enrichment,1,1,,,Rothesay Netherwood School,,yes,,unverified-single-source-non-ca,2026-07,,youth,
Royal City Basketball,Ontario,Guelph (inferred -- Guelph's nickname is 'The Royal City'),source,,https://royalcitybasketball.com/rcb22/,info@royalcitybasketball.com,226-332-2255,Hoop City Basketball Spring/Summer League 2026; Phoenix League,,,,,,,Instagram @royalcitybasketballclub ; Facebook facebook.com/royalcitybasketball,Brian Campos (Technical Director),"Royal City Basketball Club, 683 Woolwich St, Guelph ON N1H 3Y8 — matches input's own inference that 'Royal City' = Guelph's nickname. Club also operates programs in Cambridge/Kitchener/Waterloo.",,,,,"browser-sweep,league-harvest,tier3-search",3,4,,,Royal City | Royal City Basketball,https://royalcitybasketball.com/rcb22/,yes,,unverified-single-source-non-ca,2026-07,,youth,
Royal Crown,Ontario,,,,royalcrownschool.com,admissions@royalcrownschool.com,4165190476,JR Rep; SR Prep; SR Rep); Toronto Big League (JR Prep,,,,,,,X/Twitter @royalcrownball,Head Coach Mike De Giorgio (basketball program),"Royal Crown School/Academy, 4620 Finch Ave E, Toronto (Scarborough), ON M1S 4G2 — an OSBA/NPA prep basketball program. Contact given (admissions@) is the school's general line, not a basketball-progra",,,,,"browser-sweep,tier3-search",2,2,,,Royal Crown,https://www.royalcrownschool.com/contact-us,yes,,unverified-single-source-non-ca,2026-07,,youth,
Royal Crown Academic School,Ontario,Scarborough,source,,,admissions@royalcrownschool.com,416-519-0476,NPH-D1; NPH-SL; OSBA,,,,,,,,,,,,,,ontario-circuit-list,1,1,,,Royal Crown Academic School,,yes,,no-website,2026-07,,youth,
Royal Crown School,Ontario,Toronto,source,Toronto,https://www.royalcrownschool.com/,admissions@royalcrownschool.com,416-519-0476,NPA; OSBA,,,,,,,,,,,,,,"census-2026-07,ontario-csv",2,2,,,Royal Crown School,ontario census + enrichment 2026-07-18,yes,yes,website-corroborated,2026-07,,youth,
RSB,Ontario,,,,rsbassociation.ca,rsbelite@gmail.com,2899810564,CYBL (Canadian Youth Basketball League); OBL,,,,,,,Instagram @rsb_elite,,"rsbassociation.ca's own structured data confirms it is a Basketball SportsOrganization linked to Instagram @rsb_elite, corroborating the rsbelite@gmail.com / 289-981-0564 contact found via search. Als",,,,,"league-harvest,obl-teams,tier3-search",3,3,,yes,RISING SUNS BRYAN | RSB,https://www.rsbassociation.ca/,yes,yes,canadian-tld,2026-07,,youth,looks-like-abbreviation
RSB Elite,Ontario,,,Peel-Halton,https://www.rsbassociation.ca/,rsbelite@gmail.com,289-981-0564,NJC; NPH Showcase; OBL/OBA (affiliated),,43.7192939,-79.7170258,,,,,,,,,,,"census-2026-07,oba-kml,ontario-circuit-list,ontario-csv",4,4,yes,,RSB Elite | RSB Elite (RSB Association),https://www.google.com/maps/d/kml?mid=1jf36n-Sx3O1KSIlSjRcGu-JABLNcyUgo&forcekml=1,yes,yes,website-from-governing-body,2026-07,,youth,
RUMI Basketball,Ontario,Oshawa/Whitby/Durham,source,Durham-York,https://www.rumibasketball.com/,,,OBL/OBA (affiliated),,43.945541,-78.8505913,,,,,,,,,,,"census-2026-07,oba-kml,ontario-csv",3,3,yes,,RUMI Basketball | Rumi Basketball Academy,https://www.google.com/maps/d/kml?mid=1jf36n-Sx3O1KSIlSjRcGu-JABLNcyUgo&forcekml=1,,yes,website-from-governing-body,2026-07,,youth,
RUN WITH It (RWI/RWI 519),Ontario,K-W/519 ON,source,,qsla.org/team/rwi-kings/,rwibasketball@gmail.com,4168555572,Hoop City Basketball Spring/Summer League 2026,,,,,,,IG @rwibasketball,,"'RWI Kings' is a team fielded under QSLA (same parent org as 'Quantum Sports Academy' above), competing in Hoop City League (U13/U14) per input. Contact given is the parent org's.",,,,"""Coach Ty""","browser-sweep,contact-enrichment,tier3-search",3,3,,,RUN WITH It (RWI/RWI 519) | RWI,https://qsla.org/team/rwi-kings/,yes,,unverified-single-source-non-ca,2026-07,,youth,
RWI Basketball,Ontario,,,GTA,,rwibasketball@gmail.com,647-641-1518,NPH Showcase,,,,,,,,,,,,,,"census-2026-07,ontario-csv",2,2,,,RWI Basketball,ontario census + enrichment 2026-07-18,yes,,no-website,2026-07,,youth,
RWI519 (RUN WITH It Basketball),Ontario,SW Ontario (519),source,,,rwibasketball@gmail.com,,NJC; NPH-SL; Phoenix League,,,,,,,,,,,,,,"league-harvest,ontario-circuit-list",2,2,,,RWI519 | RWI519 (RUN WITH It Basketball),https://basketball.exposureevents.com/264611/phoenix-basketball-spring-league-2026/teams,yes,,no-website,2026-07,,youth,
SC Academy,Ontario,,,GTA,https://sc-academy.ca,info@sc-academy.ca,,NPH Showcase; Phoenix League,,,,,,,IG @_scacademy,,,,,,,"census-2026-07,league-harvest,ontario-csv,website-scrape",4,4,,,SC Academy,ontario census + enrichment 2026-07-18,yes,yes,canadian-tld,2026-07,,youth,
SC Academy Prep,Ontario,Vaughan/Toronto,source,,,info@sc-academy.ca,,NJC; NPH-D1; NPH-SL; NSC,,,,,,,,,,,,,,ontario-circuit-list,1,1,,,SC Academy Prep,,yes,,no-website,2026-07,,youth,
Scarborough Basketball Association,Ontario,Scarborough,source,Toronto Region,https://sbabasketball.ca/,info@sbablues.ca,(416) 551-7554,Coalition; JUEL; NJC; NSC; OBA; OBL; OBL/OBA (affiliated); ORBL (Ontario Regional Basketball League),house-league,43.7580489,-79.2287812,,,,IG @sbabball,Sam Moncada (President),"CAUTION: this email's domain (copa.ca) does not match the club's own domain (sbabasketball.ca) - it is likely Sam Moncada's personal/work email as captured by a data broker, not a dedicated club addre",,,,Sam Moncada (Pres); Darlene Anstice (ED),"census-2026-07,community-sweep,contact-enrichment,league-harvest,oba-kml,ontario-circuit-list,ontario-csv,tier3-search,website-scrape",9,20,yes,,SBA (Scarborough BA / Blues) | SBA Blues | SBA Premier (Scarborough Basketball Association) | Scarborough Basketball Assn (SBA/Blues) | Scarborough Basketball Association | Scarborough Basketball Association (SBA) | Scarborough Blues | Scarborough Blues (SBA),https://www.google.com/maps/d/kml?mid=1jf36n-Sx3O1KSIlSjRcGu-JABLNcyUgo&forcekml=1,yes,yes,website-from-governing-body,2026-07,,youth,
Scarborough Prep,Ontario,Scarborough,source,Toronto,https://v3prepbasketball.ca/,,647-693-8929,NJC; NSC; OSBA,,,,,,,,,,,,,,"census-2026-07,ontario-csv",2,2,,,Scarborough Prep,ontario census + enrichment 2026-07-18,yes,yes,canadian-tld,2026-07,,youth,
SCI Spartans,Ontario,likely a school,source,,,,,NJC,,,,,,,,,,,,,,ontario-circuit-list,1,1,,,SCI Spartans,,,,no-website,2026-07,,youth,
Serious Basketball,Ontario,,,,,,,CYBL (Canadian Youth Basketball League),,,,,,,,,,,,,,league-harvest,1,1,,,Serious Basketball,https://www.cybl.ca/ (High School division),,,no-website,2025-26,,youth,no-contact-unverified
Shak's World Community Centre (Basketball Programs),Ontario,Barrie,source,,https://www.shaksworld.org/,info@shaksworld.com,705-252-0175,,,,,,,,,,,,"59 Maple Ave, Barrie, ON, L4N 1R8",,,"211-cioc,municipal-directory",2,2,,,Shak's World Community Centre (Basketball Programs) | Shak's World Community Centre — Basketball Programs,https://211ontario.ca/service/92410077/shaks-world-community-centre-basketball-programs/,yes,yes,website-from-governing-body,2026-07,,youth,
Shelbourne Shock,Ontario,,,,,,,Phoenix League,,,,,,,,,,,,,,league-harvest,1,1,,,Shelbourne Shock,https://basketball.exposureevents.com/241500/phoenix-basketball-league-spring-2025/teams,,,no-website,2025-26,,youth,no-contact-unverified
Silver Knights,Ontario,,,,silverknightsbasketball.com,ysskbc@gmail.com,4168951730,Coalition,,,,,,,Facebook York South Silver Knights Basketball Club,,"York South Silver Knights Basketball, Richmond Hill, ON (230 Shaftsbury Ave). Additional emails on file: rbaumgartner@rogers.com, jason.ysskhl@gmail.com. Input's 'Coalition' league affiliation could n",,,,,"ontario-circuit-list,tier3-search",2,2,,,Silver Knights,https://www.silverknightsbasketball.com/contact/,yes,,unverified-single-source-non-ca,2026-07,,youth,
"Silverthorn CI Spartans (SCI, TDSB)",Ontario,Etobicoke ON,source,,schoolweb.tdsb.on.ca/silverthornci,silverthorn@tdsb.on.ca,416-394-7010,,,,,,,,IG @sci_basketball,,,,,,,contact-enrichment,1,1,,,"Silverthorn CI Spartans (SCI, TDSB)",,yes,yes,canadian-tld,2026-07,,youth,
Sisters Keeper Basketball,Ontario,,,GTA,sisterskeeper.ca,,4169108507,NPH Showcase Girls,,,,,,,Instagram @sisterskeeperto / Facebook SistersKeeperto,Coach Cash,"'My Brother's & Sisters Keeper Youth Org', Toronto, ON — girls' basketball development program (NPH Showcase Girls per input). Phone found is a personal coach contact (Coach Cash), used because no clu",,,,,"census-2026-07,ontario-csv,tier3-search",3,3,,,Sisters Keeper Basketball,ontario census + enrichment 2026-07-18,yes,yes,canadian-tld,2026-07,,youth,
Skillz Basketball Lab,Ontario,,,Durham-York,https://skillzbasketballlab.com/,,,OBL/OBA (affiliated),,43.8637074,-79.5536706,,,,,,,,,,,oba-kml,1,1,yes,,Skillz Basketball Lab,https://www.google.com/maps/d/kml?mid=1jf36n-Sx3O1KSIlSjRcGu-JABLNcyUgo&forcekml=1,,yes,website-from-governing-body,2026-07,,youth,
Smith Falls Hawks,Ontario,Smiths Falls,source,,https://leagues.teamlinkt.com/smithsfallsbasketball,smithsfallsstorm@gmail.com,613-978-3829,CYBL (Canadian Youth Basketball League); EOBA (Eastern Ontario Basketball Association),,,,,,,Facebook 'smithsfallsstorm' ; Instagram @sfyouthbasketball,,"CAUTION: 'Smiths Falls Hawks' itself is listed as a team in the Diamond division of the National Capital Hoops Circuit (not confirmed as CYBL, the league in the input). The phone/address/socials repor",,,,,"league-harvest,tier3-search,website-scrape",3,6,,,Smith Falls Hawks | Smiths Falls,https://leagues.teamlinkt.com/smithsfallsbasketball,yes,yes,website-corroborated,2026-07,,youth,
South Muskoka Breakers,Ontario,,,North Region,https://www.breakersbasketball.ca/,smuskokabreakers@gmail.com,,OBL; OBL/OBA (affiliated),,45.0389565,-79.3078787,,,,FB @breakersbball; FB @southmuskokabreakers; IG @southmuskokabreakers,,,,,,,"oba-kml,obl-teams,website-scrape",3,3,yes,yes,South Muskoka Breakers,https://www.google.com/maps/d/kml?mid=1jf36n-Sx3O1KSIlSjRcGu-JABLNcyUgo&forcekml=1,yes,yes,website-from-governing-body,2026-07,,youth,
South Simcoe Basketball Club,Ontario,Innisfil / Bradford West Gwillimbury,source,North Region,http://ssbasketball.ca/,info@ssbasketball.ca,905-716-5339,OBL/OBA (affiliated),"OBA rep + development club, regional coverage model with area coordinator (""Coach Doc"") for New Tecumseth",44.1084435,-79.5850135,L3Z 0J4,ChIJVVWVcgvFKogRDcaqii0FR8M,ROOFTOP,,,"Address 2270 Richardson St, Innisfil, ON L9S 1G6 matches input. No email found; an alternate branded domain (ssbasketball.ca/site) exists but the specific path returned 404.",,"450 Holland Street West, Suite 5-333, Bradford, ON L3Z 0J4 (mailing address per club site); training location also cited elsewhere as 2270 Richardson St, Innisfil, ON L9S 1G6","450 Holland St W Ste 5-333, Bradford, ON L3Z 0J4, Canada",,"gap-fill,geocode,municipal-directory,oba-kml,tier3-search",5,6,yes,,South Simcoe Basketball Club,https://www.google.com/maps/d/kml?mid=1jf36n-Sx3O1KSIlSjRcGu-JABLNcyUgo&forcekml=1,yes,yes,website-from-governing-body,2026-07,,youth,
South Toronto Golden Eagles,Ontario,Toronto,inferred-from-name,Toronto Region,https://www.southtorontobasketball.com/,,647-986-0023,OBL/OBA (affiliated),,43.6015295,-79.5021554,,,,https://www.facebook.com/goldeneaglesbasketball/,,"Input's own domain fails DNS resolution entirely (may be down). Phone confirmed via a business-directory aggregator (allbiz.ca) citing the club directly. Address: 2850 Lake Shore Blvd W #80006, Etobic",,,,,"oba-kml,tier3-search",2,2,yes,,South Toronto Golden Eagles,https://www.google.com/maps/d/kml?mid=1jf36n-Sx3O1KSIlSjRcGu-JABLNcyUgo&forcekml=1,yes,yes,website-from-governing-body,2026-07,,youth,
South Windsor Warriors,Ontario,Windsor,source,West Region,https://www.southwindsorwarriors.com/,info@southwindsorwarriors.com,,OBA; OBL/OBA (affiliated),community,42.2171219,-83.067681,,,,,,,,,,,"census-2026-07,community-sweep,oba-kml,ontario-csv",4,4,yes,,South Windsor Warriors,https://www.google.com/maps/d/kml?mid=1jf36n-Sx3O1KSIlSjRcGu-JABLNcyUgo&forcekml=1,yes,yes,website-from-governing-body,2026-07,,youth,
Southwest Academy Prep,Ontario,London,source,London,swfacademy.com,coachbarnes@swfacademy.com,,NPH-D1; OSBA,,,,,,,https://www.facebook.com/southwestacademybasketball/,Coach Barnes,"Input domain swfacademy.com fails DNS resolution directly, so this personal/coach address (found via search) could not be re-verified on the live page. No general club email found; the newer southwest",,,,Kevin Barnes (Founder/HC),"census-2026-07,contact-enrichment,ontario-circuit-list,ontario-csv,tier3-search,website-scrape",6,6,,,Southwest Academy | Southwest Academy Prep,ontario census + enrichment 2026-07-18,yes,yes,website-corroborated,2026-07,,youth,
St Judes,Ontario,"likely parish/school-affiliated, name suggests a Catholic parish/school team",source,,,,,JR Rep); SR Prep; Toronto Big League (JR Prep,,,,,,,,,,,,,,browser-sweep,1,1,,,St Judes,https://torontobigleague.ca/standings,,,no-website,2025-26,,youth,
St Michael's College,Ontario,Toronto,source,,,,,CYBL (Canadian Youth Basketball League),,,,,,,,,,,,,,league-harvest,1,1,,,St Michael's College,https://www.cybl.ca/ (High School division),,,no-website,2025-26,,youth,no-contact-unverified
St. Benedicts,Ontario,Kitchener,source,Waterloo,https://stbenedict.wcdsb.ca/,,519-621-4050,NSC,,,,,,,,,,,,,,"census-2026-07,ontario-csv",2,2,,,St. Benedicts,ontario census + enrichment 2026-07-18,yes,yes,canadian-tld,2026-07,,youth,
St. Catharines CYO Rebels,Ontario,St Catharines,source,Hamilton-Niagara,http://cyobball.com/index.html,gerrymcilhone@gmail.com,,OBL; OBL/OBA (affiliated),parish,43.1783397,-79.0673302,,ChIJS1pqu1RQ04kRNygIbGNjdQM,APPROXIMATE,FB @CYOBBALLCOM,Gerry McIlhone; Frank Keltos (frank.keltos@gmail.com),,,Ridley College's Griffith Gym and Field House (program location),"St. Catharines, ON, Canada",,"211-cioc,community-sweep,geocode,municipal-directory,oba-kml,obl-teams,website-scrape",7,7,yes,yes,St Catharines CYO Rebels | St Catharines CYO Rebels Basketball | St. Catharines CYO Basketball (Rebels) | St. Catharines CYO Basketball Association | St. Catharines CYO Rebels,https://www.google.com/maps/d/kml?mid=1jf36n-Sx3O1KSIlSjRcGu-JABLNcyUgo&forcekml=1,yes,yes,website-from-governing-body,2026-07,,youth,
St. Francis,Ontario,St. Catharines,source,Niagara,https://www.stfrancisphoenix.com/,,905-646-2002,NSC,,,,,,,FB @stfphoenix; IG @stfphoenix,,,,,,,"census-2026-07,ontario-csv,website-scrape",3,3,,,St. Francis,ontario census + enrichment 2026-07-18,yes,yes,website-corroborated,2026-07,,youth,
St. Francis Xavier,Ontario,Mississauga,source,Peel,https://stfxs.dpcdsb.org/,st.francisxavierssinfo@dpcdsb.org,905-507-6666,NSC,,,,,,,,,,,,,,"census-2026-07,ontario-csv",2,2,,,St. Francis Xavier,ontario census + enrichment 2026-07-18,yes,yes,website-corroborated,2026-07,,youth,
St. Jude's Basketball,Ontario,,,GTA,www.stjudesacademy.com,admissions@stjudesacademy.ca,(905) 814-0277,NPA; NPH Showcase,,,,,,,,,,,,,,"census-2026-07,ontario-csv",2,2,,,St. Jude's Basketball,ontario census + enrichment 2026-07-18,yes,yes,website-corroborated,2026-07,,youth,
St. Jude's Prep,Ontario,Mississauga,source,,,admissions@stjudesacademy.ca,905-814-0277,NPH-D1; OSBA,,,,,,,,,,,,,,ontario-circuit-list,1,1,,,St. Jude's Prep,,yes,,no-website,2026-07,,youth,
St. Lawrence Lightning (JUEL),Ontario,Brockville/Kingston ON,source,,stlawrencelightning.ca,,,JUEL,,,,,,,IG @stlawrencejuel,,,,,,Jason Reynolds (HC),"contact-enrichment,ontario-circuit-list,website-scrape",3,3,,,St. Lawrence Lightning | St. Lawrence Lightning (JUEL),https://stlawrencelightning.ca,,yes,canadian-tld,2026-07,,youth,
St. Michael's College School,Ontario,Toronto,source,,,info@smcsmail.com,416-653-3180,NPH-D1; NPH-SL; OSBA,,,,,,,,,,,,,,ontario-circuit-list,1,1,,,St. Michael's College School,,yes,,no-website,2026-07,,youth,
St. Thomas Shock,Ontario,St. Thomas,inferred-from-name,West Region,http://www.shockbasketball.com/index.html,amandakoning@aol.com,5197094036,OBL; OBL/OBA (affiliated),,42.753594,-81.1936689,,ChIJRT8C5j9eLogR1jyNvv24Nhc,APPROXIMATE,Instagram @stthomasshock; Facebook facebook.com/stthomasshockbasketball,Amanda Koning (Secretary),Input website http://www.shockbasketball.com/index.html no longer resolves. Live site is now shockbasketball.ca. Contact verified via club's public SportsEngine org listing.,dead-or-expired,,"St Thomas, ON, Canada",,"geocode,oba-kml,obl-teams,tier3-search",4,5,yes,yes,St. Thomas Shock | St. Thomas Shock - G-Elite,https://www.google.com/maps/d/kml?mid=1jf36n-Sx3O1KSIlSjRcGu-JABLNcyUgo&forcekml=1,yes,,website-flagged-dead-or-expired,2026-07,,youth,
STAC Basketball,Ontario,,,Hamilton-Niagara,https://stachamilton.ca/,,,OBL/OBA (affiliated),,43.2384768,-79.801832,,,,,,,,,,,oba-kml,1,1,yes,,STAC Basketball,https://www.google.com/maps/d/kml?mid=1jf36n-Sx3O1KSIlSjRcGu-JABLNcyUgo&forcekml=1,,yes,website-from-governing-body,2026-07,,youth,
Stags,Ontario,,,,miltonstags.com,inquiry@miltonstags.com,2894291114,Coalition,,,,,,,,,"Milton Stags Basketball Club (Milton, ON, 2015 Pan Am Blvd), not-for-profit since the early 2000s, Canada Basketball VERIFIED. Referred to simply as 'Stags' and runs an 'S-Elite' AAU program. Input's",,,,,"ontario-circuit-list,tier3-search",2,2,,,Stags,https://www.miltonstags.com/elite/,yes,,unverified-single-source-non-ca,2026-07,,youth,
Ste Cecile Academy (Windsor),Ontario,Windsor,source,,,info@stececile.ca,519-969-1291,NPH-D1; NSC,,,,,,,,,,,,,,ontario-circuit-list,1,1,,,Ste Cecile Academy (Windsor),,yes,,no-website,2026-07,,youth,
Steel City Slam,Ontario,,,North Region,https://www.steelcityslam.ca/,,,OBL/OBA (affiliated),,46.5197531,-84.3040634,,,,IG @steelcityslam,,,,,,,"oba-kml,website-scrape",2,2,yes,,Steel City Slam,https://www.google.com/maps/d/kml?mid=1jf36n-Sx3O1KSIlSjRcGu-JABLNcyUgo&forcekml=1,,yes,website-from-governing-body,2026-07,,youth,
Stoney Creek Basketball,Ontario,Stoney Creek,source,Hamilton,,,,NPH Showcase,,,,,,,,,,,,,,"census-2026-07,ontario-csv",2,2,,,Stoney Creek Basketball,ontario census + enrichment 2026-07-18,,,no-website,2026-07,,youth,
Stoney Creek NYB,Ontario,Stoney Creek,source,Hamilton-Niagara,https://www.scnyb.com/,,9055232314,CYBL (Canadian Youth Basketball League); OBL/OBA (affiliated),,43.2066387,-79.6533683,,,,Twitter/X @scnyb,,Club is registered as 'Newman Youth Basketball' (NYB); scnyb.com is its public site. No email found.,,,,,"league-harvest,oba-kml,tier3-search",3,3,yes,,Stoney Creek NYB,https://www.google.com/maps/d/kml?mid=1jf36n-Sx3O1KSIlSjRcGu-JABLNcyUgo&forcekml=1,yes,yes,website-from-governing-body,2026-07,,youth,
Stratford Revolution,Ontario,Stratford,source,West Region,https://stratfordbasketball.com/,info@stratfordbasketball.com,,OBL; OBL/OBA (affiliated),community,43.3706708,-80.9792504,,,,FB @StratfordOBA,Tim Doherty (President) - president@stratfordbasketball.com,"Page lists role emails: info@, president@ (Tim Doherty), vphoops@, treasurer@, vptravel@, secretary@, vprevolution@ - all @stratfordbasketball.com. No phone found on page.",,,,,"community-sweep,gap-fill,oba-kml,obl-teams,tier3-search,website-scrape",6,7,yes,yes,Stratford Basketball Association | Stratford Revolution,https://www.google.com/maps/d/kml?mid=1jf36n-Sx3O1KSIlSjRcGu-JABLNcyUgo&forcekml=1,yes,yes,website-from-governing-body,2026-07,,youth,
Strathroy Spirit,Ontario,Strathroy,source,West Region,https://strathroyspirit.com/,strathroyspirit@gmail.com,,OBL/OBA (affiliated),"girls basketball club, OBA member since 1992, house league + OBA competitive travel",42.95542,-81.6232333,,ChIJ49bGqBEEL4gR-NqyjDRHy3s,APPROXIMATE,FB group facebook.com/groups/StrathroySpirit/,Coach Tim Earley,"Email found in structured (schema.org) data on the club's PlaySport directory profile, explicitly tagged to org name 'Strathroy Spirit Basketball'. No phone found anywhere.",,,"Strathroy, Strathroy-Caradoc, ON, Canada",,"gap-fill,geocode,oba-kml,tier3-search",4,5,yes,,Strathroy Spirit | Strathroy Spirit Basketball,https://www.google.com/maps/d/kml?mid=1jf36n-Sx3O1KSIlSjRcGu-JABLNcyUgo&forcekml=1,yes,yes,website-from-governing-body,2026-07,,youth,
Strive Hoops,Ontario,Slave Lake,source,Lesser Slave Lake / Northern Alberta,strivehoops.com,strivehoopslondon@yahoo.com,519-495-3989,NJC; NPH Showcase; Phoenix League,community club (startup),44.5717812,-76.8840548,K0H 2K0,ChIJqw-wuMjn0kwRVWTuFws_WAw,APPROXIMATE,,,,,,"Slave Lake, Stone Mills, ON K0H 2K0, Canada",,"census-2026-07,geocode,league-harvest",3,5,,,Strive Hoops,https://maps.googleapis.com/maps/api/geocode/json,yes,,unverified-single-source-non-ca,2026-07,,youth,
Strive Hoops,Ontario,London,source,GTA,strivehoops.com,strivehoopslondon@yahoo.com,519-495-3989,NJC; NPH Showcase,,,,,,,,,,,,,,"ontario-circuit-list,ontario-csv",2,2,,,Strive Hoops,,yes,,ambiguous-place-single-source-non-ca,2026-07,,youth,
Sudbury Youth Basketball Association (Jam),Ontario,Sudbury,source,North Region,https://www.sudburyjam.com/,sudburyjam@gmail.com,,OBL/OBA (affiliated),community,46.4917317,-80.993029,,,,,,,,,,,"community-sweep,oba-kml",2,2,yes,,Sudbury Youth Basketball Association (Jam) | Sudbury Youth Basketball Association (Sudbury Jam),https://www.google.com/maps/d/kml?mid=1jf36n-Sx3O1KSIlSjRcGu-JABLNcyUgo&forcekml=1,yes,yes,website-from-governing-body,2026-07,,youth,
Tall Pines Academy,Ontario,Brampton,source,,,info@tallpinesschool.com,905-458-6770,CYBL (Canadian Youth Basketball League); NPH-D1; OSBA; Toronto Big League (SR Prep),,,,,,,,,,,,,,"browser-sweep,league-harvest,ontario-circuit-list",3,3,,,Tall Pines Academy,https://torontobigleague.ca/standings,yes,,no-website,2026-07,,youth,
TC Sports,Ontario,,,Durham-York,https://sports.torontochinese.ca/,kids@torontochinese.ca,4164500826,OBL/OBA (affiliated),,43.8301804,-79.4025121,,,,,,,,,,,"oba-kml,website-scrape",2,2,yes,,TC Sports,https://www.google.com/maps/d/kml?mid=1jf36n-Sx3O1KSIlSjRcGu-JABLNcyUgo&forcekml=1,yes,yes,website-from-governing-body,2026-07,,youth,
TCBL Basketball,Ontario,,,Durham-York,https://tcbl.ca/,tcblbasketball@gmail.com,6478785134,OBL/OBA (affiliated),,43.8092926,-79.4193979,,,,FB facebook.com/tcblbasketball; IG instagram.com/tcblbasketball,,"MEDIUM CONFIDENCE: tcbl.ca is a 'Toronto Chinese Basketball League' site built on a JS scheduling platform that our fetch tool could not render past the app shell, so this email/phone was not seen dir",,,,,"oba-kml,tier3-search",2,2,yes,,TCBL Basketball,https://www.google.com/maps/d/kml?mid=1jf36n-Sx3O1KSIlSjRcGu-JABLNcyUgo&forcekml=1,yes,yes,website-from-governing-body,2026-07,,youth,
Team 416,Ontario,Toronto,source,,,,,Phoenix League,,,,,,,,,,,,,,league-harvest,1,1,,,Team 416,https://basketball.exposureevents.com/264611/phoenix-basketball-spring-league-2026/teams,,,no-website,2025-26,,youth,no-contact-unverified;short-name-single-league-source
Team Breakdown Basketball,Ontario,Brampton/Mississauga/Guelph/Caledon,source,Peel-Halton,http://www.breakdownbasketball.ca/,,,CYBL (Canadian Youth Basketball League); OBL/OBA (affiliated),community,43.6842625,-79.7986795,,,,Instagram @teambreakdown1; X/Twitter @TeamBreakdown1,,"Site is a JS single-page app (contact form only, no visible email/phone in static HTML). Facebook page exists (@teambreakdownbrampton) but About section requires login - did not bypass. Recording soci",,,,,"community-sweep,league-harvest,oba-kml,tier3-search",4,4,yes,,Team Breakdown | Team Breakdown Basketball,https://www.google.com/maps/d/kml?mid=1jf36n-Sx3O1KSIlSjRcGu-JABLNcyUgo&forcekml=1,,yes,website-from-governing-body,2026-07,,youth,
Team Compass,Ontario,,,,,,,CYBL (Canadian Youth Basketball League); Phoenix League,,,,,,,,,,,,,,league-harvest,1,2,,,Team Compass,https://www.cybl.ca/ (High School division),,,no-website,2025-26,,youth,no-contact-unverified
Team Iconic,Ontario,,,Toronto Region,https://www.instagram.com/teamiconicbasketball/,,,CYBL (Canadian Youth Basketball League); OBL/OBA (affiliated),,43.8069636,-79.2750655,,,,"IG @teamiconicbasketball (confirmed active, 4,553 followers, bio: 'Team Iconic Basketball | Member of @circuitfuture & @cyblnews')",,"No email or phone in the confirmed IG bio (only a Google Form link). A DIFFERENT account, @teamiconic_basketball (with underscore, ~564-619 followers, email iconicyouthbasketball@gmail.com), surfaced",,,,,"league-harvest,oba-kml,tier3-search,website-scrape",4,4,yes,,Team Iconic,https://www.google.com/maps/d/kml?mid=1jf36n-Sx3O1KSIlSjRcGu-JABLNcyUgo&forcekml=1,,yes,website-from-governing-body,2026-07,,youth,
Team MOBA,Ontario,,,GTA,miltonbasketball.ca,info@miltonbasketball.ca,416-725-8226,NPH Showcase,,,,,,,,,,,,,,"census-2026-07,ontario-csv",2,2,,,Team MOBA,ontario census + enrichment 2026-07-18,yes,yes,canadian-tld,2026-07,,youth,
Team Natty,Ontario,,,,,,,Toronto Big League (JR Rep),,,,,,,,,,,,,,browser-sweep,1,1,,,Team Natty,https://torontobigleague.ca/standings,,,no-website,2025-26,,youth,
Team Sanctuary,Ontario,Scarborough,source,GTA,sanctuarysports.ca,contact@sanctuarysportcenter.ca,416-826-3391,CYBL (Canadian Youth Basketball League); NJC; NPH Showcase,,,,,,,,,,,,,,"census-2026-07,league-harvest,ontario-circuit-list,ontario-csv",4,4,,,Team Sanctuary | Team Sanctuary (Sanctuary Sports),ontario census + enrichment 2026-07-18,yes,yes,canadian-tld,2026-07,,youth,
Team Seven,Ontario,,,,,,,Toronto Big League (SR Rep),,,,,,,,,,,,,,browser-sweep,1,1,,,Team Seven,https://torontobigleague.ca/standings,,,no-website,2025-26,,youth,
Team Truth,Ontario,,,,,teamtruth360@gmail.com,,Phoenix League,,,,,,,"instagram.com/teamtruth360, facebook.com/TeamTruth360",,"Confirmed: 'Team Truth 360', a GTA youth basketball program at Domenico DiLuca C.C., 25 Stanley Rd, Toronto ON M3N 1C2, playing in @obabball (OBA) and Coalition Basketball League. Bio: 'A youth basket",,,,,"league-harvest,tier3-search",2,2,,,Team Truth,https://linktr.ee/teamtruth360,yes,,no-website,2026-07,,youth,
Tecumseh Saints Basketball Association,Ontario,Tecumseh,source,West Region,https://www.tecumsehsaintsbasketball.com/,admin@tecumsehsaintsbasketball.com,,OBL/OBA (affiliated),,42.3117966,-82.8857592,,ChIJJZ0i4HQqO4gRYQeImncyLYc,APPROXIMATE,Facebook @TecumsehSaintsBasketball,,"Page explicitly states they do not give out program details by email/phone, only Facebook. No phone listed anywhere on site.",,,"Tecumseh, ON, Canada",,"geocode,oba-kml,tier3-search,website-scrape",4,4,yes,,Tecumseh Saints Basketball Association,https://www.google.com/maps/d/kml?mid=1jf36n-Sx3O1KSIlSjRcGu-JABLNcyUgo&forcekml=1,yes,yes,website-from-governing-body,2026-07,,youth,
Temiskaming Thunder,Ontario,,,North Region,https://www.temiskamingthunder.ca/,,7055443981,OBL/OBA (affiliated),,47.8310646,-79.8635873,,,,,,,,,,,"oba-kml,website-scrape",2,2,yes,,Temiskaming Thunder,https://www.google.com/maps/d/kml?mid=1jf36n-Sx3O1KSIlSjRcGu-JABLNcyUgo&forcekml=1,yes,yes,website-from-governing-body,2026-07,,youth,
The Basketball Club,Ontario,,,Toronto Region,https://www.thebasketballclub.ca/,thebasketballclubto@gmail.com,,OBL/OBA (affiliated),,43.7210798,-79.5726357,,,,,,Email found directly on homepage; site describes itself as Toronto-based ('a community driven by a shared passion for the game').,,,,,"oba-kml,tier3-search",2,2,yes,,The Basketball Club,https://www.google.com/maps/d/kml?mid=1jf36n-Sx3O1KSIlSjRcGu-JABLNcyUgo&forcekml=1,yes,yes,website-from-governing-body,2026-07,,youth,
The Collective Elite Basketball Association,Ontario,,,Peel-Halton,https://www.thecollectiveelite.ca/,info@thecollectiveelite.ca,,CYBL (Canadian Youth Basketball League); OBL; OBL/OBA (affiliated),,43.7623276,-79.8345764,,,,FB @thecollectiveelite; IG @thecollectiveelite,,"Site footer reads 'BRAMPTON BASKETBALL', consistent with a GTA-area club; site was mid-relaunch ('NEW UPDATED WEBSITE COMING SOON') at time of check but the info@ email link was live on the page. Also",,,,,"league-harvest,oba-kml,obl-teams,tier3-search,website-scrape",5,5,yes,yes,The Collective Elite | The Collective Elite Basketball Association,https://www.google.com/maps/d/kml?mid=1jf36n-Sx3O1KSIlSjRcGu-JABLNcyUgo&forcekml=1,yes,yes,website-from-governing-body,2026-07,,youth,
The Conglomerate,Ontario,NPH SL,source,GTA,https://conglomeratebasketball.com/,,,NPH Showcase; NPH-SL,,,,,,,,,"Website confirmed to exist (a shop/merch page returned content in search results describing 'a dynamic basketball organization... developing athletes... building a strong sports community'), but every",,,,,"census-2026-07,contact-enrichment,ontario-circuit-list,ontario-csv,tier3-search",5,5,,,The Conglomerate,ontario census + enrichment 2026-07-18,,,unverified-single-source-non-ca,2026-07,,youth,
The Conglomerate Unit,Ontario,,,,https://conglomeratebasketball.com,,,Phoenix League,,,,,,,instagram.com/the_conglomerate_unit,,"Instagram bio: 'President of THE CONGLOMERATE UNIT, Coached 14 years! 14 American championships/medals, 64 Canadian' - confirms a Canadian basketball org matching results (BU16 Silver, BU17 runner-up",,,,,"league-harvest,tier3-search",2,2,,yes,The Conglomerate Unit | The Conglomerate Unit (TCU),https://www.instagram.com/the_conglomerate_unit/,,,unverified-single-source-non-ca,2026-07,,youth,
The Performance Group (TPG) Basketball Association,Ontario,Brampton,source,Peel-Halton,http://performancegroupbasketball.com/,thepgba@gmail.com,(647) 501-9805,AAU; CYBL (Canadian Youth Basketball League); OBA; OBL; OBL/OBA (affiliated); Phoenix League,,43.7315479,-79.7624177,,,,IG @tpgbasketball,"Alfred Brown (Co-Founder/President), Elvis Dennis (Co-Founder/Senior Head Coach)","'The Performance Group Basketball Association' (TPG), Brampton, ON. Also reachable via Coach Elvis at 416-875-9324. Matches CYBL/Phoenix League per input.",,,,Alfred Brown (Pres); Elvis Dennis (Sr HC),"census-2026-07,contact-enrichment,league-harvest,oba-kml,obl-teams,ontario-circuit-list,ontario-csv,tier3-search,website-scrape",9,14,yes,yes,TPG | TPG Basketball | The Performance Group | The Performance Group (TPG) | The Performance Group (TPG) Basketball Association | The Performance Group - BLACK | The Performance Group - GOLD | The Performance Group BA (TPG),https://www.google.com/maps/d/kml?mid=1jf36n-Sx3O1KSIlSjRcGu-JABLNcyUgo&forcekml=1,yes,yes,website-from-governing-body,2026-07,,youth,
The Rise Centre,Ontario,Brantford,source,,https://jr-nba.webflow.io/programs/the-rise-centre-fall,jkayeye@therisecentre.com,647-827-2045,Jr. NBA Canada; Jr. NBA/Jr. WNBA Canada,,43.151849,-80.224481,,,,,,,,,,,"browser-sweep,jrnba-2019",2,2,,,The Rise Centre,https://jr-nba.webflow.io/programs/the-rise-centre-fall,yes,,ambiguous-place-single-source-non-ca,2019-20,yes,youth,
Thornhill Basketball Association,Ontario,Thornhill,source,Durham-York,https://thornhillbasketball.ca/,,6475576737,NPH-D1; OBL; OBL/OBA (affiliated); ORBL (Ontario Regional Basketball League),community,43.8172743,-79.4241465,,,,IG @thornhillbball,,,,,,,"community-sweep,contact-enrichment,league-harvest,oba-kml,obl-teams,ontario-circuit-list,website-scrape",7,8,yes,yes,Thornhill Basketball Association | Thornhill Thunder | Thornhill Thunder (Thornhill BA),https://www.google.com/maps/d/kml?mid=1jf36n-Sx3O1KSIlSjRcGu-JABLNcyUgo&forcekml=1,yes,yes,website-from-governing-body,2026-07,,youth,
Thunder Bay Blaze,Ontario,Thunder Bay,source,North Region,https://tbblaze.teamsnapsites.com/,tbayblazebasketball123@gmail.com,,OBL/OBA (affiliated),,48.3907598,-89.2732056,,ChIJjekWTHchWU0RdIsdjzRXBT0,APPROXIMATE,FB @Thunder-Bay-Blaze-Basketball-73467940991; FB @tbayblazeball,,,,,"Thunder Bay, ON, Canada",,"geocode,oba-kml,website-scrape",3,3,yes,,Thunder Bay Blaze,https://www.google.com/maps/d/kml?mid=1jf36n-Sx3O1KSIlSjRcGu-JABLNcyUgo&forcekml=1,yes,yes,website-from-governing-body,2026-07,,youth,
Thunder Bay Jr. Wolves,Ontario,Thunder Bay,inferred-from-name,North Region,https://www.facebook.com/jrwolvestbay/,wolvesclubbasketball@gmail.com,,OBL/OBA (affiliated),,48.3808951,-89.2476823,,ChIJjekWTHchWU0RdIsdjzRXBT0,APPROXIMATE,Instagram @thunderbaywolves; Facebook @tbaywolves (legacy handle in input: facebook.com/jrwolvestbay),,'Jr. Wolves' (input club/handle) and 'Thunder Bay Wolves Basketball Club' (current site branding) appear to be the same continuous organization per CBC News coverage; two independent site sources agre,,,"Thunder Bay, ON, Canada",,"geocode,oba-kml,tier3-search",3,3,yes,,Thunder Bay Jr. Wolves,https://www.google.com/maps/d/kml?mid=1jf36n-Sx3O1KSIlSjRcGu-JABLNcyUgo&forcekml=1,yes,yes,website-from-governing-body,2026-07,,youth,
Tillsonburg Youth Basketball,Ontario,Tillsonburg,source,,https://www.basketballtillsonburg.com/,,,,youth basketball program,,,,,,https://www.facebook.com/basketballtillsonburg,,No email/phone published anywhere found; Facebook page link is in the site footer.,,,,,"gap-fill,tier3-search",2,4,,,Basketball Tillsonburg | Tillsonburg Youth Basketball,https://www.basketballtillsonburg.com/,,yes,website-corroborated,2026-07,,youth,
Time 2 Hoop,Ontario,,,,https://www.time2hoop.ca,,,Hoop City Basketball Spring/Summer League 2026; Toronto Big League (JR Rep),,,,,,,facebook.com/time2hoopbball,,'Time 2 Hoop Basketball Academy Inc. x Time 2 Hoop Sports Inc.' website and Facebook page both confirmed to exist and match the org (youth basketball academy fielding Junior/Senior teams against prep,,,,,"browser-sweep,tier3-search",2,3,,,Time 2 Hoop,https://www.time2hoop.ca/,,yes,canadian-tld,2026-07,,youth,
Timmins High Basketball,Ontario,Timmins,source,,,peter.graham@dsb1.ca,705-360-3982,,,,,,,,,Peter Graham,,,"451 Theriault Blvd, Timmins, ON",,,municipal-directory,1,1,,,Timmins High Basketball,https://www.facebook.com/timminshighbball/,yes,,no-website,2026-07,,youth,
Timmins Selects,Ontario,Timmins,source,North Region,https://www.hometeamsonline.com/teams/?u=TIMMINSSELECTS&s=basketball,timminsselects@gmail.com,,OBL; OBL/OBA (affiliated),"OBA rep club, U13-U19 boys and girls divisions",48.4916075,-81.3378856,,ChIJzT_NUd2lPE0Rdpzq_mrp-Hc,APPROXIMATE,Facebook @TSelects,Jamie Lamothe (Club President),Input website (hometeamsonline.com/teams/?u=TIMMINSSELECTS) and the separate input entry 'Timmins Selects Basketball Club' (timminsselects.ca) are the SAME underlying HomeTeamsONLINE org page - same c,,,"Timmins, ON, Canada",,"gap-fill,geocode,municipal-directory,oba-kml,obl-teams,tier3-search,website-scrape",7,8,yes,yes,Timmins Selects | Timmins Selects Basketball Club,https://www.google.com/maps/d/kml?mid=1jf36n-Sx3O1KSIlSjRcGu-JABLNcyUgo&forcekml=1,yes,yes,website-from-governing-body,2026-07,,youth,
TLB Elite,Ontario,,,GTA,,,,,,,,,,,IG @tlb_elite_basketball,,"Social handle was already known from input; could not retrieve additional bio text, email, phone, or website via this pass (Instagram profile did not return readable content).",,,,,"contact-enrichment,tier3-search",2,2,,,TLB Elite,https://www.instagram.com/tlb_elite_basketball/,,,no-website,2026-07,,youth,
TNT,Ontario,,,,,,,Toronto Big League (SR Rep),,,,,,,,,,,,,,browser-sweep,1,1,,,TNT,https://torontobigleague.ca/standings,,,no-website,2025-26,,youth,looks-like-abbreviation
Top Left,Ontario,,,,,,,NJC,,,,,,,instagram.com/topleftbasketball,,"Instagram bio for @topleftbasketball tags @national_jr_circuit, matching this club's listed NJC league - reasonable confidence this is the right account, but no location tag, email, or phone visible i",,,,,"ontario-circuit-list,tier3-search",2,2,,,Top Left,https://www.instagram.com/topleftbasketball/,,,no-website,2026-07,,youth,
Top Notch Prep / TNP (Top Notch Stars),Ontario,Vaughan,source,,,info@topnotchstars.com,647-689-2311,NJC; NPH-D1; NPH-SL,,,,,,,,,,,,,,ontario-circuit-list,1,1,,,Top Notch Prep / TNP (Top Notch Stars),,yes,,no-website,2026-07,,youth,
Top Notch Prep Academy (TNPA),Ontario,Vaughan/North GTA ON,source,,,,,Phoenix League; Toronto Big League (SR Rep),,,,,,,IG @topnotchprepacademy,,"Reconfirmed active — IG bio describes it as a 'Top Prep Program Located In The Northern GTA Area, Nike Partnered, @ascend_prep affiliated' (4,300+ followers). This is the same social handle already kn",,,,,"browser-sweep,contact-enrichment,league-harvest,tier3-search",4,4,,,TNP | Top Notch | Top Notch Prep Academy (TNPA),https://www.instagram.com/topnotchprepacademy/,,,no-website,2026-07,,youth,
Top Tier,Ontario,,,,https://www.torontotoptier.com/,torontotoptierhoops@gmail.com,4167083508,CYBL (Canadian Youth Basketball League); Hoop City Basketball Spring/Summer League 2026; OBL; Toronto Big League (JR Prep),,,,,,,"instagram.com/torontotoptier, tiktok.com/@torontotoptier, twitter.com/torontotoptier",,"'Toronto Top Tier', Etobicoke ON - elite GTA basketball program, fits all four listed leagues (CYBL, Hoop City, OBL, Toronto Big League JR Prep). High confidence match.",,,,,"browser-sweep,league-harvest,obl-teams,tier3-search",4,5,,yes,Top Tier,https://www.torontotoptier.com/,yes,,unverified-single-source-non-ca,2026-07,,youth,
Toronto Alliance,Ontario,Toronto,source,,,,,CYBL (Canadian Youth Basketball League),,,,,,,,,,,,,,league-harvest,1,1,,,Toronto Alliance,https://www.cybl.ca/ (High School division),,,no-website,2025-26,,youth,no-contact-unverified
Toronto Athletic Camps,Ontario,North York,source,,https://jr-nba.webflow.io/programs/toronto-athletic-camps-fall,info@tacsports.ca,416-627-1092,Jr. NBA Canada; Jr. NBA/Jr. WNBA Canada,,43.728192,-79.384198,,,,,,,,,,,"browser-sweep,jrnba-2019",2,2,,,Toronto Athletic Camps,https://jr-nba.webflow.io/programs/toronto-athletic-camps-fall,yes,,unverified-single-source-non-ca,2019-20,yes,youth,
Toronto Chinese Basketball Association (TCBL/TCBA),Ontario,Toronto/Markham,source,Toronto Region,https://tcba.torontochinese.ca/about-league/,tcba@torontochinese.ca,,,community,,,,,,IG @chinesesportassociation,,,,,,,"community-sweep,website-scrape",2,2,,,Toronto Chinese Basketball Association (TCBL/TCBA),https://tcba.torontochinese.ca/about-league,yes,yes,canadian-tld,2026-07,,adult,
Toronto City Elite,Ontario,Toronto,inferred-from-name,Toronto Region,http://torontocityelite.com/view/torontocityelite/,p.oppong11@gmail.com,,OBL/OBA (affiliated),,43.8240021,-79.2724232,,,,Instagram @torontocityelite (also personal coach handle @CoachPopElite); X/Twitter @TOCityElite,"Coach Oppong (""Pop"") - Head Coach/Enrichment Coordinator","LOWER CONFIDENCE: email surfaced consistently across independent search-engine snapshots of the club's dead executive/board page, but could not be independently re-verified by fetching raw HTML myself",,,,,"oba-kml,tier3-search",2,2,yes,,Toronto City Elite,https://www.google.com/maps/d/kml?mid=1jf36n-Sx3O1KSIlSjRcGu-JABLNcyUgo&forcekml=1,yes,yes,website-from-governing-body,2026-07,,youth,
Toronto Hoopstars,Ontario,Whitchurch-Stouffville (276 Sunset Boulevard),source,Durham-York,https://torontohoopstars.com/,info@torontohoopstars.com,(416) 684-8414,OBL/OBA (affiliated),"training + house league, also serves Markham",43.8798621,-79.250451,,ChIJgUYI7nwt1YkRN2UbP9ACnPU,APPROXIMATE,,,,,,"Whitchurch-Stouffville, ON, Canada",,"gap-fill,geocode,oba-kml",3,3,yes,,Toronto Hoopstars,https://www.google.com/maps/d/kml?mid=1jf36n-Sx3O1KSIlSjRcGu-JABLNcyUgo&forcekml=1,yes,yes,website-from-governing-body,2026-07,,youth,
Toronto Lords,Ontario,Toronto,source,Toronto Region,http://www.lordsbasketball.com/,lordsbasketball@gmail.com,(416) 598-4448,AAU; Coalition; Jr. NBA Canada; Jr. NBA/Jr. WNBA Canada; NPH-D1; NPH-SL; NSC; OBA; OBL; OBL/OBA (affiliated); Phoenix League,,43.6441973,-79.4042754,,,,,,,,,,,"browser-sweep,census-2026-07,jrnba-2019,league-harvest,oba-kml,obl-teams,ontario-circuit-list,ontario-csv",8,15,yes,yes,Miles Nadal Jewish Community Centre | TLB | Toronto Lord Basketball Association | Toronto Lords | Toronto Lords Academy | Toronto Lords Basketball | Toronto Lords Bunag,https://www.google.com/maps/d/kml?mid=1jf36n-Sx3O1KSIlSjRcGu-JABLNcyUgo&forcekml=1,yes,yes,website-from-governing-body,2026-07,,youth,
Toronto NuStep Ballers / NuStep Basketball,Ontario,Toronto,source,,https://nustepbasketball.ca/,info@nustep.ca,416-977-8633,Phoenix League,,,,,,,Instagram @nustep_toronto / @nustepbasketball ; Facebook facebook.com/TorontoNuStepBallers,,"NuStep Athletic Association, a downtown-Toronto not-for-profit youth basketball program, PO Box 20021 Market PO, Toronto ON M5E 0B1. Confirmed real, active organization matching input.",,,,,"league-harvest,tier3-search",2,2,,,Toronto NuStep Ballers / NuStep Basketball,https://nustepbasketball.ca/contact-us/,yes,yes,canadian-tld,2026-07,,youth,
Toronto Phantoms,Ontario,Toronto,source,,,,,Phoenix League,,,,,,,,,,,,,,league-harvest,1,1,,,Toronto Phantoms,https://basketball.exposureevents.com/264611/phoenix-basketball-spring-league-2026/teams,,,no-website,2025-26,,youth,no-contact-unverified
Toronto Top Tier,Ontario,Etobicoke,source,,,torontotoptierhoops@gmail.com,416-708-3508,NPH-SL,,,,,,,,,,,,,,ontario-circuit-list,1,1,,,Toronto Top Tier,,yes,,no-website,2026-07,,youth,
Toronto Triple Threat,Ontario,Toronto,source,Toronto Region,https://www.torontotoptier.com/,torontotoptierhoops@gmail.com,416-708-3508,Coalition; NPH-SL; OBL; OBL/OBA (affiliated),,43.5918754,-79.5306614,,ChIJxTNM1GA3K4gRd9VJIb_I6Vk,APPROXIMATE,IG @tttbasketballclub,,,,,"Etobicoke, ON, Canada",Norman Clarke (Pres); Naomi Mullings (Tech Dir),"census-2026-07,contact-enrichment,geocode,oba-kml,obl-teams,ontario-circuit-list,ontario-csv,website-scrape",8,12,yes,yes,TTT - Morris-Katz | Toronto Top Tier | Toronto Triple Threat | Toronto Triple Threat BC,https://www.google.com/maps/d/kml?mid=1jf36n-Sx3O1KSIlSjRcGu-JABLNcyUgo&forcekml=1,yes,yes,website-from-governing-body,2026-07,,youth,
Toronto Wolves Basketball Club,Ontario,Toronto,source,,https://torontowolves.ca/,,705-626-5187,Phoenix League; Toronto Big League (SR Rep),,,,,,,Instagram @torontowolvesbasketball,,Phone number is a WhatsApp business contact ('Message us on WhatsApp') listed on the club's registration page. No traditional email address found on the site.,,,,,"browser-sweep,league-harvest,tier3-search,website-scrape",4,5,,,Toronto Wolves | Toronto Wolves Basketball Club,https://torontowolves.ca/registration,yes,yes,canadian-tld,2026-07,,youth,
Town of Oakvile,Ontario,Oakvile,source,,https://jr-nba.webflow.io/programs/town-of-oakvile-fall,bob.pawli@hottmail.com,905-338-4186,Jr. NBA Canada; Jr. NBA/Jr. WNBA Canada,,43.4507463,-79.7288749,,ChIJeZlyj4tbK4gR0Bsjxyh7AwU,APPROXIMATE,,,,,,"Oakville, ON, Canada",,"browser-sweep,geocode,jrnba-2019",3,4,,,Town of Oakvile,https://maps.googleapis.com/maps/api/geocode/json,yes,,unverified-single-source-non-ca,2026-07,,youth,
TRC Academy,Ontario,Brantford,source,Brant,,trchockey@therisecentre.com,+1-844-493-7473,OSBA,,,,,,,,,,,,,,"census-2026-07,ontario-csv",2,2,,,TRC Academy,ontario census + enrichment 2026-07-18,yes,,no-website,2026-07,,youth,
Trent Athletics Centre,Ontario,Peterborough,source,,https://jr-nba.webflow.io/programs/trent-athletics-centre-fall,youthdevelopment@trentu.ca,,Jr. NBA Canada; Jr. NBA/Jr. WNBA Canada,,44.353818,-78.294406,,,,,,,,,,,"browser-sweep,jrnba-2019",2,2,,,Trent Athletics Centre,https://jr-nba.webflow.io/programs/trent-athletics-centre-fall,yes,,ambiguous-place-single-source-non-ca,2019-20,yes,youth,
Tri-City Basketball,Ontario,Kitchener/Waterloo/Cambridge,source,Waterloo,,,,NPA; NPH Showcase,,,,,,,Facebook facebook.com/tricitybasketball/ ; Instagram @tricityba ; X/Twitter @TriCityBA,,"'Tri-City Basketball Academy', serving Kitchener/Waterloo/Guelph/Cambridge — matches input's region. A phone number was partially visible on the Facebook page preview but not fully captured/confirmed,",,,,,"census-2026-07,ontario-csv,tier3-search",3,3,,,Tri-City Basketball,ontario census + enrichment 2026-07-18,,,no-website,2026-07,,youth,
Tri-City Prep BA,Ontario,K-W-Cambridge/Guelph ON,source,,tricityba.com,,,NJC; NPH-D1; OSBA,,,,,,,IG @tricityba,,Likely the 'Prep' tier team of the same 'Tri-City Basketball Academy' as the 'Tri-City Basketball' entry above (search describes the academy as running the only Prep team serving Kitchener/Waterloo/Gu,,,,Srdjan Pejicic (Founder/HC),"contact-enrichment,ontario-circuit-list,tier3-search,website-scrape",4,4,,,Tri-City Prep | Tri-City Prep BA,https://www.instagram.com/tricityba/?hl=en,,yes,website-corroborated,2026-07,,youth,
Tri-County Soldiers,Ontario,K-W/Cambridge/Guelph,source,GTA,https://soldiersbball.ca,elopez@soldiersbasketball.ca,519-498-2703,JUEL; NPH Showcase; NPH-SL,,,,,,,Instagram @soldiersbasketball_,Eddie Lopez,"Tri-County Soldiers Basketball Club, serving Kitchener-Waterloo/Cambridge/Brantford/Guelph — matches input's JUEL listing. Named contact and direct club email confirmed on the club's own site.",,,,,"census-2026-07,ontario-circuit-list,ontario-csv,tier3-search",4,5,,,TC Soldiers | TC Soldiers (Tri-County Soldiers) | Tri-County Soldiers,ontario census + enrichment 2026-07-18,yes,yes,canadian-tld,2026-07,,youth,
Tri-County Soldiers BC,Ontario,Waterloo/Kitchener ON,source,,soldiersbball.ca,elopez@soldiersbasketball.ca,519-498-2703,,,,,,,,IG @soldiersbball,,,,,,Eddie Lopez (Dir),contact-enrichment,1,1,,,Tri-County Soldiers BC,,yes,yes,canadian-tld,2026-07,,youth,
Tri-County Thunder,Ontario,Kitchener-Waterloo/Guelph/Brampton (Tri-County),source,,https://tcbasketball.com/,,,JUEL / JUEL Prep,,,,,,,X/Twitter @tricountyt,,"'Tri-County Thunder' girls basketball developmental program, JUEL league — matches input. Website and Twitter confirmed; no email or phone surfaced on the pages fetched (home and contact page both lac",,,,,"league-harvest,tier3-search,website-scrape",3,3,,,Tri-County Thunder,https://tcbasketball.com/,,yes,website-corroborated,2026-07,,youth,
Triple Balance,Ontario,Scarborough + Durham,source,Toronto Region,https://www.triplebalance.ca/,info@triplebalance.ca,7804268681,CYBL (Canadian Youth Basketball League); NJC; NSC; OBL; OBL/OBA (affiliated),,43.821965,-79.2151548,,,,facebook.com/p/Triple-Balance-Basketball-100054248150572/,,"Triple Balance Basketball Services, 97 Havenlea Rd, Toronto (Scarborough) ON M1X 1T3, also operating a Durham location; participates in Ontario Basketball Provincials, matching this club's GTA region",,,,,"census-2026-07,league-harvest,oba-kml,obl-teams,ontario-circuit-list,ontario-csv,tier3-search,website-scrape",8,9,yes,yes,Triple Balance | Triple Balance Academy,https://www.google.com/maps/d/kml?mid=1jf36n-Sx3O1KSIlSjRcGu-JABLNcyUgo&forcekml=1,yes,yes,website-from-governing-body,2026-07,,youth,
Tru Balance,Ontario,GTA (likely),source,,,,,CYBL (Canadian Youth Basketball League); Hoop City Basketball Spring/Summer League 2026; NJC; NPH-SL; SR Prep); Toronto Big League (JR Prep,,,,,,,Instagram @trubalancehoops,"Coach Rodney (account holder; appears personal, not a club-general channel)","A separately-named 'Triple Balance Basketball Services' (97 Havenlea Rd, Toronto) also surfaced in search but was NOT used — the name doesn't match ('Triple' vs 'Tru') and could not be confirmed as th",,,,,"browser-sweep,league-harvest,ontario-circuit-list,tier3-search",4,5,,,Tru Balance,https://www.instagram.com/trubalancehoops/,,,no-website,2026-07,,youth,
Tru Balance Hoops,Ontario,GTA/Toronto ON,source,,,,,,,,,,,,IG @trubalancehoops,"Coach Rodney (account holder; appears personal, not a club-general channel)","Same handle already known from input, reconfirmed active. No upgrade to email/phone found.",,,,"""Coach Rodney""","contact-enrichment,tier3-search",2,2,,,Tru Balance Hoops,https://www.instagram.com/trubalancehoops/,,,no-website,2026-07,,youth,
True Balance Basketball,Ontario,,,GTA,,,,NPH Showcase,,,,,,,,,,,,,,"census-2026-07,ontario-csv",2,2,,,True Balance Basketball,ontario census + enrichment 2026-07-18,,,no-website,2026-07,,youth,
Tuesday Night Mens Basketball,Ontario,Oakville,source,,,jemercado5@yahoo.com,,,,,,,,,,James Mercado (Coordinator),,,"White Oaks Secondary School - North Campus (game location), 1055 McCraney St E, Oakville, ON, L6H 2R6",,,"211-cioc,municipal-directory",2,2,,,Tuesday Night Mens Basketball,https://211ontario.ca/service/97522155/tuesday-night-mens-basketball-tuesday-night-mens-basketball/,yes,,no-website,2026-07,,adult,
Twin City Spinners Wheelchair Basketball,Ontario,Kitchener-Waterloo,source,,https://tcspinners.wixsite.com/twincityspinners,kwspinners@gmail.com,,,,,,,,,,,,,,,,"211-cioc,website-scrape",2,2,,,Twin City Spinners Wheelchair Basketball,https://211ontario.ca/service/73444301/twin-city-spinners-wheelchair-basketball-twin-city-spinners-wheelchair-basketball/,yes,yes,website-from-governing-body,2026-07,,youth,
Uchenna Academy,Ontario,Toronto (950 Dupont),source,,,info@uchenna.ca,416-855-5572,NPH-D1; OSBA,,,,,,,,,,,,,,ontario-circuit-list,1,1,,,Uchenna Academy,,yes,,no-website,2026-07,,youth,
Uda G Elite,Ontario,,,GTA,,,,NPH Showcase,,,,,,,,,,,,,,"census-2026-07,ontario-csv",2,2,,,Uda G Elite,ontario census + enrichment 2026-07-18,,,no-website,2026-07,,youth,
UEWB (Unite Everyone With Basketball),Ontario,,,GTA,,uewbcanada@gmail.com,,NJC; OBL,,,,,,,,,,,,,,"obl-teams,ontario-circuit-list",2,2,,yes,UEWB | UEWB (Unite Everyone With Basketball),https://basketball.on.ca/competitions/obl/ontario-basketball-league-schedule-2/,yes,,no-website,2026-07,,youth,
Underdog Elite (Underdog Athletics),Ontario,GTA (likely),source,GTA,https://www.underdogathletics.ca/,underdogathletics30@gmail.com,647-834-1424,NPH Showcase; NPH-SL,,43.6548253,-79.388447,,ChIJpTvG15DL1IkRd8S0KlBVNTI,APPROXIMATE,,,,,,"Toronto, ON, Canada",,"census-2026-07,geocode,ontario-circuit-list,ontario-csv",4,4,,,Underdog Elite | Underdog Elite (Underdog Athletics),https://maps.googleapis.com/maps/api/geocode/json,yes,yes,canadian-tld,2026-07,,youth,
Underdog Elite (Underdog Athletics),Ontario,Toronto/Mississauga/Milton ON,source,,underdogathletics.ca,underdogathletics30@gmail.com,647-834-1424,,,,,,,,IG @underdogelite__,,,,,,Mathushan Sri (Founder),contact-enrichment,1,1,,,Underdog Elite (Underdog Athletics),,yes,yes,canadian-tld,2026-07,,youth,
Underground Basketball Club,Ontario,,,GTA,undergroundbasketballclub.ca,,2269274484,CYBL (Canadian Youth Basketball League); NPH Showcase,,,,,,,IG @undergroundbasketballclub,Jeremy Granger (director / U13 Boys Competitive Head Coach),"Club's own domain would not resolve for our fetch tool at time of research (may be transient/DNS-related), so no page content was directly viewable there. Phone number came from the club's Instagram b",,,,,"census-2026-07,league-harvest,ontario-csv,tier3-search",4,4,,,Underground Basketball Club,ontario census + enrichment 2026-07-18,yes,yes,canadian-tld,2026-07,,youth,
Union Elite Basketball,Ontario,Ajax/Durham,source,Peel-Halton,https://unionelitebasketball.com/,info@unionelitebasketball.ca,647-963-5483,Hoop City Basketball Spring/Summer League 2026; NPH-SL; OBL; OBL/OBA (affiliated),,43.8571475,-79.0585029,,ChIJ0RWtQbTn1IkRzr6A0wHhd_s,APPROXIMATE,IG @unionelite_; FB 'Union Elite Basketball'; YouTube @UnionEliteBasketball,,"Email and social handles found directly on the site (a contact form is also present, no dedicated phone number listed).",,,"Ajax, ON, Canada",,"browser-sweep,geocode,oba-kml,obl-teams,ontario-circuit-list,tier3-search",6,6,yes,yes,Union Elite | Union Elite Basketball,https://www.google.com/maps/d/kml?mid=1jf36n-Sx3O1KSIlSjRcGu-JABLNcyUgo&forcekml=1,yes,yes,website-from-governing-body,2026-07,,youth,
University Settlement Basketball,Ontario,Toronto,source,Toronto,https://universitysettlement.ca/fitness-and-recreation/basketball/,,416-598-3444,,,,,,,,,,,,,,,"census-2026-07,ontario-csv",2,2,,,University Settlement Basketball,ontario census + enrichment 2026-07-18,yes,yes,canadian-tld,2026-07,,youth,
Up North United,Ontario,name suggests Northern Ontario / cottage-country origin,source,,,,,Hoop City Basketball Spring/Summer League 2026; Phoenix League,,,,,,,Instagram @upnorthunited,,"Bio identifies the club as 'Durham-based' — this corrects/refines input's guess of 'Northern Ontario / cottage country'; likely actually refers to Durham Region, ON. An email address surfaced once dur",,,,,"browser-sweep,league-harvest,tier3-search",3,3,,,Up North United,https://www.instagram.com/upnorthunited/,,,no-website,2026-07,,youth,
UPlay Canada,Ontario,Ontario-wide,source,Ontario,,admin@uplaycanada.com,,Nike EYBL,,,,,,,,,,,,,,"census-2026-07,ontario-csv",2,2,,,UPlay Canada,ontario census + enrichment 2026-07-18,yes,,no-website,2026-07,,youth,
Upper Valley Basketball Association,Ontario,Pembroke (serves the Upper Ottawa Valley region),source,Capital-Kingston,,,,EOBA (Eastern Ontario Basketball Association); EOBA Competitive Season 2025-26; OBL/OBA (affiliated),"youth basketball programs, camps, and competitive teams",45.8268635,-77.0971883,,ChIJQ2JtjhtN0UwRXLjlhTIomMg,APPROXIMATE,Facebook facebook.com/UOVRiverdogs,,"City of Pembroke's own sports directory lists 'Upper Valley River Dogs' (facebook.com/UOVRiverdogs) as the youth-basketball contact for the Upper Ottawa Valley, with no separate phone/email given. The",,,"Pembroke, ON, Canada",,"browser-sweep,gap-fill,geocode,league-harvest,oba-kml,tier3-search",6,9,yes,,Upper Valley (UVBA / Upper Valley Basketball Association) | Upper Valley Basketball (River Dogs) | Upper Valley Basketball Association,https://www.google.com/maps/d/kml?mid=1jf36n-Sx3O1KSIlSjRcGu-JABLNcyUgo&forcekml=1,,,no-website,2026-07,,youth,
Uxbridge Spartan Basketball Association (USBA),Ontario,Uxbridge,source,,https://www.uxbridgespartanbasketball.com/,admin@uxbridgebasketball.com,7804268681,,,,,,,,FB @uxbridgebasketball; IG @uxbridgespartanbasketball,"Marc Calarese (President); Justin Bashaw (Vice-President); Patrick Fitzgerald (Secretary); Keith Vaidya (Treasurer, Hecla Hoops Coordinator)","Straightforward mailto link on the homepage, no obfuscation. No phone found.",,,,,"municipal-directory,tier3-search,website-scrape",3,3,,,Uxbridge Spartan Basketball Association (USBA),https://uxbridgespartanbasketball.sportngin.com/board,yes,yes,website-from-governing-body,2026-07,,youth,
V3 Basketball Club,Ontario,,,Toronto Region,https://v3basketballclub.ca/,info@v3basketballclub.ca,6476938929,Hoop City Basketball League; Hoop City Basketball Spring/Summer League 2026; OBL; OBL/OBA (affiliated); Toronto Big League (SR Prep),,43.7379895,-79.2588581,,,,facebook.com/v3basketballassociation,,"Direct fetch of the official site rendered blank client-side, but the same email/phone are indexed consistently across the site's own /contacts/ page, an EIN Presswire release, and a directory listing",,,,,"browser-sweep,league-harvest,oba-kml,obl-teams,tier3-search",5,8,yes,yes,V3 Basketball | V3 Basketball Association | V3 Basketball Club,https://www.google.com/maps/d/kml?mid=1jf36n-Sx3O1KSIlSjRcGu-JABLNcyUgo&forcekml=1,yes,yes,website-from-governing-body,2026-07,,youth,
Valhalla Youth Basketball Association,Ontario,Sarnia,source,West Region,http://www.valhallabasketball.com/,basketballvalhalla@gmail.com,519-336-0813,OBL/OBA (affiliated),community,42.9979343,-82.3746831,,,,,,,,,,,"community-sweep,oba-kml",2,2,yes,,Valhalla Youth Basketball Association,https://www.google.com/maps/d/kml?mid=1jf36n-Sx3O1KSIlSjRcGu-JABLNcyUgo&forcekml=1,yes,yes,website-from-governing-body,2026-07,,youth,
Valley Hoopstar,Ontario,Deep River,source,,https://jr-nba.webflow.io/programs/valley-hoopstar-fall,reachdavidlee@gmail.com,613-602-5090,Jr. NBA Canada; Jr. NBA/Jr. WNBA Canada,,46.0975386,-77.49355419999999,,ChIJ_d48DPfe1kwRX3rGNTMaoBw,APPROXIMATE,,,,,,"Deep River, ON, Canada",,"browser-sweep,geocode,jrnba-2019",3,4,,,Valley Hoopstar,https://maps.googleapis.com/maps/api/geocode/json,yes,,unverified-single-source-non-ca,2026-07,,youth,
Vanguard North,Ontario,Vaughan,source,GTA,https://vanguardnorthbasketball.ca/,vanguardnorth29@gmail.com,416-875-2733,NJC; NPH Showcase; NPH-SL; NSC,,,,,,,,,,,,,,"census-2026-07,ontario-circuit-list,ontario-csv",3,3,,,Vanguard North | Vanguard North Prep,ontario census + enrichment 2026-07-18,yes,yes,canadian-tld,2026-07,,youth,
Vaughan Basketball Association,Ontario,Vaughan,source,Durham-York,http://vaughanbasketball.com/,lionel.howell@sympatico.ca,416-919-8660,Jr. NBA Canada; Jr. NBA/Jr. WNBA Canada; OBL/OBA (affiliated),,43.8598826,-79.5148348,,,,,,,,,,,"browser-sweep,jrnba-2019,oba-kml",3,5,yes,,Vaughan Basketball | Vaughan Basketball Association,https://www.google.com/maps/d/kml?mid=1jf36n-Sx3O1KSIlSjRcGu-JABLNcyUgo&forcekml=1,yes,yes,website-from-governing-body,2026-07,,youth,
Vaughan City Basketball,Ontario,Vaughan,inferred-from-name,Durham-York,https://www.vaughancitybasketball.com/,vaughancitybasketball@gmail.com,,OBL; OBL/OBA (affiliated),,43.7829789,-79.6001982,,,,,,,,,,,"oba-kml,obl-teams",2,2,yes,yes,Vaughan City Basketball | Vaughan City basketball,https://www.google.com/maps/d/kml?mid=1jf36n-Sx3O1KSIlSjRcGu-JABLNcyUgo&forcekml=1,yes,yes,website-from-governing-body,2026-07,,youth,
Vaughan Panthers,Ontario,Vaughan,source,York,https://vaughanpanthersbasketball.com,info@vaughanbasketball.com,905-370-0154,Coalition; NPH Showcase; NPH-SL; OBL,,,,,,,,,,,,,,"census-2026-07,obl-teams,ontario-circuit-list,ontario-csv",4,12,,yes,Vaughan Panthers | Vaughan Panthers - Coach Avi | Vaughan Panthers - Coach Chris | Vaughan Panthers - Coach Cory | Vaughan Panthers - Coach Curtis | Vaughan Panthers - Coach Daniele | Vaughan Panthers - Coach Jimmy | Vaughan Panthers - Coach John | Vaughan Panthers - Coach Larry | Vaughan Panthers - Coach Mike,ontario census + enrichment 2026-07-18,yes,yes,website-corroborated,2026-07,,youth,
Vaughan SS,Ontario,Vaughan,source,York,,vaughan.ss@yrdsb.ca,905-660-1397,OSBA,,,,,,,,,,,,,,"census-2026-07,ontario-csv",2,2,,,Vaughan SS,ontario census + enrichment 2026-07-18,yes,,no-website,2026-07,,youth,
Victory,Ontario,,,,,,,CYBL (Canadian Youth Basketball League); Toronto Big League (SR Prep),,,,,,,,,,,,,,"browser-sweep,obl-teams",2,2,,yes,Victory | Victory Prep,https://torontobigleague.ca/standings,,,no-website,2025-26,,youth,
Victory Academy/Prep Brampton,Ontario,Brampton ON,source,,victoryacademybasketball.com,admin@victoryacademybasketball.com,832-660-6151 (verify US area code),,,,,,,,IG @victoryprepbrampton,,,,,,,contact-enrichment,1,1,,,Victory Academy/Prep Brampton,,yes,,unverified-single-source-non-ca,2026-07,,youth,
Victory Prep (Brampton),Ontario,Brampton ON,source,,,,,NPH-D1; OSBA,,,,,,,IG @victoryprepbrampton,,"Same handle already known from input, reconfirmed active. No email/phone found; a similarly-named 'Brampton City Prep' (info@bramptoncityprep.com) also surfaced but is a distinct organization, not use",,,,,"contact-enrichment,ontario-circuit-list,tier3-search",3,4,,,"Victory Prep | Victory Prep (Brampton) | Victory Prep Academy (East, West)",https://www.instagram.com/victoryprepbrampton/?hl=en,,,no-website,2026-07,,youth,
Wallaceburg Airhawks,Ontario,,,West Region,https://www.facebook.com/WallaceburgAirhawks,airhawkstreasurer@gmail.com,,OBL/OBA (affiliated),,42.5926445,-82.3882529,,,,FB @WallaceburgAirhawks; IG @wallaceburgairhawks,,Confirmed directly in a local news article: 'Payment is being accepted by cash or by e-transfer to airhawkstreasurer@gmail.com.' This is a treasurer/payments address rather than a general info address,,,,,"oba-kml,tier3-search,website-scrape",3,3,yes,,Wallaceburg Airhawks,https://www.google.com/maps/d/kml?mid=1jf36n-Sx3O1KSIlSjRcGu-JABLNcyUgo&forcekml=1,yes,yes,website-from-governing-body,2026-07,,youth,
Waterloo Wildhawks,Ontario,Waterloo,source,Waterloo,wildhawk.ca,dave@wildhawk.ca,519-725-0890,NPH Showcase,,,,,,,,,,,,,,"census-2026-07,ontario-csv",2,2,,,Waterloo Wildhawks,ontario census + enrichment 2026-07-18,yes,yes,canadian-tld,2026-07,,youth,
Waterloo Wolverines,Ontario,Waterloo,source,GTA,https://waterloowolverines.com,g_cbasketball@yahoo.ca,613-834-2178,NJC; NPH Showcase; NPH-SL; NSC,,,,,,,,,,,,,,"census-2026-07,ontario-circuit-list,ontario-csv",3,5,,,Waterloo Wolverines | Wolverine Elite | Wolverines Elite (Waterloo Wolverines),ontario census + enrichment 2026-07-18,yes,yes,website-corroborated,2026-07,,youth,
Welland Minor Basketball Association,Ontario,Welland,source,Hamilton-Niagara Region,http://www.wellandminorbasketball.ca/,,,,community,,,,,,,,,,,,,community-sweep,1,1,,,Welland Minor Basketball Association,http://www.wellandminorbasketball.ca/site/ClientSite/article/115457,,yes,canadian-tld,2026-07,,youth,
West Ottawa Basketball Association (Hornets),Ontario,Ottawa (West),source,Capital-Kingston,http://westottawabasketball.com/,wobacompetitive@gmail.com,,EOBA (Eastern Ontario Basketball Association); EOBA Competitive Season 2025-26; NPH-SL; OBL/OBA (affiliated),community,45.2546817,-75.9168659,,,,Facebook/Instagram @westottawabasketball,,"West Ottawa Basketball Association / Goulbourn Basketball Association, PO Box 1193, Stittsville ON K2S 1B3 — matches input's West Ottawa / EOBA listing. Site also lists wobachiefreferee@gmail.com for",,,,,"browser-sweep,community-sweep,league-harvest,oba-kml,ontario-circuit-list,tier3-search,website-scrape",7,8,yes,,WOBA | West Ottawa Basketball Association | West Ottawa Basketball Association (Hornets) | West Ottawa Basketball Association (WOBA),https://www.google.com/maps/d/kml?mid=1jf36n-Sx3O1KSIlSjRcGu-JABLNcyUgo&forcekml=1,yes,yes,website-from-governing-body,2026-07,,youth,
West United Prep,Ontario,city unconfirmed,source,GTA,linktr.ee/westunitedprepacademy,westunitedprepacademy@gmail.com,,NPH Showcase; NPH-SL; NSC; SR Prep); Toronto Big League (JR Prep,,,,,,,Instagram @westunitedprepacademy,,"City was unconfirmed in our data. Team also shows up on National Capital Hoops Circuit and nationalsrcircuit.com (Big Shots Prep Nationals, NPH D1, NPH Open) rather than exactly 'NPH-SL/NSC' as tagged",,,,,"browser-sweep,census-2026-07,ontario-circuit-list,ontario-csv,tier3-search,website-scrape",6,7,,,West United | West United Prep,ontario census + enrichment 2026-07-18,yes,yes,website-corroborated,2026-07,,youth,
West United Prep Academy,Ontario,Halton (Oakville/Burlington) ON,source,,linktr.ee/westunitedprepacademy,westunitedprepacademy@gmail.com,,,,43.53253720000001,-79.87448359999999,,ChIJz8mQnONoK4gRGbKpsIOFmnA,APPROXIMATE,IG @westunitedprepacademy,,,,,"Regional Municipality of Halton, ON, Canada",,"contact-enrichment,geocode,website-scrape",3,3,,,West United Prep Academy,https://maps.googleapis.com/maps/api/geocode/json,yes,yes,website-corroborated,2026-07,,youth,
Westfield Prep / Westfield Secondary,Ontario,Toronto (North York),source,,,contact@westfieldeducation.ca,416-613-0289,NJC; NPH-D1; NPH-SL; NSC,,,,,,,,,,,,,,ontario-circuit-list,1,1,,,Westfield Prep / Westfield Secondary,,yes,,no-website,2026-07,,youth,
Wheelchair Basketball Quinte,Ontario,Quinte West (Trenton),source,,https://owsa.ca/wheelchair-basketball/wheelchair-basketball-clubs/,kkerr1024@gmail.com,613-243-7977,,"adaptive/wheelchair basketball, not confirmed youth-specific",44.1309523,-77.5776614,K8V 5P8,ChIJ518swDMW1okRsCmqt5vvXz0,ROOFTOP,https://www.facebook.com/WheelchairBasketballQuinte/,K. Kerr,,,"50 Monogram Place, Trenton, ON K8V 5P8","50 Monogram Pl, Quinte West, ON K8V 5P8, Canada",,"gap-fill,geocode,municipal-directory",3,3,,,Wheelchair Basketball Quinte,https://maps.googleapis.com/maps/api/geocode/json,yes,yes,website-from-governing-body,2026-07,,youth,
Whitby Saints,Ontario,Whitby,source,Durham-York,http://www.whitbysaints.com/,,,OBL/OBA (affiliated),,43.8881449,-78.9033418,,,,,,,,,,,"census-2026-07,oba-kml,ontario-csv",3,3,yes,,Whitby Saints | Whitby Saints Basketball,https://www.google.com/maps/d/kml?mid=1jf36n-Sx3O1KSIlSjRcGu-JABLNcyUgo&forcekml=1,,yes,website-from-governing-body,2026-07,,youth,
Whitby Wildcat Sports,Ontario,Whitby/Oshawa/Ajax,source,Durham,https://www.whitbywildcatsports.ca/,,,,,,,,,,,,,,,,,"census-2026-07,ontario-csv",2,2,,,Whitby Wildcat Sports,ontario census + enrichment 2026-07-18,,yes,canadian-tld,2026-07,,youth,
Whitby Wildcats,Ontario,Whitby,inferred-from-name,Durham-York,https://whitbywildcatbasketball.com/,,,OBL/OBA (affiliated),,43.914908,-78.942613,,,,,,,,,,,oba-kml,1,1,yes,,Whitby Wildcats,https://www.google.com/maps/d/kml?mid=1jf36n-Sx3O1KSIlSjRcGu-JABLNcyUgo&forcekml=1,,yes,website-from-governing-body,2026-07,,youth,
Who's Next Elite,Ontario,,,,,,,Toronto Big League (SR Rep),,,,,,,instagram.com/whosnextelite,,"Instagram bio exactly matches the club name: 'Who's Next Elite | AAU & Prep Sponsored by @filmedby.ely Partnered with @aementorship'. No GTA/Toronto location tag, email, or phone visible on the profil",,,,,"browser-sweep,tier3-search",2,2,,,Who's Next Elite,https://www.instagram.com/whosnextelite/,,,no-website,2026-07,,youth,
Wiggins Elite,Ontario,GTA,source,GTA,wigginselite.com,,,CYBL (Canadian Youth Basketball League); NJC; NPH Showcase; NPH-SL; NSC; Phoenix League; Toronto Big League (SR Prep),,,,,,,IG @wiggins_elite,,,,,,Wiggins family,"browser-sweep,census-2026-07,contact-enrichment,league-harvest,ontario-circuit-list,ontario-csv",6,7,,,Wiggins Elite,ontario census + enrichment 2026-07-18,,,unverified-single-source-non-ca,2026-07,,youth,
Wildhawk Basketball,Ontario,,,Kitchener-Waterloo,http://wildhawk.ca/,dave@wildhawk.ca,5197250890,OBL; OBL/OBA (affiliated),,43.4530876,-80.5533069,,,,FB facebook.com/WildhawkBasketball; IG @wildhawkbasketball; X/Twitter @WildhawkBBall,Dave MacNeil (Founder/President),"MEDIUM-HIGH CONFIDENCE: email/phone/address (5-420 Erb St W Suite 341, Waterloo, ON N2L 6K6) corroborated across three independent directory sources (211 Ontario, CIOC, webrate.org) plus founder name",,,,,"oba-kml,obl-teams,tier3-search",3,3,yes,yes,Wildhawk | Wildhawk Basketball,https://www.google.com/maps/d/kml?mid=1jf36n-Sx3O1KSIlSjRcGu-JABLNcyUgo&forcekml=1,yes,yes,website-from-governing-body,2026-07,,youth,
William Academy,Ontario,Toronto (Scarborough) + Cobourg,source,,,general@williamacademy.ca,416-491-6888,CYBL (Canadian Youth Basketball League); NJC; NPH-D1; OSBA,,,,,,,,,,,,,,"league-harvest,ontario-circuit-list",2,2,,,William Academy,https://www.cybl.ca/ (High School division),yes,,no-website,2026-07,,youth,
Windsor St. Clair (WSC JUEL),Ontario,Windsor,source,,,wscjuel@gmail.com,5199811008,JUEL / JUEL Prep,,,,,,,Instagram @windsorstclair (WSC JUEL); @wscjprep (JUEL Prep); X/Twitter @WSCBball,Coach Shannon Kennedy (Head Coach),"Girls basketball program, grades 11 & 12 (JUEL) plus JUEL Prep for younger grades, based in Windsor/Windsor-Essex. Email and phone found in an Instagram post advertising 2026/27 ID sessions.",,,,,"league-harvest,tier3-search",2,2,,,Windsor St. Clair (WSC JUEL),https://www.instagram.com/windsorstclair/,yes,,no-website,2026-07,,youth,
Windsor Suns Elite Basketball,Ontario,Windsor,source,Windsor,https://www.wpasuns.com/,renevillavecer@yahoo.com,,Canada Hoops Circuit; NPH Showcase,,,,,,,Instagram @sunselitebasketball; Facebook 'Windsor Suns Elite U16 Basketball',,"Confirmed Windsor, Ontario based (Instagram bio: 'Based in Windsor Ontario. Suns Basketball is a division of Windsor Pinoy [Athletics]'). Their website wpasuns.com could not be fetched directly (DNS r",,,,,"browser-sweep,census-2026-07,ontario-csv,tier3-search",4,4,,,Windsor Suns | Windsor Suns Elite Basketball,ontario census + enrichment 2026-07-18,yes,yes,website-corroborated,2026-07,,youth,
Windsor United,Ontario,Windsor,source,,windsorunited.ca,info@windsorunited.ca,5195674280,CYBL (Canadian Youth Basketball League),,,,,,,,Greg (greg.mboxe@windsorunited.ca),"Windsor United Community Centre, 'bringing elite basketball training and competition to Windsor, Ontario', grades 2-12, listed as a CYBL participant. Contact page lists both a named staff email and a",,,,,"league-harvest,tier3-search",2,2,,,Windsor United,https://windsorunited.ca/contact,yes,yes,canadian-tld,2026-07,,youth,
Windsor Valiants,Ontario,Windsor,source,West Region,http://www.windsorvaliants.ca/,wregidos@sympatico.ca,519-819-5325,Jr. NBA Canada; Jr. NBA/Jr. WNBA Canada; OBL/OBA (affiliated),house-league,42.1320694,-83.0988739,,,,,,,,,,,"browser-sweep,community-sweep,jrnba-2019,oba-kml",4,6,yes,,Windsor Valiants | Windsor Valiants (house league basketball),https://www.google.com/maps/d/kml?mid=1jf36n-Sx3O1KSIlSjRcGu-JABLNcyUgo&forcekml=1,yes,yes,website-from-governing-body,2026-07,,youth,
Wolverine Academy,Ontario,,,GTA,,,,NPH Showcase,,,,,,,,,,,,,,"census-2026-07,ontario-csv",2,2,,,Wolverine Academy,ontario census + enrichment 2026-07-18,,,no-website,2026-07,,youth,
WOMBA (Woodstock Oxford Minor Basketball Association),Ontario,Woodstock,source,West Region,https://womba.ca/,info@womba.ca,5195357579,,community,,,,,,Facebook facebook.com/WoodstockOxfordMinorBasketballAssociation; Instagram @wombaminorbasketballleague,Kurt Sutherland (Registrar/Web); phone belongs to Michelle Mobarak (President); also Irene Tiegs (Secretary) secretary@womba.ca / 519-536-5554,"Full executive contact table recovered: President Michelle Mobarak (president@womba.ca, 519-535-7579), Treasurer Rachel Culnan (treasurer@womba.ca), VP Krista Bond (vicepresident@womba.ca), Registrar",,,,,"community-sweep,gap-fill,tier3-search",3,4,,,WOMBA (Woodstock Oxford Minor Basketball Association) | Woodstock Oxford Minor Basketball Association (WOMBA),https://womba.ca/executive-coveners/,yes,yes,canadian-tld,2026-07,,youth,
Woodbridge Basketball Association,Ontario,,,Durham-York,https://www.wlions.ca/,,,OBL/OBA (affiliated),,43.8084405,-79.5373004,,,,,,,,,,,oba-kml,1,1,yes,,Woodbridge Basketball Association,https://www.google.com/maps/d/kml?mid=1jf36n-Sx3O1KSIlSjRcGu-JABLNcyUgo&forcekml=1,,yes,website-from-governing-body,2026-07,,youth,
WPA Suns,Ontario,,,GTA,wpasuns.com,renevillavecer@yahoo.com,,NPH Showcase,,,,,,,,,,,,,,"census-2026-07,ontario-csv",2,2,,,WPA Suns,ontario census + enrichment 2026-07-18,yes,yes,website-corroborated,2026-07,,youth,
YAAACE,Ontario,Toronto,source,Toronto Region,https://yaaace.com/,info@yaaace.com,4165677994,CYBL (Canadian Youth Basketball League); Hoop City Basketball Spring/Summer League 2026; OBL; OBL/OBA (affiliated); OSBA; Phoenix League,,43.757693,-79.5272359,,,,Facebook facebook.com/YAAACEsi,,"YAAACE (Youth Association for Academics, Athletics and Character Education) is a well-established Jane-Finch (North York/Toronto) nonprofit; its basketball arm is called 'Inspire'. Address 45 Norfinch",,,,,"browser-sweep,league-harvest,oba-kml,obl-teams,ontario-circuit-list,tier3-search",6,8,yes,yes,Inspire Academy | Inspire Academy (YAAACE) | Y.A.A.A.C.E | YAAACE,https://www.google.com/maps/d/kml?mid=1jf36n-Sx3O1KSIlSjRcGu-JABLNcyUgo&forcekml=1,yes,yes,website-from-governing-body,2026-07,,youth,looks-like-abbreviation
YASO Basketball Academy,Ontario,Oakville ON,source,,yasobasketball.ca,yasobasketballacademy@gmail.com,905-616-7342,NPH-SL,,,,,,,IG @yasobasketball,,,,,,Andrija Sola (HC),"contact-enrichment,ontario-circuit-list",2,2,,,YASO Basketball Academy,,yes,yes,canadian-tld,2026-07,,youth,
YMCA of Eastern Ontario Brockville,Ontario,Brockville,source,,https://jr-nba.webflow.io/programs/ymca-of-eastern-ontario-brockville-fall,mike_dewitt@kingston.ymca.ca,,Jr. NBA Canada; Jr. NBA/Jr. WNBA Canada,,44.603207,-75.690715,,,,,,,,,,,"browser-sweep,jrnba-2019",2,4,,,YMCA of Eastern Ontario Brockville,https://jr-nba.webflow.io/programs/ymca-of-eastern-ontario-brockville-fall,yes,,unverified-single-source-non-ca,2020,yes,youth,
YMCA of Eastern Ontario Kingston,Ontario,Kingston,source,,https://jr-nba.webflow.io/programs/ymca-of-eastern-ontario-kingston-fall,mike_dewitt@kingston.ymca.ca,,Jr. NBA Canada; Jr. NBA/Jr. WNBA Canada,,44.239738,-76.517201,,,,,,,,,,,"browser-sweep,jrnba-2019",2,4,,,YMCA of Eastern Ontario Kingston,https://jr-nba.webflow.io/programs/ymca-of-eastern-ontario-kingston-fall,yes,,ambiguous-place-single-source-non-ca,2020,yes,youth,
YMCA of Timmins,Ontario,Timmins,source,,https://jr-nba.webflow.io/programs/ymca-of-timmins-fall,wayne.bozzer@timmins.ymca.ca,705-360-4381,Jr. NBA Canada; Jr. NBA/Jr. WNBA Canada,,48.4761506,-81.3282732,,ChIJzT_NUd2lPE0Rdpzq_mrp-Hc,APPROXIMATE,,,,,,"Timmins, ON, Canada",,"browser-sweep,geocode,jrnba-2019",3,3,,,YMCA of Timmins,https://maps.googleapis.com/maps/api/geocode/json,yes,,unverified-single-source-non-ca,2026-07,,youth,
York North Basketball Association,Ontario,Newmarket ON,source,Durham-York,http://www.ynba.ca/,admin@ynba.ca,9058539102,Coalition; JUEL; NPH Showcase; OBL; OBL/OBA (affiliated),house-league,44.0285895,-79.4483613,L3Y 9C1,ChIJU0ntSGjSKogRRrZHqvg_Z64,ROOFTOP,"instagram.com/ynbaball, facebook.com/YNBAbasketball",,"York North Basketball Association, Magna Centre, 800 Mulock Dr, Newmarket, ON L3Y 9C1 — matches Aurora-Newmarket city tag exactly.",,"Magna Centre, 800 Mulock Dr, Newmarket, ON L3Y 9C1","800 Mulock Dr, Newmarket, ON L3Y 9C1, Canada",Jason Scott (Founder); Dave Bannister (Pres); Matthew Cundari (ED),"census-2026-07,community-sweep,contact-enrichment,geocode,municipal-directory,oba-kml,ontario-circuit-list,ontario-csv,tier3-search",9,10,yes,,YNBA | YNBA Basketball | York North BA (YNBA) | York North Basketball Association | York North Basketball Association (YNBA),https://www.google.com/maps/d/kml?mid=1jf36n-Sx3O1KSIlSjRcGu-JABLNcyUgo&forcekml=1,yes,yes,website-from-governing-body,2026-07,,youth,
York Region Basketball League (YRBL),Ontario,Vaughan/Markham/Richmond Hill/Newmarket/Aurora,source,Durham-York,https://yrbl.ca/,,,,community,,,,,,,,,,,,,community-sweep,1,1,,,York Region Basketball League (YRBL),https://yrbl.ca/,,yes,canadian-tld,2026-07,,youth,
York Region Elite,Ontario,,,York Region,https://ynba.ca,admin@ynba.ca,9058539102,JUEL / JUEL Prep; Phoenix League; Toronto Big League (JR Rep),,,,,,,"instagram.com/ynbaball, facebook.com/YNBAbasketball",,"CAUTION - inferred match, not a direct name hit: search results state 'York North Basketball Association (YNBA) is the JUEL franchise holder for York Region' and 'provides JUEL, JUEL Prep, and JUEL Ac",,,,,"browser-sweep,league-harvest,tier3-search",3,5,,yes,York Region | York Region (YNBA) | York Region Academy | York Region Elite,https://ynba.ca/juel/,yes,yes,canadian-tld,2026-07,,youth,
York South Silver Knights,Ontario,Richmond Hill/Markham ON,source,Durham-York,https://www.silverknightsbasketball.com/,ysskbc@gmail.com,416-895-1730,OBL; OBL/OBA (affiliated),house-league,43.8584988,-79.3366637,,,,FB /silverknightsbasketball,,,,,,Sam Bongiorno (Dir Ops),"community-sweep,contact-enrichment,oba-kml,obl-teams",4,4,yes,yes,YSSK | York South Silver Knights | York South Silver Knights Basketball,https://www.google.com/maps/d/kml?mid=1jf36n-Sx3O1KSIlSjRcGu-JABLNcyUgo&forcekml=1,yes,yes,website-from-governing-body,2026-07,,youth,
YvY Elite,Ontario,Waterloo/Kitchener/Guelph,source,GTA,https://yvybasketball.com/,yvybball@gmail.com,,CYBL (Canadian Youth Basketball League); NPH Showcase; NPH-SL,,,,,,,IG @youvsyoubasketballtraining; IG @yvyelitebasketball,,,,,,,"census-2026-07,league-harvest,ontario-circuit-list,ontario-csv,website-scrape",5,5,,,YvY Elite | YvY Elite (You vs You),ontario census + enrichment 2026-07-18,yes,yes,website-corroborated,2026-07,,youth,
Zer0 Doubt Basketball,Ontario,,,GTA,zerodoubt.ca,chadrack_2003@hotmail.com,(647) 507-2686,NPH Showcase,,,,,,,,,,,,,,"census-2026-07,ontario-csv",2,2,,,Zer0 Doubt Basketball,ontario census + enrichment 2026-07-18,yes,yes,canadian-tld,2026-07,,youth,
BGC Prince County - Summerside Club (Boys & Girls Club),Prince Edward Island,Summerside,source,"Prince County, PEI",https://www.facebook.com/bgcsummerside/,,,,multi-sport org (youth charity with drop-in basketball),,,,,,FB @bgcsummerside; FB @recover,,,,,,,"census-2026-07,website-scrape",2,2,,,BGC Prince County - Summerside Club (Boys & Girls Club),https://www.facebook.com/bgcsummerside/posts/-wednesday-night-basketball-is-back-starting-next-week-january-14th-we-will-have/1340845944749839/,,yes,website-corroborated,2026-07,,youth,
Charlottetown Tigers Minor Basketball Association (Charlottetown Minor Basketball Association),Prince Edward Island,Charlottetown,source,"Queens County, PEI",http://tigersbasketball.ca/,tigersbasketball.ca@gmail.com,,BPEI Jamboree Series; PEI Mini Rep League; house-league minis,community nonprofit,,,,,,,,,,,,,census-2026-07,1,1,,,Charlottetown Tigers Minor Basketball Association (Charlottetown Minor Basketball Association),https://basketballpei.ca/minor-associations,yes,yes,canadian-tld,2026-07,,youth,
Cornwall Comets Minor Basketball Association (aka Cornwall Area Basketball Association),Prince Edward Island,Cornwall,source,"Queens County, PEI",,cornwallcomets@gmail.com,,BPEI Jamboree Series; PEI Mini Rep League; house-league minis,community nonprofit,,,,,,,,,,,,,census-2026-07,1,1,,,Cornwall Comets Minor Basketball Association (aka Cornwall Area Basketball Association),https://basketballpei.ca/minor-associations,yes,,no-website,2026-07,,youth,
East Prince Sting Minor Basketball Association (EPMBA),Prince Edward Island,Summerside,source,"Prince County (East Prince), PEI",https://www.facebook.com/EastPrinceStingBasketball/,epmbasting@hotmail.ca,,BPEI Jamboree Series; PEI Mini Rep League; house-league minis,community nonprofit,,,,,,FB @EastPrinceStingBasketball; FB @recover,,,,,,,"census-2026-07,website-scrape",2,2,,,East Prince Sting Minor Basketball Association (EPMBA),https://basketballpei.ca/minor-associations,yes,yes,website-corroborated,2026-07,,youth,
Island Aces Basketball Club,Prince Edward Island,Charlottetown,source,Province-wide (PEI),https://basketballpei.ca/island-aces,islandaces@gmail.com,902-368-4986,Regional/Maritime club tournaments and exhibition competition (outside the mapped PEI leagues),PSO-run rep club program (nonprofit),,,,,,,,,,,,,census-2026-07,1,1,,,Island Aces Basketball Club,https://basketballpei.ca/island-aces,yes,yes,canadian-tld,2026-07,,youth,
Kensington Nor'easters Minor Basketball Association,Prince Edward Island,Kensington,source,"Prince County, PEI",https://www.facebook.com/pages/category/Community/Kensington-Noreasters-Basketball-1665784420326120/,,,BPEI Jamboree Series; PEI Mini Rep League; house-league minis,community nonprofit,,,,,,FB @recover,,,,,,,"census-2026-07,website-scrape",2,2,,,Kensington Nor'easters Minor Basketball Association,https://basketballpei.ca/minor-associations,,yes,website-corroborated,2026-07,,youth,
Morell Wildcats Minor Basketball Association,Prince Edward Island,Morell,source,Kings County (Eastern PEI),,,,BPEI Jamboree Series; PEI Mini Rep League; house-league minis,community nonprofit,,,,,,,,,,,,,census-2026-07,1,1,,,Morell Wildcats Minor Basketball Association,https://basketballpei.ca/minor-associations,,,no-website,2026-07,,youth,
North Shore Ospreys Minor Basketball Association,Prince Edward Island,,,"Queens County (North Shore), PEI",http://www.northshoreospreys.ca/,,,BPEI Jamboree Series; PEI Mini Rep League; house-league minis,community nonprofit,,,,,,,,,,,,,census-2026-07,1,1,,,North Shore Ospreys Minor Basketball Association,https://basketballpei.ca/minor-associations,,yes,canadian-tld,2026-07,,youth,
Souris Slammers Minor Basketball Association (Souris Minor Basketball),Prince Edward Island,Souris,source,Kings County (Eastern PEI),https://www.facebook.com/sourisminorbasketball/,sourisminorbasketball@gmail.com,,BPEI Jamboree Series; PEI Mini Rep League; house-league minis,community nonprofit,,,,,,FB @recover; FB @sourisminorbasketball,,,,,,,"census-2026-07,website-scrape",2,2,,,Souris Slammers Minor Basketball Association (Souris Minor Basketball),https://basketballpei.ca/minor-associations,yes,yes,website-corroborated,2026-07,,youth,
South Shore Sharks Minor Basketball Association,Prince Edward Island,,,"Queens/Prince County border (South Shore), PEI",,,,BPEI Jamboree Series; PEI Mini Rep League; house-league minis,community nonprofit,,,,,,,,,,,,,census-2026-07,1,1,,,South Shore Sharks Minor Basketball Association,https://basketballpei.ca/minor-associations,,,no-website,2026-07,,youth,
Stratford Foxes Minor Basketball Association,Prince Edward Island,Stratford,source,"Queens County, PEI",http://stratfordfoxes.ca/,,,BPEI Jamboree Series; PEI Mini Rep League; house-league minis,community nonprofit,,,,,,,,,,,,,census-2026-07,1,1,,,Stratford Foxes Minor Basketball Association,https://basketballpei.ca/minor-associations,,yes,canadian-tld,2026-07,,youth,
Three Rivers Minor Basketball Association,Prince Edward Island,Montague (Town of Three Rivers),source,Kings County (Eastern PEI),,,,BPEI Jamboree Series; PEI Mini Rep League; house-league minis,community nonprofit,46.1690847,-62.6504602,,ChIJY0B5fGZoXksRAeIZ3YQuUh4,APPROXIMATE,,,,,,"Montague, PE, Canada",,"census-2026-07,geocode",2,2,,,Three Rivers Minor Basketball Association,https://maps.googleapis.com/maps/api/geocode/json,,,no-website,2026-07,,youth,
West Prince Wolverines Minor Basketball Association,Prince Edward Island,,,"Prince County (West Prince), PEI",,,,BPEI Jamboree Series; PEI Mini Rep League; house-league minis,community nonprofit,,,,,,,,,,,,,census-2026-07,1,1,,,West Prince Wolverines Minor Basketball Association,https://basketballpei.ca/minor-associations,,,no-website,2026-07,,youth,
AC Academy (Athlete Centre),Quebec,Mont-Royal,source,Greater Montréal — Montréal,https://www.athlete-centre.ca/,asoulis@athlete-centre.ca,514-264-8495,,private academy,,,,,,,,,,,,,census-2026-07,1,1,,,AC Academy (Athlete Centre),https://www.basketball.qc.ca/fr/page/reseau_basketball_quebec/montreal.html,yes,yes,canadian-tld,2026-07,,youth,
Académie Basketball Outaouais (ABO),Quebec,Gatineau,source,"Outaouais, QC",https://aboutaouais.ca/,info@aboutaouais.ca,819-918-9885,,private academy (mission-driven; incorporation status not published),,,,,,,,,,,,,census-2026-07,1,1,,,Académie Basketball Outaouais (ABO),https://aboutaouais.ca/en/,yes,yes,canadian-tld,2026-07,,youth,
Académie Basketball — Cégep de Sherbrooke (Centre de l'activité physique),Quebec,Sherbrooke,source,"Estrie, QC",https://cegepsherbrooke.qc.ca/centre-de-lactivite-physique/activites/jeunesse/academie-basketball/,cap@cegepsherbrooke.qc.ca,819-564-6360,,college-affiliated youth academy,,,,,,,,,,,,,census-2026-07,1,2,,,Académie Basketball — Cégep de Sherbrooke (Centre de l'activité physique) | Académie des Volontaires (Cégep de Sherbrooke — youth basketball academy),https://cegepsherbrooke.qc.ca/centre-de-lactivite-physique/activites/jeunesse/academie-basketball/,yes,yes,canadian-tld,2026-07,,youth,
Académie d'Alma (Alma Prep),Quebec,Alma QC,source,,collegealma.ca,eric.benoit@collegealma.ca,418-668-2387,,,,,,,,,,,,,,David Petroziello (HC),contact-enrichment,1,1,,,Académie d'Alma (Alma Prep),,yes,yes,canadian-tld,2026-07,,youth,
Académie de Basketball LTL,Quebec,Vaudreuil-Soulanges,source,Greater Montréal — Sud-Ouest,,,450-374-8044,,private academy,,,,,,,,,,,,,census-2026-07,1,1,,,Académie de Basketball LTL,https://www.basketball.qc.ca/fr/page/clubs_et_organisations/ou_jouer.html,yes,,no-website,2026-07,,youth,
Académie de Basketball Zone / Zone Basketball Academy,Quebec,Greater Montréal,source,Greater Montréal — Rive-Sud,https://zonebasketball.ca/,zonebasketball@outlook.com,,Quebec Youth Basketball League (QYBL/LJBQ),private academy,,,,,,FB @zone.basketball.academy; IG @zone_basketball_academy,,,,,,,"quebec-sweep,website-scrape",2,2,,,Académie de Basketball Zone / Zone Basketball Academy,https://zonebasketball.ca,yes,yes,canadian-tld,2026-07,,youth,
Académie De La Cité (École De La Cité),Quebec,Gatineau,source,"Outaouais, QC",,ch.david@live.ca,438-924-2522,,school-affiliated program (uncertain),,,,,,,,,,,,,census-2026-07,1,1,,,Académie De La Cité (École De La Cité),https://www.basketball.qc.ca/fr/page/reseau_basketball_quebec/outaouais.html,yes,,no-website,2026-07,,youth,
Académie Féminine Tempête de l'Arctique — ASLA Basketball,Quebec,Terrebonne,source,"Lanaudière, QC",,acad.femininetempetedelarctique@gmail.com,514-757-5300,,private academy (girls-focused),,,,,,,,,,,,,census-2026-07,1,1,,,Académie Féminine Tempête de l'Arctique — ASLA Basketball,https://www.basketball.qc.ca/fr/page/reseau_basketball_quebec/lanaudiere.html,yes,,no-website,2026-07,,youth,
"Académie Les Estacades ""5 Majeur""",Quebec,Trois-Rivières,source,Mauricie,,,,,Basketball Club / Sport-Études Academy,,,,,,,,,,,,,census-2026-07,1,1,,,"Académie Les Estacades ""5 Majeur""",Basketball Québec regional registry PDFs (mined 2026-07-18),,,no-website,2026-07,,youth,
AGBU basketball (Armenian General Benevolent Union),Quebec,Montréal,source,Greater Montréal,,,,Quebec Youth Basketball League (QYBL),community,,,,,,,,,,,,,quebec-sweep,1,1,,,AGBU basketball (Armenian General Benevolent Union),https://qybl.ca/,,,no-website,2026-07,,youth,
Alpha Community,Quebec,Montréal,source,Greater Montréal — Montréal,https://www.alphacommunity.ca/,info@alphacommunity.ca,514-518-1537,,community nonprofit,,,,,,,,,,,,,census-2026-07,1,1,,,Alpha Community,https://www.basketball.qc.ca/fr/page/reseau_basketball_quebec/montreal.html,yes,yes,canadian-tld,2026-07,,youth,
Amazones Basketball Laval,Quebec,Laval,source,Laval,,,(514) 970-2232,,Basketball Club,,,,,,,,,,,,,census-2026-07,1,2,,,Amazones Basketball | Amazones Basketball Laval,Basketball Québec regional registry PDFs (mined 2026-07-18),yes,,no-website,2026-07,,youth,
Arena 24,Quebec,Saint-Basile-le-Grand,source,Greater Montréal — Rive-Sud,https://www.arena24.ca/,teamarena24@gmail.com,514-431-1290,,private academy,,,,,,,,,,,,,census-2026-07,1,1,,,Arena 24,https://www.basketball.qc.ca/fr/page/reseau_basketball_quebec/montreal.html,yes,yes,canadian-tld,2026-07,,youth,
Arsenal Nouvelles Frontieres,Quebec,"Gatineau/Outaouais, QC (cross-border, inferred)",source,,,,,EOBA Competitive Season 2025-26,,,,,,,,,,,,,,browser-sweep,1,1,,,Arsenal Nouvelles Frontieres,https://tournaments-api.teamsnap.com/public/events/45924/participants,,,no-website,2025-26,,youth,
Association Basketball Saint-Jérôme,Quebec,Saint-Jérôme (based Prévost),source,Greater Montréal — Laurentides,https://basketballstjerome.ca/,basketse.stjerome@gmail.com,514-458-2359,,community nonprofit,,,,,,,,,,,,,census-2026-07,1,1,,,Association Basketball Saint-Jérôme,https://basketballstjerome.ca/,yes,yes,canadian-tld,2026-07,,youth,
Association de Basketball Amateur des Basques,Quebec,Trois-Pistoles,source,Bas-Saint-Laurent,,basketdesbasques@gmail.com,418-863-3167,,community nonprofit,,,,,,,,,,,,,census-2026-07,1,1,,,Association de Basketball Amateur des Basques,https://www.basketball.qc.ca/fr/page/reseau_basketball_quebec/est-du-quebec.html,yes,,no-website,2026-07,,youth,
Association de Basketball Born Again (BABE),Quebec,Montréal,source,Greater Montréal — Montréal,http://www.bornagainbasketball.com,pwhenry79@gmail.com,514-571-4964,,community nonprofit,,,,,,,,,,,,,census-2026-07,1,1,,,Association de Basketball Born Again (BABE),https://www.basketball.qc.ca/fr/page/reseau_basketball_quebec/montreal.html,yes,,unverified-single-source-non-ca,2026-07,,youth,
Association de Basketball de Châteauguay (CBA Ravens),Quebec,Châteauguay,source,Greater Montréal — Sud-Ouest,https://www.cbaravens.com/,treasurer@cbaravens.com,438-888-9657,Montreal Basketball League (MBL),community nonprofit,,,,,,,,,,,,,census-2026-07,1,1,,,Association de Basketball de Châteauguay (CBA Ravens),https://www.cbaravens.com/%C3%A0-propos-de-nous,yes,,unverified-single-source-non-ca,2026-07,,youth,
Association de basketball de Gatineau (ABG),Quebec,Gatineau,source,Quebec,www.basketballgatineau.com,info@basketballgatineau.com,819-360-5490,EOBA Competitive Season 2025-26; Ligue de mini-basket de Gatineau (LMBG) / Ligue de basketball de Gatineau — Mini-basket (ABG operates it); Ligue de mini-basket de Gatineau (LMBG/LBG — operated by ABG); NPH Showcase; NPH-D1; NPH-SL; National Capital Hoops Circuit (Ottawa; ON),community nonprofit,,,,,,,,,,,,,"browser-sweep,census-2026-07,ontario-circuit-list,ontario-csv",4,5,,,Association de basketball de Gatineau (ABG) | Dragons de Gatineau | Dragons de Gatineau (Basketball Gatineau) | Gatineau Dragons,ontario census + enrichment 2026-07-18,yes,yes,website-corroborated,2026-07,,youth,
Association de Basketball de Lachine,Quebec,Montréal (Lachine),source,Greater Montréal — Lac St-Louis,,janetlawrence61@gmail.com,514-829-9849,,community nonprofit,,,,,,,,,,,,,census-2026-07,1,1,,,Association de Basketball de Lachine,https://www.basketball.qc.ca/fr/page/reseau_basketball_quebec/montreal.html,yes,,no-website,2026-07,,youth,
Association de Basketball de Saint-Bruno (ABSB),Quebec,Saint-Bruno-de-Montarville,source,Greater Montréal — Rive-Sud,https://absb.ca/,info@absb.ca,514-984-2039,,community nonprofit,,,,,,,,,,,,,census-2026-07,1,1,,,Association de Basketball de Saint-Bruno (ABSB),https://absb.ca/association/,yes,yes,canadian-tld,2026-07,,youth,
Association de basketball de Saint-Jean-sur-Richelieu (Basketball Riverains),Quebec,Saint-Jean-sur-Richelieu,source,"Montérégie (Rive-Sud/Haut-Richelieu), QC",https://www.basketballstjean.ca/,abbstjr@gmail.com,263-380-1577,Ligues Locales ABSJR (own house league); Montreal Basketball League (MBL),community nonprofit,,,,,,,,,,,,,census-2026-07,1,2,,,Association de basketball de Saint-Jean-sur-Richelieu (Basketball Riverains) | Association de basketball de Saint-Jean-sur-Richelieu (Riverains),https://www.basketballstjean.ca/,yes,yes,canadian-tld,2026-07,,youth,
Association de basketball de Trois-Rivières (ABBTR – Storm),Quebec,Trois-Rivières,source,Mauricie,https://www.facebook.com/ABBTR.STORM,abbtr.storm@gmail.com,819-383-5258,,community nonprofit,,,,,,,,,,,,,census-2026-07,1,2,,,Association de basketball de Trois-Rivières (ABBTR – Storm) | V.I.T.A.L. Basketball,https://www.basketball.qc.ca/fr/page/reseau_basketball_quebec/mauricie.html,yes,,unverified-single-source-non-ca,2026-07,,youth,
Association de basketball Némésis (Nemesis Basketball),Quebec,Terrebonne / Mascouche,source,Greater Montréal — Lanaudière,https://nemesisbasketball.com/,info@nemesisbasketball.com,1-888-569-2268,,community nonprofit,,,,,,,,,,,,,census-2026-07,1,1,,,Association de basketball Némésis (Nemesis Basketball),https://nemesisbasketball.com/,yes,,unverified-single-source-non-ca,2026-07,,youth,
Association de Basketball Pagé (PAGÉ Basketball),Quebec,Montréal (Villeray–Saint-Michel),source,Greater Montréal — Montréal,https://pagebasketball.com/,pierre.al@csdm.qc.ca,(514) 268-9347,Montreal Basketball League (MBL),community nonprofit,,,,,,,,,,,,,census-2026-07,1,1,,,Association de Basketball Pagé (PAGÉ Basketball),https://pagebasketball.com/histoire/,yes,,unverified-single-source-non-ca,2026-07,,youth,
Association de basketball Persévérance,Quebec,Saint-Charles-Borromée (Grand Joliette),source,"Lanaudière, QC",https://www.associationbasketballperseverance.com/,basketballperseverance@gmail.com,514-709-5717,Ligue Basketball Québec (LBQ),community nonprofit,46.048522,-73.4626679,J6E 4P3,ChIJv3am8_i8yEwRO7x7JTbDMyw,APPROXIMATE,,,,,,"Saint-Charles-Borromée, QC J6E 4P3, Canada",,"census-2026-07,geocode",2,4,,,Association Basketball Persévérance | Association de basketball Persévérance,https://maps.googleapis.com/maps/api/geocode/json,yes,,unverified-single-source-non-ca,2026-07,,youth,
Association de Basketball Roussillon (ABR Lions),Quebec,Candiac / Delson / La Prairie,source,Greater Montréal — Rive-Sud (Roussillon),https://abrlions.com/,cpierre30@gmail.com,514-946-3404,,private academy,,,,,,,,,,,,,census-2026-07,1,2,,,Académie des Lions inc. | Association de Basketball Roussillon (ABR Lions),https://www.basketball.qc.ca/fr/page/reseau_basketball_quebec/rive-sud.html,yes,,unverified-single-source-non-ca,2026-07,,youth,
Association du Basketball de Rimouski (ABR),Quebec,Rimouski,source,Bas-Saint-Laurent,https://basketballrimouski.com/,basketrimouski@gmail.com,418-509-9730,ABR in-house recreational league (house league),community nonprofit,,,,,,,,,,,,,census-2026-07,1,1,,,Association du Basketball de Rimouski (ABR),https://app2.sygaction.com/associationdubasketballderimouski/,yes,,unverified-single-source-non-ca,2026-07,,youth,
Association du basketball mineur de Baie-Comeau,Quebec,Baie-Comeau,source,Côte-Nord (eastern Quebec),https://www.facebook.com/profile.php?id=100076065697206,abmbc01@gmail.com,,,community nonprofit,,,,,,,,,,,,,census-2026-07,1,1,,,Association du basketball mineur de Baie-Comeau,https://www.ville.baie-comeau.qc.ca/organisme/association-du-basketball-mineur-de-baie-comeau/,yes,,unverified-single-source-non-ca,2026-07,,youth,
Association Régionale de Basketball Laval (ABL / Basketball Laval),Quebec,Laval,source,Greater Montréal — Laval,https://www.basketlaval.ca/,info.basketlaval@gmail.com,514-553-8422,Circuit Basketball Québec (CBQ); Ligue de Basketball de Montréal (MBL) — AAA/AA/Girls; Ligue maison Nobel (house); Montreal Basketball League (MBL),community nonprofit,,,,,,FB @basketballlaval; IG @basketlaval,,,,,,,"census-2026-07,quebec-sweep,website-scrape",3,4,,,Association Régionale de Basketball Laval (ABL / Basketball Laval) | Basketball Laval | Nobel Élite (Association Basketball Laval — 'Laval Nobel' program),https://www.basketlaval.ca/?lang=en,yes,yes,canadian-tld,2026-07,,youth,
Atelier 803 (formerly L'Académie de basketball de Thetford Mines; teams brand: Team Thetford Basketball),Quebec,Thetford Mines (Saint-Joseph-de-Coleraine),source,Chaudière-Appalaches,https://www.atelier803.ca/,info@atelier803.ca,,Elite circuits in the United States and Ontario (prep circuits — specific circuit names not published); NSC; US/Ontario elite prep circuits (unspecified; outside RSEQ),private academy (with nonprofit fundraising campaigns),46.1028329,-71.3055522,,ChIJF-H4RfwwuEwR4o5YIlyun-Q,APPROXIMATE,FB @Elated-Themes-1889004714470831; FB @ElatedThemes; FB @team.thetford.basketball; IG @elatedthemes,,,,,"Thetford Mines, QC, Canada",,"census-2026-07,geocode,ontario-circuit-list,website-scrape",4,7,,,Atelier 803 (formerly L'Académie de basketball de Thetford Mines; teams brand: Team Thetford Basketball) | Team Thetford (Atelier 803) | Team Thetford Basketball (Académie de basketball de Thetford),https://maps.googleapis.com/maps/api/geocode/json,yes,yes,canadian-tld,2026-07,,youth,
Ballon-Panier Centre-Nord (BOP BOP),Quebec,Montréal (Centre-Nord),source,Greater Montréal — Montréal,http://bopbop.ca/bpcn,huberttanguaylabrosse@gmail.com,514-229-2259,,community nonprofit,,,,,,,,,,,,,census-2026-07,1,1,,,Ballon-Panier Centre-Nord (BOP BOP),https://www.basketball.qc.ca/fr/page/reseau_basketball_quebec/montreal.html,yes,yes,canadian-tld,2026-07,,youth,
BANG Ivoire Canada,Quebec,Montréal,source,Greater Montréal — Montréal,,plusmamadou305@gmail.com,514-402-8597,,community nonprofit,,,,,,,,,,,,,census-2026-07,1,1,,,BANG Ivoire Canada,https://www.basketball.qc.ca/fr/page/reseau_basketball_quebec/montreal.html,yes,,no-website,2026-07,,youth,
"BASE — Basketball, Association du Secteur Est",Quebec,Gatineau,source,"Outaouais, QC",,basketball.secteurest@gmail.com,819-639-7542,,community nonprofit,,,,,,,,,,,,,census-2026-07,1,2,,,"BASE — Basketball, Association du Secteur Est | Basketball, Association du Secteur Est (BASE)",https://www.basketball.qc.ca/fr/page/reseau_basketball_quebec/outaouais.html,yes,,no-website,2026-07,,youth,
Basket-ball Varennes,Quebec,Varennes,source,Greater Montréal — Rive-Sud,,basketballvarennes@gmail.com,514-923-6147,,community nonprofit,,,,,,,,,,,,,census-2026-07,1,1,,,Basket-ball Varennes,https://www.basketball.qc.ca/fr/page/reseau_basketball_quebec/rive-sud.html,yes,,no-website,2026-07,,youth,
Basketball Boucherville,Quebec,Boucherville,source,Greater Montréal — Rive-Sud,https://basketballboucherville.ca/,info@basketballboucherville.ca,450-641-0693,,community nonprofit,,,,,,,,,,,,,census-2026-07,1,1,,,Basketball Boucherville,https://basketballboucherville.ca/,yes,yes,canadian-tld,2026-07,,youth,
Basketball Mont-Tremblant,Quebec,Mont-Tremblant,source,Laurentides (outside Greater Montréal core),https://basketballmt.ca/,info@basketballmt.com,1-819-808-1462,,community nonprofit,,,,,,,,,,,,,census-2026-07,1,1,,,Basketball Mont-Tremblant,https://www.basketball.qc.ca/fr/page/reseau_basketball_quebec/laurentides.html,yes,yes,canadian-tld,2026-07,,youth,
Basketball Rouyn-Noranda,Quebec,Rouyn-Noranda,source,Abitibi-Témiscamingue,https://www.basketballrn.ca/,basketballrouynnoranda@gmail.com,,,community,,,,,,FB @basketballrouynnoranda,,,,,,,"quebec-sweep,website-scrape",2,2,,,Basketball Rouyn-Noranda,https://www.basketballrn.ca,yes,yes,canadian-tld,2026-07,,youth,
Basketball Sherbrooke (BBS),Quebec,Sherbrooke,source,Estrie,https://sites.google.com/site/basketballsherbrooke/accueil,bbscoordination@gmail.com,819-993-7536,,club,,,,,,,,,,,,,census-2026-07,1,2,,,Basketball Sherbrooke | Basketball Sherbrooke (BBS),Basketball Québec regional registry PDFs (mined 2026-07-18),yes,,unverified-single-source-non-ca,2026-07,,youth,
Basketball St-Laurent (Comité de basketball Saint-Laurent),Quebec,Montréal (Saint-Laurent),source,Greater Montréal — Lac St-Louis,https://basketballstlaurent.com/,info@basketballstlaurent.com,514-570-2929,Basketball St-Laurent Ligue Maison; Montreal Basketball League (MBL),community nonprofit,,,,,,,,,,,,,census-2026-07,1,1,,,Basketball St-Laurent (Comité de basketball Saint-Laurent),https://basketballstlaurent.com/,yes,,unverified-single-source-non-ca,2026-07,,youth,
Basketball Élite Southwood,Quebec,Lévis / Saint-Gilles,source,Chaudière-Appalaches,https://www.basketballsouthwood.com/,southwoodbball@hotmail.com,581-337-1868,Ligue Basketball Québec (LBQ) — reported; provincial circuit play across Québec,"community nonprofit (registered 2023-03-14, NEQ 1178532330)",,,,,,,,,,,,,census-2026-07,1,1,,,Basketball Élite Southwood,https://www.basketballsouthwood.com/,yes,,unverified-single-source-non-ca,2026-07,,youth,
BFGS Basketball Academy (Overcomers),Quebec,Fort-Coulonge,source,"Outaouais (Pontiac), QC — operates Montreal, Longueuil and Gatineau",https://bfgs.ca,hello@bfgs.ca,514-621-5738,,private academy,,,,,,,,,,,,,census-2026-07,1,1,,,BFGS Basketball Academy (Overcomers),https://bfgs.ca,yes,yes,canadian-tld,2026-07,,youth,
Bluehounds Basketball,Quebec,Montréal (Westmount),source,Greater Montréal — Montréal,https://twkf.com/bluehounds-1/,ericadecarolis.9571@gmail.com,514-266-9200,Montreal Basketball League (MBL),community nonprofit,,,,,,,,,,,,,census-2026-07,1,1,,,Bluehounds Basketball,https://www.basketball.qc.ca/fr/page/reseau_basketball_quebec/montreal.html,yes,,unverified-single-source-non-ca,2026-07,,youth,
Brookwood Basketball Association,Quebec,Montréal (Pierrefonds-Roxboro),source,Greater Montréal — Lac St-Louis,http://www.brookwoodbasketball.org/,brookwood@videotron.ca,514-684-5885,Montreal Basketball League (MBL),community nonprofit,,,,,,,,,,,,,census-2026-07,1,1,,,Brookwood Basketball Association,http://www.brookwoodbasketball.org/,yes,,unverified-single-source-non-ca,2026-07,,youth,
ByFar Sports (Qulture Basket),Quebec,Québec City,source,Capitale-Nationale,https://byfarsports.com/,info@byfarsports.com,581-300-3301,,private academy / commercial sports centre,,,,,,,,,,,,,census-2026-07,1,1,,,ByFar Sports (Qulture Basket),https://byfarsports.com/,yes,,unverified-single-source-non-ca,2026-07,,youth,
Cardinaux de Carignan (SWSD Basketball),Quebec,Carignan,source,"Montérégie (Vallée-du-Richelieu), QC",https://swsdbasketball.com/cardinaux,swsdbasketball@gmail.com,438-334-0922,,community program / small private organization (classification not published),,,,,,,,,,,,,census-2026-07,1,1,,,Cardinaux de Carignan (SWSD Basketball),https://swsdbasketball.com/cardinaux,yes,,unverified-single-source-non-ca,2026-07,,youth,
Cavaliers Ile-Perrot,Quebec,NDIP,source,Sud-Ouest,,,514-774-1663,,Club,,,,,,,,,,,,,census-2026-07,1,1,,,Cavaliers Ile-Perrot,Basketball Québec regional registry PDFs (mined 2026-07-18),yes,,no-website,2026-07,,youth,
CB Elite (Québec AAU),Quebec,Montreal QC,source,Greater Montréal,cbelite.ca,shawn@vidasana.ca,514-918-9906,Quebec Youth Basketball League (QYBL); described as a Québec AAU program,private academy,,,,,,IG @cb.elite,,,,,,Shawn Bowen (Program Dir/HC),"contact-enrichment,quebec-sweep",2,2,,,CB Elite | CB Elite (Québec AAU),https://www.cbelite.ca/,yes,yes,canadian-tld,2026-07,,youth,
Celtics EMB de Saint-Barnabé-Sud (Entraînement Mario Beaulac),Quebec,Saint-Barnabé-Sud (Saint-Hyacinthe area),source,"Montérégie (Richelieu-Yamaska), QC",https://www.entrainementmb.com,beaulac98@hotmail.com,450-771-1757,,private academy / training business (est. 2005),45.7299204,-72.9224457,,ChIJbybpQj5byEwRKS_6Q_2BIcI,APPROXIMATE,,,,,,"Saint-Barnabé-Sud, QC, Canada",,"census-2026-07,geocode",2,4,,,Celtics EMB (Entraînement Mario Beaulac) | Celtics EMB de Saint-Barnabé-Sud (Entraînement Mario Beaulac),https://maps.googleapis.com/maps/api/geocode/json,yes,,unverified-single-source-non-ca,2026-07,,youth,
Centre communautaire récréatif Saint-Jean-Baptiste (CCRSJB) — Mini-basket,Quebec,Drummondville,source,Centre-du-Québec,https://www.ccrsjb.qc.ca/activites/mini-basket,g.tessier@ccrsjb.qc.ca,,,multi-sport community org,,,,,,,,,,,,,census-2026-07,1,1,,,Centre communautaire récréatif Saint-Jean-Baptiste (CCRSJB) — Mini-basket,https://www.ccrsjb.qc.ca/activites/mini-basket,yes,yes,canadian-tld,2026-07,,youth,
Champs Basketball,Quebec,Dollard-des-Ormeaux,source,Greater Montréal — Lac St-Louis,https://champsmtlbasketball.com/,,514-898-2637,,private academy,,,,,,,,,,,,,census-2026-07,1,1,,,Champs Basketball,https://champsmtlbasketball.com/programs/,yes,,unverified-single-source-non-ca,2026-07,,youth,
Club basketball Les Astéries,Quebec,Victoriaville,source,Centre-du-Québec,,,819-460-8080,,club,,,,,,,,,,,,,census-2026-07,1,1,,,Club basketball Les Astéries,Basketball Québec regional registry PDFs (mined 2026-07-18),yes,,no-website,2026-07,,youth,
Club de Basket Québec 3x3 inc.,Quebec,Québec City,source,Capitale-Nationale,,aurelienpuech@outlook.com,581-992-8410,Circuit Basketball Québec 3X3 (likely — 3x3 club in BQ network; Circuit Basketball Québec 3X3 (likely — BQ launched circuit summer 2025; not explicitly published); unconfirmed for this club),3x3 club,,,,,,,,,,,,,census-2026-07,1,1,,,Club de Basket Québec 3x3 inc.,https://www.basketball.qc.ca/fr/page/reseau_basketball_quebec/quebecchaudiere-appalaches.html,yes,,no-website,2026-07,,youth,
Club de Basket-ball Jonquière,Quebec,Jonquière,source,Saguenay/Lac St-Jean,,,418-376-4281,,Club,,,,,,,,,,,,,census-2026-07,1,1,,,Club de Basket-ball Jonquière,Basketball Québec regional registry PDFs (mined 2026-07-18),yes,,no-website,2026-07,,youth,
Club de Basket-ball Panthers de Sherbrooke (Panthers Basketball),Quebec,Sherbrooke,source,"Estrie, QC",https://pantherssherbrooke.com/,panthersselectsherbrooke@gmail.com,873-662-3349,Brookwood Invitational; Quebec tournaments (Crossover Challenge; Zero Gravity (ZG) circuit (US AAU-style); etc.),community nonprofit (select/rep program),,,,,,,,,,,,,census-2026-07,1,2,,,Club de Basket-ball Panthers de Sherbrooke (Panthers Basketball) | Panthers Basketball (Panthers Select Sherbrooke),https://pantherssherbrooke.com/,yes,,unverified-single-source-non-ca,2026-07,,youth,
Club de basketball Bleu et Or de Jonquière,Quebec,Saguenay (Jonquière),source,Saguenay–Lac-Saint-Jean,https://bleuetor.ca/,infos@bleuetor.ca,418-590-2396,Regional development circuit; circuit name not published); provincial competitions (mini-développement,community nonprofit,48.4276054,-71.0600102,,ChIJvQNCMGgnwEwRND3ZOCx7EP4,APPROXIMATE,,,,,,"Saguenay, QC, Canada",,"census-2026-07,geocode",2,4,,,Club de basketball Bleu et Or (Jonquière) | Club de basketball Bleu et Or de Jonquière,https://maps.googleapis.com/maps/api/geocode/json,yes,yes,canadian-tld,2026-07,,youth,
Club de basketball de Beauce,Quebec,Saint-Georges,source,Chaudière-Appalaches,,,,,community,,,,,,,,,,,,,quebec-sweep,1,1,,,Club de basketball de Beauce,https://www.facebook.com/groups/165606103514972/,,,no-website,2026-07,,youth,
Club de basketball de Chicoutimi (Noir et Or / Mustangs),Quebec,Saguenay (Chicoutimi),source,Saguenay–Lac-Saint-Jean,https://noiretor.com/,benoit.vallieres@noiretor.com,418-698-3231,RSEQ Saguenay–Lac-St-Jean (school-linked Mustangs teams — school circuit; noted for context),community nonprofit,48.4276054,-71.0600102,,ChIJvQNCMGgnwEwRND3ZOCx7EP4,APPROXIMATE,,,,,,"Saguenay, QC, Canada",,"census-2026-07,geocode",2,2,,,Club de basketball de Chicoutimi (Noir et Or / Mustangs),https://maps.googleapis.com/maps/api/geocode/json,yes,,unverified-single-source-non-ca,2026-07,,youth,
Club de Basketball de l'Ouest — CBO Cavaliers (Cavaliers Île-Perrot),Quebec,Notre-Dame-de-l'Île-Perrot (Vaudreuil-Soulanges),source,Greater Montréal — Sud-Ouest,https://www.cavaliersbasketballouest.ca/,michel.bento@sympatico.ca,514-774-1663,Ligue Basketball Québec (LBQ); Montreal Basketball League (MBL),community nonprofit,45.377973,-73.9303913,,ChIJB7eNUFlHyUwRgQCa8LvhYIA,APPROXIMATE,,,,,,"Notre-Dame-de-l'Île-Perrot, QC, Canada",,"census-2026-07,geocode",2,2,,,Club de Basketball de l'Ouest — CBO Cavaliers (Cavaliers Île-Perrot),https://maps.googleapis.com/maps/api/geocode/json,yes,yes,canadian-tld,2026-07,,youth,
Club de Basketball de Montréal-Nord (CBMN),Quebec,Montréal (Montréal-Nord),source,Greater Montréal — Montréal,http://www.cbmn.ca,info@cbmn.ca,514-472-0223,Ligue Basketball Québec (LBQ),community nonprofit,,,,,,,,,,,,,census-2026-07,1,1,,,Club de Basketball de Montréal-Nord (CBMN),https://www.zeffy.com/en-US/ticketing/adhesions-de-club-de-basketball-de-montral-nord-cbmn--2025,yes,yes,canadian-tld,2026-07,,youth,
Club de basketball de St-Boniface,Quebec,Saint-Boniface,source,Mauricie,,matilde6@hotmail.com,819-247-0178,,community club,,,,,,,,,,,,,census-2026-07,1,1,,,Club de basketball de St-Boniface,https://www.basketball.qc.ca/fr/page/reseau_basketball_quebec/mauricie.html,yes,,no-website,2026-07,,youth,
Club de basketball Drummondville,Quebec,Drummondville,source,Centre-du-Québec,https://www.facebook.com/p/Club-de-basket-Drummondville-100090182062530/,caro_smith@hotmail.com,819-469-1601,Ligue Basketball Québec (LBQ) — via affiliated 'Riverains de Marie-Rivier' mini entry (BQ archive),community rep club,,,,,,,,,,,,,census-2026-07,1,1,,,Club de basketball Drummondville,http://www.basketball.qc.ca/fr/page/reseau_basketball_quebec/centre-du-quebec.html,yes,,unverified-single-source-non-ca,2026-07,,youth,
Club de basketball jeunesse Saint-Lin-Laurentides (Titans),Quebec,Saint-Lin-Laurentides,source,"Lanaudière, QC",https://titanbasketballstlin.com,titanbasketballstlin@gmail.com,514-207-1777,Ligue rive-nord de Montréal (as published on club site),community club,,,,,,,,,,,,,census-2026-07,1,1,,,Club de basketball jeunesse Saint-Lin-Laurentides (Titans),https://titanbasketballstlin.com,yes,,unverified-single-source-non-ca,2026-07,,youth,
Club de Basketball les Astéries,Quebec,Victoriaville,source,Centre-du-Québec,https://www.asteriebasketball.com/fr,direction@asteriesbasketball.com,819-998-9023,D1/D2 — school circuit; Ligue Basketball Québec (LBQ) — incl. LBQ Élite Benjamine; RSEQ (school-linked Astéries/Vicas secondary teams; noted for context),community nonprofit,,,,,,,,,,,,,census-2026-07,1,1,,,Club de Basketball les Astéries,https://www.asteriebasketball.com/en/about,yes,,unverified-single-source-non-ca,2026-07,,youth,
Club de basketball Les Tornades de Longueuil,Quebec,Longueuil,source,Greater Montréal — Rive-Sud,https://tornades.org/,tornadesbasketball@gmail.com,(514) 908-2219,Montreal Basketball League (MBL); NPH-SL,community nonprofit,,,,,,,,,,,,,"census-2026-07,ontario-circuit-list",2,2,,,Club de basketball Les Tornades de Longueuil | Tornades Basketball (likely Longueuil — verify),https://tornades.org/,yes,,unverified-single-source-non-ca,2026-07,,youth,
Club de Basketball M.A.D.,Quebec,,,Capitale-Nationale / Chaudière-Appalaches,,,418-805-6205,,community club,,,,,,,,,,,,,census-2026-07,1,1,,,Club de Basketball M.A.D.,https://www.publicationsports.com/ressources/files/737/Quebec-Chaudiere_appalaches.pdf,yes,,no-website,2026-07,,youth,
Club de basketball Magog,Quebec,Magog,source,"Estrie, QC",https://www.basketballmagog.com/,basketballmagog@gmail.com,819-993-1997,2-3 weekend tournaments per fall season); Circuit Basketball Estrie (regional inter-club development league; Circuit Basketball Estrie (regional inter-club development league),community nonprofit,,,,,,,,,,,,,census-2026-07,1,1,,,Club de basketball Magog,https://www.basketballmagog.com/2025-2026,yes,,unverified-single-source-non-ca,2026-07,,youth,
Club de Basketball Montréal-Est,Quebec,Montréal-Est,source,Greater Montréal — Montréal,https://crer.me/club-sportif/basketball-montreal-est/,info@crer.me,514-905-2105,,community nonprofit,,,,,,,,,,,,,census-2026-07,1,1,,,Club de Basketball Montréal-Est,https://crer.me/club-sportif/basketball-montreal-est/,yes,,unverified-single-source-non-ca,2026-07,,youth,
Club de basketball Révolution des Laurentides,Quebec,Terrebonne / Rosemère,source,Greater Montréal — Laurentides,https://www.revolutionbasket.com/,directeurgeneral@revolutionbasket.com,514-867-1205,Montreal Basketball League (MBL),community nonprofit,,,,,,,,,,,,,census-2026-07,1,1,,,Club de basketball Révolution des Laurentides,https://www.revolutionbasket.com/fr/index.html,yes,,unverified-single-source-non-ca,2026-07,,youth,
Club de Basketball Saint-Hyacinthe (STH) / V-Kings de Saint-Hyacinthe (formerly Vikings),Quebec,Saint-Hyacinthe,source,"Montérégie (Richelieu-Yamaska), QC",https://sth-basketball.com,sthbasketball@hotmail.com,514-885-4347,Circuit Basketball Québec (CBQ); Ligue Basketball Québec (LBQ),community nonprofit (civil program),,,,,,,,,,,,,census-2026-07,1,2,,,Club de Basketball Saint-Hyacinthe (STH) / V-Kings de Saint-Hyacinthe (formerly Vikings) | Vikings de St-Hyacinthe,https://www.basketball.qc.ca/fr/page/reseau_basketball_quebec/richelieu-yamaska.html,yes,,unverified-single-source-non-ca,2026-07,,youth,
Club Sportif Louisbourg-Cartierville,Quebec,Montréal (Cartierville),source,Greater Montréal — Montréal,http://www.clubsportiflbc.org,harrylamarre@hotmail.com,514-942-5020,,community nonprofit,,,,,,,,,,,,,census-2026-07,1,1,,,Club Sportif Louisbourg-Cartierville,https://www.basketball.qc.ca/fr/page/reseau_basketball_quebec/montreal.html,yes,,unverified-single-source-non-ca,2026-07,,youth,
College Durocher,Quebec,,,,,,,CYBL (Canadian Youth Basketball League),,,,,,,,,,,,,,league-harvest,1,1,,,College Durocher,https://www.cybl.ca/,,,no-website,2025-26,,youth,no-contact-unverified
Collège Saint-Jean-Vianney (CSJV Prep),Quebec,Montreal QC,source,,csjv.ca,,514-648-3821,,,,,,,,FB /CSJVBasketball,,,,,,(school),contact-enrichment,1,1,,,Collège Saint-Jean-Vianney (CSJV Prep),,yes,yes,canadian-tld,2026-07,,youth,
Commission loisir et sport de la Baie-James,Quebec,Chapais,source,Côte-Nord,,,(418) 745-3968,,commission de loisir et sport,,,,,,,,,,,,,census-2026-07,1,1,,,Commission loisir et sport de la Baie-James,Basketball Québec regional registry PDFs (mined 2026-07-18),yes,,no-website,2026-07,,youth,
Conseil Sport Loisir de l'Estrie,Quebec,Rock Forest,source,Estrie,,,(819) 864-0864,,regional sport council,,,,,,,,,,,,,census-2026-07,1,1,,,Conseil Sport Loisir de l'Estrie,Basketball Québec regional registry PDFs (mined 2026-07-18),yes,,no-website,2026-07,,youth,
Corporation régionale de loisir et de sport de Lanaudière,Quebec,L'Épiphanie,source,Lanaudière,,,1-866-588-4443,,regional sport council,,,,,,,,,,,,,census-2026-07,1,1,,,Corporation régionale de loisir et de sport de Lanaudière,Basketball Québec regional registry PDFs (mined 2026-07-18),yes,,no-website,2026-07,,youth,
Côte Saint-Luc Warriors (CSL Warriors),Quebec,Côte Saint-Luc,source,Greater Montréal — Montréal,https://cslwarriors.ca/,kevin.fuks@gmail.com,514-983-8521,Montreal Basketball League (MBL),community nonprofit,,,,,,,,,,,,,census-2026-07,1,1,,,Côte Saint-Luc Warriors (CSL Warriors),https://cslwarriors.ca/,yes,yes,canadian-tld,2026-07,,youth,
Dexter's Basketball Club (DBC),Quebec,Brossard,source,Greater Montréal — Rive-Sud / Montréal,https://www.dbcmtl.org/,development@dbcmtl.org,514-312-0348,DBC Youth Basketball League (YBL); Montreal Basketball League (MBL),community nonprofit,,,,,,,,,,,,,census-2026-07,1,1,,,Dexter's Basketball Club (DBC),https://www.dbcmtl.org/aboutus,yes,,unverified-single-source-non-ca,2026-07,,youth,
DJ Sports Club,Quebec,Brossard,source,Greater Montréal — Rive-Sud / Montréal Sud-Ouest,https://www.djscmtl.org/,dexter.john@jdexter.org,514-799-8130,DBC Youth Basketball League (YBL),community nonprofit,,,,,,,,,,,,,census-2026-07,1,1,,,DJ Sports Club,https://www.djscmtl.org/basketball,yes,,unverified-single-source-non-ca,2026-07,,youth,
DOD Basketball / Club de Basket-Ball de Saint-Léonard (EMBC Avatars),Quebec,Montréal (Saint-Léonard),source,Greater Montréal — Montréal,https://dod-basketball.com/,info@dod-basketball.com,514-885-8176,,community nonprofit,,,,,,,,,,,,,census-2026-07,1,2,,,Association de basketball de l'est de l'île de Montréal (ABEIM) | DOD Basketball / Club de Basket-Ball de Saint-Léonard (EMBC Avatars),https://macommunaute.ca/bottin-des-organismes/clubdebasketballdesaintleonard/,yes,,unverified-single-source-non-ca,2026-07,,youth,
Downtown Community Blues (DC Blues),Quebec,Montréal (downtown),source,Greater Montréal — Montréal,,,,Montreal Basketball League (MBL),community nonprofit,,,,,,,,,,,,,census-2026-07,1,1,,,Downtown Community Blues (DC Blues),https://www.basketballmontreal.org/fr/index.html,,,no-website,2026-07,,youth,
Dropoff Elite,Quebec,Montreal QC,source,,,,,NPH-D1; NPH-SL,,,,,,,IG @dropoffelite,,,,,,"Basil Rose (Dir, unverified)","contact-enrichment,ontario-circuit-list",2,2,,,Dropoff Elite,,,,no-website,2026-07,,youth,
EDEM Basketball,Quebec,Québec City,source,Capitale-Nationale,,edembasketball@gmail.com,,,unknown (listed as club/organization in PSO registry),,,,,,,,,,,,,census-2026-07,1,1,,,EDEM Basketball,https://www.publicationsports.com/ressources/files/737/Quebec-Chaudiere_appalaches.pdf,yes,,no-website,2026-07,,youth,
Elite Basketball Skills Academy (EBSA),Quebec,Châteauguay,source,Greater Montréal — Sud-Ouest,https://ebsacademy.ca/fr,admin@ebsacademy.ca,450-507-1696,,private academy,,,,,,,,,,,,,census-2026-07,1,1,,,Elite Basketball Skills Academy (EBSA),https://www.basketball.qc.ca/fr/page/reseau_basketball_quebec/rive-sud.html,yes,yes,canadian-tld,2026-07,,youth,
Elite Legacy Hoops,Quebec,Saint-Jérôme,source,Greater Montréal — Laurentides,https://www.instagram.com/elitelegacyhoops,elitelegacyhoops@gmail.com,514-994-3715,,private academy,,,,,,,,,,,,,census-2026-07,1,1,,,Elite Legacy Hoops,https://www.basketball.qc.ca/fr/page/reseau_basketball_quebec/montreal.html,yes,,unverified-single-source-non-ca,2026-07,,youth,
ESCADRON Sport-Études,Quebec,Blainville,source,Greater Montréal — Laurentides,http://escadron.com/,info@escadron.com,514-730-1466,,private academy,,,,,,,,,,,,,census-2026-07,1,1,,,ESCADRON Sport-Études,https://www.basketball.qc.ca/fr/page/reseau_basketball_quebec/laurentides.html,yes,,unverified-single-source-non-ca,2026-07,,youth,
Espoirs,Quebec,"Gatineau/Outaouais, QC (cross-border, inferred)",source,,,,,EOBA Competitive Season 2025-26,,,,,,,,,,,,,,browser-sweep,1,1,,,Espoirs | Mini-Espoirs,https://tournaments-api.teamsnap.com/public/events/45924/participants,,,no-website,2025-26,,youth,
FCAWI (Filipino Community Association of the West Island),Quebec,Dollard-des-Ormeaux,source,Greater Montréal — Lac St-Louis,http://www.fcawi.ca/,jrlingon@gmail.com,514-791-0738,,multi-sport org,,,,,,,,,,,,,census-2026-07,1,1,,,FCAWI (Filipino Community Association of the West Island),https://www.basketball.qc.ca/fr/page/reseau_basketball_quebec/montreal.html,yes,yes,canadian-tld,2026-07,,youth,
Fusion Élite,Quebec,Saint-Eustache,source,Greater Montréal — Laurentides,,enacheadrian2000@yahoo.ca,514-261-9933,,private academy,,,,,,,,,,,,,census-2026-07,1,1,,,Fusion Élite,https://www.basketball.qc.ca/fr/page/reseau_basketball_quebec/laurentides.html,yes,,no-website,2026-07,,youth,
Gaiters Basketball Academy,Quebec,Sherbrooke (Lennoxville),source,"Estrie, QC",http://gaitersbasketballacademy.ca,sdunn@ubishops.ca,819-239-9488,,private academy (affiliated with Bishop's University Gaiters),,,,,,,,,,,,,census-2026-07,1,1,,,Gaiters Basketball Academy,http://gaitersbasketballacademy.ca,yes,yes,canadian-tld,2026-07,,youth,
Galaxie Basket,Quebec,Montréal,source,Greater Montréal — Montréal,https://galaxiebasket.ca/,fpoupineau@gmail.com,514-249-5658,,private academy,,,,,,,,,,,,,census-2026-07,1,1,,,Galaxie Basket,https://www.basketball.qc.ca/fr/page/reseau_basketball_quebec/montreal.html,yes,yes,canadian-tld,2026-07,,youth,
Gilas Montréal Basketball,Quebec,Montréal,source,Greater Montréal — Montréal,,panyp_24@hotmail.com,514-573-8414,,community nonprofit,,,,,,,,,,,,,census-2026-07,1,1,,,Gilas Montréal Basketball,https://www.basketball.qc.ca/fr/page/reseau_basketball_quebec/montreal.html,yes,,no-website,2026-07,,youth,
Granby Multi-Sports (basketball programming),Quebec,Granby,source,"Montérégie (Haute-Yamaska), QC",https://granbymultisports.ca/activite/mini-basket/,info@gmsgranby.org,450-776-8350,,multi-sport org,,,,,,,,,,,,,census-2026-07,1,2,,,Granby Multi-Sports (basketball programming) | Granby Multi-Sports (programme Basketball Indigo),https://granbymultisports.ca/activite/mini-basket/,yes,yes,canadian-tld,2026-07,,youth,
Homenetmen-GAMK Montreal (Union Générale Sportive Arménienne),Quebec,Montréal,source,Greater Montréal — Montréal,,leon.arabian@gmail.com,438-863-1017,,multi-sport org,,,,,,,,,,,,,census-2026-07,1,1,,,Homenetmen-GAMK Montreal (Union Générale Sportive Arménienne),https://www.basketball.qc.ca/fr/page/reseau_basketball_quebec/montreal.html,yes,,no-website,2026-07,,youth,
Hoops Lab Elite,Quebec,Drummondville,source,Centre-du-Québec,https://www.hoopslabs.com/,info@hoopslabs.com,+1 438-833-5719,,private academy / camp company,,,,,,,,,,,,,census-2026-07,1,1,,,Hoops Lab Elite,https://www.hoopslabs.com/,yes,,unverified-single-source-non-ca,2026-07,,youth,
Hope Basketball Québec (École Hope Basketball Québec Inc.),Quebec,Québec City,source,Capitale-Nationale,https://hopebasketballquebec.proinscription.com/,info.hopebasketballquebec@gmail.com,418-998-2223,,private academy,,,,,,,,,,,,,census-2026-07,1,1,,,Hope Basketball Québec (École Hope Basketball Québec Inc.),https://www.basketball.qc.ca/fr/page/reseau_basketball_quebec/quebecchaudiere-appalaches.html,yes,,unverified-single-source-non-ca,2026-07,,youth,
Institut de développement sportif de Québec,Quebec,Lac-Beauport,source,Capitale-Nationale,,melgauthier07@gmail.com,418-805-3145,,nonprofit sport institute (EMBQ-affiliated),,,,,,,,,,,,,census-2026-07,1,2,,,Institut de développement sportif de Québec,https://www.basketball.qc.ca/fr/page/reseau_basketball_quebec/quebecchaudiere-appalaches.html,yes,,no-website,2026-07,,youth,
Institut de Sport Dynastie,Quebec,Montreal/Laval QC,source,,,,,,,,,,,,IG @prep.dynastie,,,,,,Alexandre Victor / Woodwendy Séraphin / Bachir Outtara (founders),contact-enrichment,1,1,,,Institut de Sport Dynastie,,,,no-website,2026-07,,youth,
Intore Canada Basketball Academy (ICBA),Quebec,Gatineau,source,"Outaouais, QC (serves Ottawa-Gatineau / National Capital Region)",https://en.icbateam.com/,basket.intorecanada@gmail.com,819-968-7496,EOBA Competitive Season 2025-26; Ottawa/Eastern Ontario league hosted on eobasketball.ca (league name not published on page),"community nonprofit (incorporated academy, corp #11580647, inc. 2019-08-21)",,,,,,,,,,,,,"browser-sweep,census-2026-07",2,2,,,Intore Canada Basketball Academy | Intore Canada Basketball Academy (ICBA),https://en.icbateam.com/,yes,,unverified-single-source-non-ca,2026-07,,youth,
L'Académie d'Alma,Quebec,Alma,source,Saguenay–Lac-Saint-Jean,,,,,community nonprofit (OBNL),,,,,,,,,,,,,census-2026-07,1,1,,,L'Académie d'Alma,https://www.lelacstjean.com/sports/592750/lacademie-dalma-un-nouveau-club-pour-developper-le-basketball-au-lac-saint-jean,,,no-website,2026-07,,youth,
LANO — Association de basket-ball de Lanaudière,Quebec,Repentigny,source,Greater Montréal — Lanaudière,https://www.lano.qc.ca/,doyona22@hotmail.com,(514) 688-5266,,community nonprofit,,,,,,,,,,,,,census-2026-07,1,2,,,Association de Basketball de Lanaudière (LANO) | LANO — Association de basket-ball de Lanaudière,https://www.lano.qc.ca/,yes,yes,canadian-tld,2026-07,,youth,
LaSalle Leaders (Leaders Basketball Program),Quebec,Montréal (LaSalle),source,Greater Montréal — Lac St-Louis,https://leadersbasketball.com/,robert.gibbs@leadersbasketball.com,514-833-1214,Montreal Basketball League (MBL),community nonprofit,,,,,,,,,,,,,census-2026-07,1,1,,,LaSalle Leaders (Leaders Basketball Program),https://leadersbasketball.com/pages/novice,yes,,unverified-single-source-non-ca,2026-07,,youth,
Le L.A.B. (Laboratoire Athlète Basket / Espace Le Lab),Quebec,Shawinigan,source,Mauricie,https://www.espacelelab.ca/,stephanieboisvert@espacelelab.ca,819-852-5310,,community nonprofit (youth development through sport),,,,,,,,,,,,,census-2026-07,1,2,,,Le L.A.B. (Espace Le LAB) | Le L.A.B. (Laboratoire Athlète Basket / Espace Le Lab),https://www.espacelelab.ca/,yes,yes,canadian-tld,2026-07,,youth,
Les Ballons Intensifs (LBI),Quebec,"Montréal (Pointe-aux-Trembles, Montréal-Nord, LaSalle)",source,Greater Montréal — Montréal,https://www.lesballonsintensifs.com/,info@lesballonsintensifs.com,514-730-3840,,community nonprofit,,,,,,,,,,,,,census-2026-07,1,1,,,Les Ballons Intensifs (LBI),https://www.lesballonsintensifs.com/les-ballons-intensifs/notre-histoire/,yes,,unverified-single-source-non-ca,2026-07,,youth,
Les Événements Area Courts,Quebec,Montréal,source,Greater Montréal — Montréal,https://www.areacourts.com/,wilber.toribio@areacourts.com,514-923-5464,,private academy,,,,,,,,,,,,,census-2026-07,1,1,,,Les Événements Area Courts,https://www.basketball.qc.ca/fr/page/reseau_basketball_quebec/montreal.html,yes,,unverified-single-source-non-ca,2026-07,,youth,
Loic Hoops,Quebec,Saint-Philippe,source,Greater Montréal — Rive-Sud,https://loichoops.com/,info@loichoops.com,438-821-7448,,private academy,,,,,,,,,,,,,census-2026-07,1,1,,,Loic Hoops,https://www.basketball.qc.ca/fr/page/reseau_basketball_quebec/rive-sud.html,yes,,unverified-single-source-non-ca,2026-07,,youth,
Loisir et sport Montérégie,Quebec,Saint-Hyacinthe,source,Richelieu-Yamaska,,,(450) 773-9802,,Regional sport/leisure body,,,,,,,,,,,,,census-2026-07,1,1,,,Loisir et sport Montérégie,Basketball Québec regional registry PDFs (mined 2026-07-18),yes,,no-website,2026-07,,youth,
LRMBR — Ligue Récréative de Mini-Basket Régionale / Sonic de Sorel-Tracy,Quebec,Sorel-Tracy,source,"Montérégie (Pierre-De Saurel), QC",https://lrmbrsonic.square.site,lrmbr.sonic@gmail.com,450-846-5205,LRMBR (its own recreational mini-basket league); LRMBR (operates its own recreational mini-basket league); Ligue Basketball Québec (LBQ) — implied for Sonic novice/mini A-AA (article: 'Basketball Québec nous oblige à mettre nos équipes mini dans deux catégories différentes'),community nonprofit (league operator + competitive club),,,,,,,,,,,,,census-2026-07,1,1,,,LRMBR — Ligue Récréative de Mini-Basket Régionale / Sonic de Sorel-Tracy,https://www.basketball.qc.ca/fr/page/reseau_basketball_quebec/richelieu-yamaska.html,yes,,unverified-single-source-non-ca,2026-07,,youth,
Lynx Basketball de Saint-Hubert,Quebec,Longueuil (Saint-Hubert),source,Greater Montréal — Rive-Sud,https://lynx-st-hubert.com/,sbazile@outlook.fr,438-831-1045,Montreal Basketball League (MBL),community nonprofit,,,,,,,,,,,,,census-2026-07,1,1,,,Lynx Basketball de Saint-Hubert,https://www.basketball.qc.ca/fr/page/reseau_basketball_quebec/rive-sud.html,yes,,unverified-single-source-non-ca,2026-07,,youth,
Maison des Jeunes de LaSalle,Quebec,Montréal (LaSalle),source,Greater Montréal — Lac St-Louis,,,514-788-3938,,multi-sport org,,,,,,,,,,,,,census-2026-07,1,1,,,Maison des Jeunes de LaSalle,https://www.basketball.qc.ca/fr/page/clubs_et_organisations/ou_jouer.html,yes,,no-website,2026-07,,youth,
MBS Basketball (École de basketball de Modibo),Quebec,Québec City,source,Capitale-Nationale,https://www.mbsbasketball.ca/,modibo@mbsbasketball.ca,418-953-7504,,private academy,,,,,,,,,,,,,census-2026-07,1,2,,,MBS Basketball (MBS Basketball Training Club) | MBS Basketball (École de basketball de Modibo),https://www.mbsbasketball.ca/,yes,yes,canadian-tld,2026-07,,youth,
Milan Made,Quebec,Brossard,source,Greater Montréal — Rive-Sud,,jackpetricich@gmail.com,438-886-6677,,private academy,,,,,,,,,,,,,census-2026-07,1,1,,,Milan Made,https://www.basketball.qc.ca/fr/page/reseau_basketball_quebec/rive-sud.html,yes,,no-website,2026-07,,youth,
Miller Basketball Academy,Quebec,Laval,source,Greater Montréal — Laval,https://millerbasketballacademy.ca/,bobbymtraining@gmail.com,514-623-1313,Circuit Basketball Québec (CBQ); Miller Basketball Academy leagues (house),private academy,,,,,,,,,,,,,census-2026-07,1,1,,,Miller Basketball Academy,https://millerbasketballacademy.ca/,yes,yes,canadian-tld,2026-07,,youth,
Mini Basket Warwick,Quebec,Warwick,source,Centre-du-Québec,https://villedewarwick.quebec/activites-automne-2025/mini-basket-2/,karinecourchesne@yahoo.ca,819-806-9737,,community/municipal program,,,,,,,,,,,,,census-2026-07,1,1,,,Mini Basket Warwick,http://www.basketball.qc.ca/fr/page/reseau_basketball_quebec/centre-du-quebec.html,yes,,unverified-single-source-non-ca,2026-07,,youth,
Mini Indigo / Relève Indigo (Cégep de Granby),Quebec,Granby,source,"Montérégie (Haute-Yamaska), QC",https://cegepgranby.ca/mini-indigo-et-releve-indigo/,medesbiens@cegepgranby.qc.ca,,,institution-run community youth program (cégep),,,,,,,,,,,,,census-2026-07,1,1,,,Mini Indigo / Relève Indigo (Cégep de Granby),https://cegepgranby.ca/mini-indigo-et-releve-indigo/,yes,yes,canadian-tld,2026-07,,youth,
Mo-Sports,Quebec,"Montréal (Villeray, St-Michel, Parc-Extension, Montréal-Nord, St-Léonard)",source,Greater Montréal — Montréal,,,514-207-1814,,community nonprofit,,,,,,,,,,,,,census-2026-07,1,1,,,Mo-Sports,https://www.basketball.qc.ca/fr/page/clubs_et_organisations/ou_jouer.html,yes,,no-website,2026-07,,youth,
Monarques de Montréal,Quebec,Montréal,source,Greater Montréal — Montréal,http://monarquesmtl.com/,monarques@hotmail.com,514-573-7709,Montreal Basketball League (MBL),community nonprofit,,,,,,,,,,,,,census-2026-07,1,1,,,Monarques de Montréal,https://www.basketball.qc.ca/fr/page/reseau_basketball_quebec/montreal.html,yes,,unverified-single-source-non-ca,2026-07,,youth,
Montreal Community Cares Foundation / Red Rush Basketball,Quebec,Montréal (LaSalle),source,Greater Montréal — Lac St-Louis,http://www.montrealcommunitycares.com,dreid@montrealcommunitycares.com,514-816-6232,,community nonprofit,,,,,,,,,,,,,census-2026-07,1,1,,,Montreal Community Cares Foundation / Red Rush Basketball,https://www.basketball.qc.ca/fr/page/reseau_basketball_quebec/montreal.html,yes,,unverified-single-source-non-ca,2026-07,,youth,
Montreal Marquis Basketball Club,Quebec,Montréal (Côte Saint-Luc),source,Greater Montréal — Montréal,,edtupaz@videotron.ca,514-239-4954,,community nonprofit,,,,,,,,,,,,,census-2026-07,1,1,,,Montreal Marquis Basketball Club,https://www.basketball.qc.ca/fr/page/reseau_basketball_quebec/montreal.html,yes,,no-website,2026-07,,youth,
Montreal Prospects Basketball,Quebec,"Montréal (east end: Montréal-Nord, St-Léonard, Anjou, Pointe-aux-Trembles)",source,Greater Montréal — Montréal,https://basketball.exposureevents.com/organizations/27817/montreal-prospects-basketball,,514-616-5819,,private academy,,,,,,FB @exposurebasketballevents; IG @mtl_prospects,,,,,,,"census-2026-07,website-scrape",2,2,,,Montreal Prospects Basketball,https://journalmetro.com/local/saint-leonard/2311002/une-equipe-de-basketball-elite-pour-lest-de-montreal/,yes,yes,website-corroborated,2026-07,,youth,
Montreal United,Quebec,Montréal,source,Greater Montréal — Montréal,http://www.montrealunited.ca,info@montrealunited.ca,514-594-3128,,community nonprofit,,,,,,,,,,,,,census-2026-07,1,1,,,Montreal United,http://www.montrealunited.ca,yes,yes,canadian-tld,2026-07,,youth,
MTG Basketball,Quebec,Sainte-Marthe-sur-le-Lac,source,Greater Montréal — Laurentides,http://www.mtgbasketball.com,info@mtgbasketball.com,450-280-1056,,community nonprofit,,,,,,,,,,,,,census-2026-07,1,1,,,MTG Basketball,https://www.basketball.qc.ca/fr/page/reseau_basketball_quebec/laurentides.html,yes,,unverified-single-source-non-ca,2026-07,,youth,
One More Basketball,Quebec,Québec City,source,Capitale-Nationale,https://onemorebasketball.com/,onemorebasketball1@gmail.com,,,"private academy (training only, no teams)",,,,,,IG @onemore.basketball,,,,,,,"census-2026-07,website-scrape",2,2,,,One More Basketball,https://onemorebasketball.com/,yes,yes,website-corroborated,2026-07,,youth,
Panthères Club de Basketball Rive-Nord,Quebec,Rosemère,source,Greater Montréal — Laurentides,,,514-746-3478,,community nonprofit,,,,,,,,,,,,,census-2026-07,1,1,,,Panthères Club de Basketball Rive-Nord,https://www.basketball.qc.ca/fr/page/clubs_et_organisations/ou_jouer.html,yes,,no-website,2026-07,,youth,
Parc Ex Knights (Centre des Loisirs du Parc),Quebec,Montréal (Parc-Extension),source,Greater Montréal — Montréal,https://loisirsduparc.org/,comptable@loisirsduparc.org,514-277-6471,Montreal Basketball League (MBL),community nonprofit,,,,,,,,,,,,,census-2026-07,1,1,,,Parc Ex Knights (Centre des Loisirs du Parc),https://www.basketballmontreal.org/fr/page/organisations/parc_ex.html,yes,,unverified-single-source-non-ca,2026-07,,youth,
Passion Basketball Academy,Quebec,Laval,source,Greater Montréal — Laval,https://passionbasketball.com/,info@passionbasketball.ca,514-913-8050,,private academy,,,,,,,,,,,,,census-2026-07,1,1,,,Passion Basketball Academy,https://passionbasketball.com/,yes,,unverified-single-source-non-ca,2026-07,,youth,
Patro de Jonquière (basketball program),Quebec,Saguenay (Jonquière),source,Saguenay–Lac-Saint-Jean,https://www.patrojonquiere.org/activites/activites-sportives/basketball/,bienvenue@patrojonquiere.org,,,multi-sport community org,48.4276054,-71.0600102,,ChIJvQNCMGgnwEwRND3ZOCx7EP4,APPROXIMATE,FB @PatrodeJonquiere; IG @patrojonq,,,,,"Saguenay, QC, Canada",,"census-2026-07,geocode,website-scrape",3,3,,,Patro de Jonquière (basketball program),https://maps.googleapis.com/maps/api/geocode/json,yes,yes,website-corroborated,2026-07,,youth,
Phenix,Quebec,Lac-Saint-Joseph,source,Capitale-Nationale,,fournier_laurent@hotmail.com,418-454-2783,,unknown,45.4765446,-75.7012723,,ChIJU-6rC34azkwRVgkUGnD17Xw,APPROXIMATE,,,,,,"Gatineau, QC, Canada",,"census-2026-07,geocode",2,3,,,Phenix | Phénix (Lac-St-Joseph) | Phénix (basketball),https://maps.googleapis.com/maps/api/geocode/json,yes,,no-website,2026-07,,youth,
Philippine Basketball Association of Montreal (PBAM),Quebec,Montréal,source,Greater Montréal — Montréal,http://www.pbam.ca,jose.maguigad@gmail.com,514-586-1526,,community nonprofit,,,,,,,,,,,,,census-2026-07,1,2,,,Filipino Basketball League of CDN/NDG | Philippine Basketball Association of Montreal (PBAM),https://www.basketball.qc.ca/fr/page/reseau_basketball_quebec/montreal.html,yes,yes,canadian-tld,2026-07,,youth,
Phénix Basketball (Mini-Basket Phénix / Phénix de Nicolas-Gatineau),Quebec,Gatineau,source,"Outaouais, QC",https://phenix-basketball.kreezee-sports.com/,jeanduch@live.ca,819-208-7860,EOBA Competitive Season 2025-26,school-affiliated community mini-basket program,,,,,,,,,,,,,"browser-sweep,census-2026-07",2,4,,,Phenix | Phénix Basketball (Mini-Basket Phénix / Phénix de Nicolas-Gatineau) | Phénix de Gatineau | Phénix de Gatineau (Mini-Basket Phénix),https://www.publicationsports.com/ressources/files/737/Outaouais.pdf,yes,,unverified-single-source-non-ca,2026-07,,youth,
Pionniers & Mini-Pionniers Polybel,Quebec,Beloeil,source,"Montérégie (Vallée-du-Richelieu), QC",https://basketballpolybel.com/,pierre-luc.deslauriers@cssp.gouv.qc.ca,514-914-5635,,school-affiliated community program,,,,,,,,,,,,,census-2026-07,1,1,,,Pionniers & Mini-Pionniers Polybel,https://www.basketball.qc.ca/fr/page/reseau_basketball_quebec/richelieu-yamaska.html,yes,,unverified-single-source-non-ca,2026-07,,youth,
Prospectball,Quebec,Lévis,source,Chaudière-Appalaches,https://www.prospectball.com/,,(418) 930-7525,,private academy / training service,,,,,,FB @ProspectBall; FB @prospectballsports; IG @prospectball_skal,,,,,,,"census-2026-07,website-scrape",2,2,,,Prospectball,https://www.prospectball.com/bio,yes,yes,website-corroborated,2026-07,,youth,
Prédateurs NDL (Collège Notre-Dame-de-Lourdes),Quebec,Longueuil QC,source,,predateurs.ndl.qc.ca,predateurs@ndl.qc.ca,,,,,,,,,IG @ndlbasketball,,,,,,Francis Lauzière (Program Director),contact-enrichment,1,1,,,Prédateurs NDL (Collège Notre-Dame-de-Lourdes),,yes,yes,canadian-tld,2026-07,,youth,
Rebels Rive-Nord (Rebels-Rebelles Basketball Association),Quebec,Blainville,source,Greater Montréal — Laurentides,https://rebelsrivenord.com/,rebelsrivenord@gmail.com,514-962-8967,Ligue Jeunesse Rebels (LBRRNJ) / Mini-Rebels,community nonprofit,,,,,,,,,,,,,census-2026-07,1,1,,,Rebels Rive-Nord (Rebels-Rebelles Basketball Association),https://rebelsrivenord.com/,yes,,unverified-single-source-non-ca,2026-07,,youth,
ROM B-BALL,Quebec,Terrebonne,source,"Lanaudière, QC",,rombball.basket@gmail.com,514-296-8449,,private academy/training (assumed from naming; not confirmed),,,,,,,,,,,,,census-2026-07,1,1,,,ROM B-BALL,https://www.basketball.qc.ca/fr/page/reseau_basketball_quebec/lanaudiere.html,yes,,no-website,2026-07,,youth,
RSEQ,Quebec,,,Saguenay/Lac St-Jean,,,,,Sport-étudiant network (school sport),,,,,,,,,,,,,census-2026-07,1,1,,,RSEQ,Basketball Québec regional registry PDFs (mined 2026-07-18),,,no-website,2026-07,,youth,looks-like-abbreviation
RSEQ Montérégie,Quebec,Richelieu-Yamaska,source,Richelieu-Yamaska,,,,,School sport federation,,,,,,,,,,,,,census-2026-07,1,1,,,RSEQ Montérégie,Basketball Québec regional registry PDFs (mined 2026-07-18),,,no-website,2026-07,,youth,
RSEQCE,Quebec,Centre-du-Québec,source,Centre-du-Québec,,,(819) 864-0792,RSEQ,fédération sport-étudiant (RSEQ),,,,,,,,,,,,,census-2026-07,1,1,,,RSEQCE,Basketball Québec regional registry PDFs (mined 2026-07-18),yes,,no-website,2026-07,,youth,looks-like-abbreviation
RSEQCN,Quebec,Sept-Îles,source,Côte-Nord,,,418-968-3731,RSEQ,fédération sport-étudiant (RSEQ),,,,,,,,,,,,,census-2026-07,1,1,,,RSEQCN,Basketball Québec regional registry PDFs (mined 2026-07-18),yes,,no-website,2026-07,,youth,looks-like-abbreviation
RSEQEQ,Quebec,Rimouski,source,Est du Québec,,,,RSEQ,fédération sport-étudiant (RSEQ),,,,,,,,,,,,,census-2026-07,1,1,,,RSEQEQ,Basketball Québec regional registry PDFs (mined 2026-07-18),,,no-website,2026-07,,youth,looks-like-abbreviation
RSEQLL,Quebec,Sainte-Thérèse,source,Lanaudière,,,450-419-8786,,school sport network,,,,,,,,,,,,,census-2026-07,1,1,,,RSEQLL,Basketball Québec regional registry PDFs (mined 2026-07-18),yes,,no-website,2026-07,,youth,looks-like-abbreviation
RSEQM (Réseau du sport étudiant - Mauricie),Quebec,Trois-Rivières,source,Mauricie,,,,,Student Sport Network,,,,,,,,,,,,,census-2026-07,1,1,,,RSEQM (Réseau du sport étudiant - Mauricie),Basketball Québec regional registry PDFs (mined 2026-07-18),,,no-website,2026-07,,youth,
RSEQO (Réseau du sport étudiant - Outaouais),Quebec,Gatineau,source,Outaouais,,,(819) 643-6663,,Student Sport Network,,,,,,,,,,,,,census-2026-07,1,1,,,RSEQO (Réseau du sport étudiant - Outaouais),Basketball Québec regional registry PDFs (mined 2026-07-18),yes,,no-website,2026-07,,youth,
RSEQQCA,Quebec,Ste-Foy,source,Québec/Chaudière-Appalaches,,,(418) 657-7678,,School sport federation,,,,,,,,,,,,,census-2026-07,1,1,,,RSEQQCA,Basketball Québec regional registry PDFs (mined 2026-07-18),yes,,no-website,2026-07,,youth,
Révolution,Quebec,Rosemère,source,Laurentides,,,514-972-6765,,club,,,,,,,,,,,,,census-2026-07,1,1,,,Révolution,Basketball Québec regional registry PDFs (mined 2026-07-18),yes,,no-website,2026-07,,youth,
Sacred Heart School of Montreal,Quebec,Montreal QC,source,,sacredheart.qc.ca,,514-937-2845,,,,,,,,FB @SacredHeartMontreal,,,,,,Stephanie Broadhurst (Enrolment Dir),contact-enrichment,1,1,,,Sacred Heart School of Montreal,,yes,yes,canadian-tld,2026-07,,youth,
Sagesse Canada,Quebec,Saint-Eustache,source,Greater Montréal — Laval/Laurentides,https://sagessecanada.ca/,charleswrcwrc@gmail.com,514-572-1939,,community nonprofit,,,,,,,,,,,,,census-2026-07,1,1,,,Sagesse Canada,https://www.basketball.qc.ca/fr/page/reseau_basketball_quebec/laval.html,yes,yes,canadian-tld,2026-07,,youth,
SLAM CAMP,Quebec,Saint-Lambert / Saint-Bruno-de-Montarville,source,Greater Montréal — Rive-Sud,https://slamcamp.ca/,slamcampbasketball@gmail.com,514-919-3543,,private academy,,,,,,,,,,,,,census-2026-07,1,1,,,SLAM CAMP,https://www.basketball.qc.ca/fr/page/reseau_basketball_quebec/rive-sud.html,yes,yes,canadian-tld,2026-07,,youth,
Sonic de St-Amable,Quebec,Saint-Amable,source,Montérégie,,,,Quebec Youth Basketball League (QYBL),community,,,,,,,,,,,,,quebec-sweep,1,1,,,Sonic de St-Amable,https://qybl.ca/,,,no-website,2026-07,,youth,
Sphère Basketball,Quebec,Montréal,source,Greater Montréal — Montréal / Laval,https://www.spherebasketball.com/,info@spherebasketball.com,514-606-0978,,private academy,,,,,,,,,,,,,census-2026-07,1,1,,,Sphère Basketball,https://www.spherebasketball.com/minibasket,yes,,unverified-single-source-non-ca,2026-07,,youth,
Sport VM,Quebec,Shawinigan,source,Mauricie,,olirobert17@outlook.com,819-691-6213,,uncertain — appears school-affiliated (Val-Mauricie 'Montagnards') tournament/program organizer,,,,,,,,,,,,,census-2026-07,1,1,,,Sport VM,https://www.basketball.qc.ca/fr/page/reseau_basketball_quebec/mauricie.html,yes,,no-website,2026-07,,youth,
Sports-Laval,Quebec,Laval,source,Laval,,,(450) 664-1917,,Sport-étudiant (Student Sport),,,,,,,,,,,,,census-2026-07,1,1,,,Sports-Laval,Basketball Québec regional registry PDFs (mined 2026-07-18),yes,,no-website,2026-07,,youth,
SSF Blizzard (Séminaire Saint-François),Quebec,Saint-Augustin-de-Desmaures,source,,,,,NJC; NSC,,,,,,,,,,,,,,ontario-circuit-list,1,1,,,SSF Blizzard (Séminaire Saint-François),,,,no-website,2026-07,,youth,
St-Lazare Lions,Quebec,Saint-Lazare,source,Greater Montréal — Sud-Ouest,,stlazarelions@gmail.com,514-917-9879,,community nonprofit,,,,,,,,,,,,,census-2026-07,1,1,,,St-Lazare Lions,https://www.basketball.qc.ca/fr/page/reseau_basketball_quebec/sud-ouest.html,yes,,no-website,2026-07,,youth,
Stallion Sport Club,Quebec,Montréal,source,Greater Montréal — Montréal,http://www.stallionsportclub.ca,stallionsportclub@gmail.com,514-467-9933,,private academy,,,,,,,,,,,,,census-2026-07,1,1,,,Stallion Sport Club,https://www.basketball.qc.ca/fr/page/reseau_basketball_quebec/montreal.html,yes,yes,canadian-tld,2026-07,,youth,
Sun Youth Hornets (Jeunesse au Soleil),Quebec,Montréal (Plateau/Saint-Michel),source,Greater Montréal — Montréal,https://sunyouth.org/youth-basketball/,guinness.rider@jas-sy.org,514-967-2675,Montreal Basketball League (MBL),multi-sport org,,,,,,,,,,,,,census-2026-07,1,1,,,Sun Youth Hornets (Jeunesse au Soleil),https://sunyouth.org/youth-basketball/,yes,,unverified-single-source-non-ca,2026-07,,youth,
Sélect Rimouski,Quebec,Rimouski,source,Bas-Saint-Laurent,,keven.morneau@cssphares.gouv.qc.ca,,,uncertain — likely school-affiliated select program (contact is Centre de services scolaire des Phares staff),,,,,,,,,,,,,census-2026-07,1,1,,,Sélect Rimouski,https://www.basketball.qc.ca/fr/page/reseau_basketball_quebec/est-du-quebec.html,yes,,no-website,2026-07,,youth,
Séminaire Saint-François (Blizzard),Quebec,Saint-Augustin-de-Desmaures QC,source,,ssfblizzard.com,,418-872-0611,,,,,,,,FB @BlizzardBasketballSSF,,,,,,Jean-François Boisvert (DG),"contact-enrichment,website-scrape",2,2,,,Séminaire Saint-François (Blizzard),https://ssfblizzard.com,yes,yes,website-corroborated,2026-07,,youth,
Team CB / CB Elite,Quebec,Montreal cbelite.ca exists,source,,,,,NPH-SL,,,,,,,,,,,,,,ontario-circuit-list,1,1,,,Team CB / CB Elite,,,,no-website,2026-07,,youth,
Unité régionale de loisir et sport du Centre-du-Québec,Quebec,Drummondville,source,Centre-du-Québec,,,(819) 478-1483,,unité régionale de loisir et sport,,,,,,,,,,,,,census-2026-07,1,1,,,Unité régionale de loisir et sport du Centre-du-Québec,Basketball Québec regional registry PDFs (mined 2026-07-18),yes,,no-website,2026-07,,youth,
Unité régionale loisir et sport Côte-Nord,Quebec,Baie-Comeau,source,Côte-Nord,,,(418) 589-5774,,unité régionale de loisir et sport,,,,,,,,,,,,,census-2026-07,1,1,,,Unité régionale loisir et sport Côte-Nord,Basketball Québec regional registry PDFs (mined 2026-07-18),yes,,no-website,2026-07,,youth,
Uptown Montreal Basketball (Uptown Huskies),Quebec,Montréal,source,Greater Montréal — Montréal,https://uptownmontrealbasketball.org/,oliviabrown948@yahoo.ca,438-274-5750,Montreal Basketball League (MBL),community nonprofit,,,,,,,,,,,,,census-2026-07,1,1,,,Uptown Montreal Basketball (Uptown Huskies),https://uptownmontrealbasketball.org/,yes,,unverified-single-source-non-ca,2026-07,,youth,
VOLT Basketball,Quebec,Québec City,source,Capitale-Nationale,,glecuyercourtier@gmail.com,418-806-5899,,club / tournament organizer (type unverified),,,,,,,,,,,,,census-2026-07,1,1,,,VOLT Basketball,https://www.basketball.qc.ca/fr/page/reseau_basketball_quebec/quebecchaudiere-appalaches.html,yes,,no-website,2026-07,,youth,
West Island Lakers Basketball Association (WILBA),Quebec,Pointe-Claire (West Island),source,Greater Montréal — Lac St-Louis,https://www.wilba.net/,info@wilba.net,514-294-7394,Montreal Basketball League (MBL),community nonprofit,45.4719655,-73.7990191,,ChIJ6W4ZmDg8yUwRTVOWvoZM4_g,APPROXIMATE,,,,,,"Pointe-Claire, QC, Canada",,"census-2026-07,geocode",2,2,,,West Island Lakers Basketball Association (WILBA),https://maps.googleapis.com/maps/api/geocode/json,yes,,unverified-single-source-non-ca,2026-07,,youth,
West Island Outdoor Basketball League (WIOBL),Quebec,Pointe-Claire (West Island),source,Greater Montréal — Lac St-Louis,https://www.wiobl.com/,wioblstevehall@gmail.com,(514) 626-6044,West Island Outdoor Basketball League (WIOBL),community nonprofit,45.4719655,-73.7990191,,ChIJ6W4ZmDg8yUwRTVOWvoZM4_g,APPROXIMATE,,,,,,"Pointe-Claire, QC, Canada",,"census-2026-07,geocode",2,2,,,West Island Outdoor Basketball League (WIOBL),https://maps.googleapis.com/maps/api/geocode/json,yes,,unverified-single-source-non-ca,2026-07,,youth,
YM-YWHA Wolves,Quebec,Montréal (Snowdon),source,Greater Montréal — Montréal,https://ymywha.com/wolves-basketball/,ihermelin@ymywha.com,,Montreal Basketball League (MBL),multi-sport org,,,,,,,,,,,,,census-2026-07,1,1,,,YM-YWHA Wolves,https://www.basketball.qc.ca/fr/page/reseau_basketball_quebec/montreal.html,yes,,unverified-single-source-non-ca,2026-07,,youth,
École de basketball Éric Monkam (EBEM),Quebec,Québec City,source,Capitale-Nationale,https://www.ecolebbemonkam.com/,ecolebbemonkam1@gmail.com,,BasketBull Summer Championships (summer event circuit),private academy,,,,,,FB @ecolebbemonkam; IG @ecolebbemonkam,,,,,,,"census-2026-07,website-scrape",2,2,,,École de basketball Éric Monkam (EBEM),https://www.ecolebbemonkam.com/,yes,yes,website-corroborated,2026-07,,youth,
École de mini-basketball de Québec (EMBQ),Quebec,Québec City (Lac-Beauport),source,Capitale-Nationale,https://embq.qc.ca/,embq@embq.qc.ca,581-741-6658,Ligues de matchs EMBQ (own house-league match circuit); Ligues de matchs EMBQ (École de mini-basketball de Québec); RSEQ interscolaire (D1-D4),community nonprofit (basketball school),,,,,,FB @Acad; FB @academiesaintlouis; IG @academiesaintlouis,,,,,,,"census-2026-07,quebec-sweep,website-scrape",3,3,,,Académie Saint-Louis — programme Études-sports Basketball | École de mini-basketball de Québec (EMBQ),https://embq.qc.ca/contact/,yes,yes,canadian-tld,2026-07,,youth,
École secondaire Jean-de-Brébeuf,Quebec,Limoilou,source,Québec/Chaudière-Appalaches,,,,,School program,,,,,,,,,,,,,census-2026-07,1,1,,,École secondaire Jean-de-Brébeuf,Basketball Québec regional registry PDFs (mined 2026-07-18),,,no-website,2026-07,,youth,
École secondaire Saint-Gabriel (CSSMI),Quebec,Sainte-Thérèse QC,source,,st-gabriel.cssmi.qc.ca,,450-433-5445,,,,,,,,(school FB),,,,,,Jude-Alain Mathieu (Sport-études Dir),contact-enrichment,1,1,,,École secondaire Saint-Gabriel (CSSMI),,yes,yes,canadian-tld,2026-07,,youth,
École St-Gabriel,Quebec,,,,,,,NPH-D1,,,,,,,,,,,,,,ontario-circuit-list,1,1,,,École St-Gabriel,,,,no-website,2026-07,,youth,
"Énergie Basketball (incl. Impact Basketball, Shawinigan Prep, Volts Basketball Féminin)",Quebec,Shawinigan,source,Mauricie,https://www.facebook.com/Shawiprepbasketball/,m__gagnon_48@hotmail.com,819-913-9867,Basketball Québec civil circuit (division unspecified); Circuit Basketball Québec (CBQ) — 'circuit civil de Basketball Québec',community nonprofit,,,,,,,,,,,,,census-2026-07,1,1,,,"Énergie Basketball (incl. Impact Basketball, Shawinigan Prep, Volts Basketball Féminin)",https://www.lenouvelliste.ca/2020/11/12/un-nouveau-programme-de-basket-voit-le-jour-a-shawinigan-d5ed24fb34138565313630a433673a69/,yes,,unverified-single-source-non-ca,2026-07,,youth,
306 Heat,Saskatchewan,Regina,source,Regina & south Saskatchewan,https://www.instagram.com/306.heat.basketball/,,,,community club (rep),,,,,,IG @306.heat.basketball,,,,,,,"census-2026-07,website-scrape",2,2,,,306 Heat,https://www.basketballsask.com/member-organizations/currentmembers,,yes,website-corroborated,2026-07,,youth,
Al Ritchie Community Association (ARCA),Saskatchewan,Regina,source,Regina & south Saskatchewan,https://www.alritchie.org/,info@alritchie.org,306-352-3930,,multi-sport / community nonprofit organization,,,,,,,,,,,,,census-2026-07,1,1,,,Al Ritchie Community Association (ARCA),https://www.alritchie.org/,yes,,unverified-single-source-non-ca,2026-07,,youth,
Athol Murray College / Notre Dame Hounds,Saskatchewan,Wilcox SK,source,,notredame.ca,info@notredame.ca,306-732-2080,,,50.097934,-104.7225356,S0G 5E0,ChIJL1gU1-u1HlMRZIK_tsRzBwA,APPROXIMATE,FB @notredamehounds,,,,,"Wilcox, SK S0G 5E0, Canada",Marc Ffrench (W coach),"contact-enrichment,geocode",2,2,,,Athol Murray College / Notre Dame Hounds,https://maps.googleapis.com/maps/api/geocode/json,yes,yes,canadian-tld,2026-07,,youth,
Ballers Basketball Club (Regina Ballers),Saskatchewan,Regina,source,"Regina & south, SK",https://reginaballersbasketball.com,info@reginaballersbasketball.com,,BSI Club Championships (Basketball Saskatchewan Provincials); Regina Youth Club Basketball League (RYCBL),community club (rep),,,,,,FB @100850119432868,,,,,,,"census-2026-07,website-scrape",2,3,,,Ballers Basketball (Regina Ballers) | Ballers Basketball Club (Regina Ballers),https://reginaballersbasketball.com/,yes,yes,website-corroborated,2026-07,,youth,
Battlefords Jr. NBA community program (SKY Basketball),Saskatchewan,North Battleford,source,Saskatoon & north (SK),https://leagues.teamlinkt.com/skybasketball/Communities,l.sander@hotmail.com,,SKY Basketball / Saskatchewan Youth Basketball (Jr. NBA),community program (volunteer-coordinated SKY community),,,,,,,,,,,,,census-2026-07,1,1,,,Battlefords Jr. NBA community program (SKY Basketball),https://leagues.teamlinkt.com/skybasketball/Communities,yes,,unverified-single-source-non-ca,2026-07,,youth,
BattlefordsFC (Battlefords Indian & Métis Friendship Centre basketball),Saskatchewan,North Battleford,source,Saskatoon & north (SK),https://www.livingskiesbasketball.com/battlefordsfc,nbimfc@sasktel.net,306-445-8216,Living Skies Indigenous Basketball League (LSIBL),community nonprofit (friendship centre-hosted program),,,,,,,,,,,,,census-2026-07,1,2,,,Battlefords FC — Battlefords Indian & Métis Friendship Centre (LSIBL program) | BattlefordsFC (Battlefords Indian & Métis Friendship Centre basketball),https://www.livingskiesbasketball.com/battlefordsfc,yes,,unverified-single-source-non-ca,2026-07,,youth,
Biggar Jr. NBA community program (SKY Basketball),Saskatchewan,Biggar,source,Saskatoon & north (SK),https://leagues.teamlinkt.com/skybasketball/Communities,recreation@townofbiggar.com,,SKY Basketball / Saskatchewan Youth Basketball (Jr. NBA),"community program (Jr. NBA host site, town recreation dept)",,,,,,,,,,,,,census-2026-07,1,1,,,Biggar Jr. NBA community program (SKY Basketball),https://leagues.teamlinkt.com/skybasketball/Communities,yes,,unverified-single-source-non-ca,2026-07,,youth,
Carrot River Jr. NBA community program (SKY Basketball),Saskatchewan,Carrot River,source,Saskatoon & north (SK),https://leagues.teamlinkt.com/skybasketball/Communities,crrb@sasktel.net,,SKY Basketball / Saskatchewan Youth Basketball (Jr. NBA),community program (Jr. NBA host site),,,,,,,,,,,,,census-2026-07,1,1,,,Carrot River Jr. NBA community program (SKY Basketball),https://leagues.teamlinkt.com/skybasketball/Communities,yes,,unverified-single-source-non-ca,2026-07,,youth,
Christopher Lake Jr. NBA community program (SKY Basketball),Saskatchewan,Christopher Lake,source,Saskatoon & north (SK),https://leagues.teamlinkt.com/skybasketball/Communities,lwagner@srsd119.ca,,SKY Basketball / Saskatchewan Youth Basketball (Jr. NBA),community program (Jr. NBA host site),,,,,,,,,,,,,census-2026-07,1,1,,,Christopher Lake Jr. NBA community program (SKY Basketball),https://leagues.teamlinkt.com/skybasketball/Communities,yes,,unverified-single-source-non-ca,2026-07,,youth,
Club Fresh,Saskatchewan,Regina,source,Regina & south Saskatchewan,,gottsela@hotmail.com,,Regina Youth Club Basketball League (RYCBL),community club (rep),,,,,,,,,,,,,census-2026-07,1,1,,,Club Fresh,https://www.basketballsask.com/member-organizations/currentmembers,yes,,no-website,2026-07,,youth,
Cougar Selects,Saskatchewan,Regina,source,Regina & south Saskatchewan,,,,,community club (rep),,,,,,,,,,,,,census-2026-07,1,1,,,Cougar Selects,https://www.basketballsask.com/member-organizations/currentmembers,,,no-website,2026-07,,youth,
Cougars Select Black,Saskatchewan,Regina,source,"Regina & south, SK",,,,,club (unspecified),,,,,,,,,,,,,census-2026-07,1,1,,,Cougars Select Black,https://www.basketballsask.com/member-organizations/currentmembers,,,no-website,2026-07,,youth,
Cumberland House Jr. NBA community program (SKY Basketball),Saskatchewan,Cumberland House,source,Saskatoon & north (SK),https://leagues.teamlinkt.com/skybasketball/Communities,aaronfosseneuve@nlsd113.ca,,SKY Basketball / Saskatchewan Youth Basketball (Jr. NBA),community program (Jr. NBA host site),,,,,,,,,,,,,census-2026-07,1,1,,,Cumberland House Jr. NBA community program (SKY Basketball),https://leagues.teamlinkt.com/skybasketball/Communities,yes,,unverified-single-source-non-ca,2026-07,,youth,
Dundurn Jr. NBA community program (SKY Basketball),Saskatchewan,Dundurn,source,Saskatoon & north (SK),https://leagues.teamlinkt.com/skybasketball/Communities,sndriedger@hotmail.com,,SKY Basketball / Saskatchewan Youth Basketball (Jr. NBA),community program (Jr. NBA host site),,,,,,,,,,,,,census-2026-07,1,1,,,Dundurn Jr. NBA community program (SKY Basketball),https://leagues.teamlinkt.com/skybasketball/Communities,yes,,unverified-single-source-non-ca,2026-07,,youth,
Estevan Club Basketball (Estevan Grizzlies),Saskatchewan,Estevan,source,"Regina & south, SK",https://www.facebook.com/p/Estevan-Club-Basketball-61571698045768/,estevanclubbasketball@gmail.com,,BSI-sanctioned spring club tournament circuit (2026),community club (rep),,,,,,FB @recover,,,,,,,"census-2026-07,website-scrape",2,2,,,Estevan Club Basketball (Estevan Grizzlies),https://www.discoverestevan.com/articles/estevan-club-basketball-sees-record-growth-in-2026-season,yes,yes,website-corroborated,2026-07,,youth,
FN Basketball (First Nations Basketball),Saskatchewan,Regina,source,"Regina & south, SK",https://sites.google.com/view/fn-basketball/home,firstnationsbasketball@gmail.com,,,community nonprofit (Indigenous youth club),,,,,,,,,,,,,"census-2026-07,website-scrape",2,3,,,FN Basketball (First Nations Basketball) | FN Basketball Inc.,https://sites.google.com/view/fn-basketball/home,yes,yes,website-corroborated,2026-07,,youth,
Golden Ticket Sports / Golden Ticket Basketball Club,Saskatchewan,Moose Jaw,source,Regina & south Saskatchewan,https://goldenticketsports.com/,tanner@goldenticketsports.com,306-693-5622,Moose Jaw Minor Basketball League (Golden Ticket Sports); Moose Jaw Minor Basketball League (Golden Ticket Sports) — operates,multi-sport org (private),,,,,,,,,,,,,census-2026-07,1,2,,,Golden Ticket Sports (Golden Ticket Sports Centre) | Golden Ticket Sports / Golden Ticket Basketball Club,https://goldenticketsports.com/,yes,,unverified-single-source-non-ca,2026-07,,youth,
Greenwave United (Saskatoon Basketball Academy),Saskatchewan,Saskatoon,source,Saskatoon & north (SK),https://saskatoonbasketball.com,sean.tsn@gmail.com,(306) 321-6777,BSI Club Championships (Basketball Saskatchewan Provincials); BSI Club Championships / BSI-sanctioned club tournament circuit; BSI-sanctioned spring club tournament circuit (2026),community nonprofit with private-academy arm,,,,,,,,,,,,,census-2026-07,1,1,,,Greenwave United (Saskatoon Basketball Academy),https://saskatoonbasketball.com/what-we-do,yes,,unverified-single-source-non-ca,2026-07,,youth,
Hafford Jr. NBA community program (SKY Basketball),Saskatchewan,Hafford,source,Saskatoon & north (SK),https://leagues.teamlinkt.com/skybasketball/Communities,jillb2@hotmail.com,,SKY Basketball / Saskatchewan Youth Basketball (Jr. NBA),community program (Jr. NBA host site),,,,,,,,,,,,,census-2026-07,1,1,,,Hafford Jr. NBA community program (SKY Basketball),https://leagues.teamlinkt.com/skybasketball/Communities,yes,,unverified-single-source-non-ca,2026-07,,youth,
HoopLife Basketball Inc.,Saskatchewan,Regina,source,Regina & south Saskatchewan,https://www.hooplifebasketball.com/regina/home,info@hooplifebasketball.com,306-993-4570,HoopLife League (Regina; HoopLife Spring League (Regina); HoopLife Spring League (Regina) — operates; fall/winter); fall/winter) — operates,private academy,,,,,,,,,,,,,census-2026-07,1,1,,,HoopLife Basketball Inc.,https://www.hooplifebasketball.com/regina/home,yes,,unverified-single-source-non-ca,2026-07,,youth,
HoopLife Basketball — Saskatoon,Saskatchewan,Saskatoon,source,Saskatoon & north (SK),https://www.hooplifebasketball.com/saskatoon/home,saskatoon@hooplifebasketball.com,(306) 912-7072,,private academy (branch of Regina-HQ HoopLife Basketball Inc.),,,,,,,,,,,,,census-2026-07,1,1,,,HoopLife Basketball — Saskatoon,https://www.hooplifebasketball.com/saskatoon/sessions/basketball-training,yes,,unverified-single-source-non-ca,2026-07,,youth,
Houndsville Hoops,Saskatchewan,Saskatoon,source,Saskatoon & north (SK),https://www.instagram.com/houndsvillehoops/,houndsvillehoops@gmail.com,,BSI Club Championships (Basketball Saskatchewan Provincials),private academy (player development / training),,,,,,IG @houndsvillehoops,,,,,,,"census-2026-07,website-scrape",2,2,,,Houndsville Hoops,https://www.basketballsask.com/member-organizations/currentmembers,yes,yes,website-corroborated,2026-07,,youth,
Hudson Bay Jr. NBA community program (SKY Basketball),Saskatchewan,Hudson Bay,source,Saskatoon & north (SK),https://leagues.teamlinkt.com/skybasketball/Communities,april.danielle@nesd.ca,,SKY Basketball / Saskatchewan Youth Basketball (Jr. NBA),community program (Jr. NBA host site),,,,,,,,,,,,,census-2026-07,1,1,,,Hudson Bay Jr. NBA community program (SKY Basketball),https://leagues.teamlinkt.com/skybasketball/Communities,yes,,unverified-single-source-non-ca,2026-07,,youth,
Humboldt Heat,Saskatchewan,Humboldt,source,Saskatoon & north (SK),,basketballhumboldt@gmail.com,,BSI Club Championships (Basketball Saskatchewan Provincials); BSI-sanctioned club tournament circuit (inferred from BSI club membership),community nonprofit (club team),,,,,,,,,,,,,census-2026-07,1,1,,,Humboldt Heat,https://www.basketballsask.com/member-organizations/currentmembers,yes,,no-website,2026-07,,youth,
Humboldt Minor Basketball Association (HMBA),Saskatchewan,Humboldt,source,Saskatoon & north (SK),https://www.facebook.com/people/Humboldt-Minor-Basketball-Association/,bhkusch@hotmail.com,,SKY Basketball / Saskatchewan Youth Basketball (Jr. NBA),community nonprofit,,,,,,,,,,,,,census-2026-07,1,1,,,Humboldt Minor Basketball Association (HMBA),https://www.discoverhumboldt.com/articles/humboldt-minor-basketball-association-gearing-up-for-its-second-season,yes,,unverified-single-source-non-ca,2026-07,,youth,
Indian Head Community Basketball Association,Saskatchewan,Indian Head,source,"Regina & south, SK",https://www.ihactivities.ca,dgheyssen@sasktel.net,,SKY Basketball / Saskatchewan Youth Basketball (Jr. NBA),community nonprofit,,,,,,,,,,,,,census-2026-07,1,1,,,Indian Head Community Basketball Association,https://www.basketballsask.com/member-organizations/currentmembers,yes,yes,canadian-tld,2026-07,,youth,
Kelvington Jr. NBA community program (SKY Basketball),Saskatchewan,Kelvington,source,Saskatoon & north (SK),https://leagues.teamlinkt.com/skybasketball/Communities,kim.nicholls@horizonsd.ca,,SKY Basketball / Saskatchewan Youth Basketball (Jr. NBA),community program (Jr. NBA host site),,,,,,,,,,,,,census-2026-07,1,1,,,Kelvington Jr. NBA community program (SKY Basketball),https://leagues.teamlinkt.com/skybasketball/Communities,yes,,unverified-single-source-non-ca,2026-07,,youth,
Kindersley Jr. NBA community program (SKY Basketball),Saskatchewan,Kindersley,source,Saskatoon & north (SK),https://leagues.teamlinkt.com/skybasketball/Communities,jessie_099@hotmail.com,,SKY Basketball / Saskatchewan Youth Basketball (Jr. NBA),community program (Jr. NBA host site),,,,,,,,,,,,,census-2026-07,1,1,,,Kindersley Jr. NBA community program (SKY Basketball),https://leagues.teamlinkt.com/skybasketball/Communities,yes,,unverified-single-source-non-ca,2026-07,,youth,
Langham Jr. NBA community program (SKY Basketball),Saskatchewan,Langham,source,Saskatoon & north (SK),https://leagues.teamlinkt.com/skybasketball/Communities,jennaharder@hotmail.com,,SKY Basketball / Saskatchewan Youth Basketball (Jr. NBA),community program (Jr. NBA host site),,,,,,,,,,,,,census-2026-07,1,1,,,Langham Jr. NBA community program (SKY Basketball),https://leagues.teamlinkt.com/skybasketball/Communities,yes,,unverified-single-source-non-ca,2026-07,,youth,
little BALLERS,Saskatchewan,Moose Jaw,source,"Regina & south, SK (multi-location program)",https://littleballersbasketball.com,info@littleballersbasketball.com,1-204-298-2925,,private academy (intro program),,,,,,,,,,,,,census-2026-07,1,1,,,little BALLERS,https://www.moosejawtoday.com/local-news/little-ballers-youth-basketball-program-coming-to-moose-jaw-8406570,yes,,unverified-single-source-non-ca,2026-07,,youth,
Luseland Jr. NBA community program (SKY Basketball),Saskatchewan,Luseland,source,Saskatoon & north (SK),https://leagues.teamlinkt.com/skybasketball/Communities,dan@holmanfarminggroup.com,,SKY Basketball / Saskatchewan Youth Basketball (Jr. NBA),community program (Jr. NBA host site),,,,,,,,,,,,,census-2026-07,1,1,,,Luseland Jr. NBA community program (SKY Basketball),https://leagues.teamlinkt.com/skybasketball/Communities,yes,,unverified-single-source-non-ca,2026-07,,youth,
Lynx Basketball (Lynx Basketball Club),Saskatchewan,,,"Regina & south, SK (placement uncertain)",,,,,club (unspecified),60.7197137,-135.0522761,,ChIJgVO8gJhEVFERSzXQZOq3PeQ,APPROXIMATE,,,,,,"Whitehorse, YT, Canada",,"census-2026-07,geocode",2,2,,,Lynx Basketball | Lynx Basketball (Lynx Basketball Club),https://maps.googleapis.com/maps/api/geocode/json,,,no-website,2026-07,,youth,
Martensville Basketball (City of Martensville Recreation / Martensville Thunder),Saskatchewan,Martensville,source,Saskatoon & north (SK),,areddekopp@martensville.ca,(306) 683-5577,BSI-sanctioned spring club tournament circuit (Martensville Thunder U13); Saskatoon Minor Basketball Association (SMBA); Saskatoon Minor Basketball Association (SMBA) — community teams registered into SMBA programs,municipal recreation program / community (BSI member as 'Martensville Basketball'),,,,,,,,,,,,,census-2026-07,1,1,,,Martensville Basketball (City of Martensville Recreation / Martensville Thunder),https://martensvillemessenger.ca/basketball-season-underway-in-martensville/,yes,,no-website,2026-07,,youth,
Masterpiece Basketball (Masterpiece Camps),Saskatchewan,Regina,source,"Regina & south, SK",https://www.masterpiececamps.com,masterpiececamps@gmail.com,306-530-6770,,private academy (camps/training),,,,,,,,,,,,,census-2026-07,1,1,,,Masterpiece Basketball (Masterpiece Camps),https://www.masterpiececamps.com/about,yes,,unverified-single-source-non-ca,2026-07,,youth,
Meadow Lake Jr. NBA community program (SKY Basketball),Saskatchewan,Meadow Lake,source,Saskatoon & north (SK),https://leagues.teamlinkt.com/skybasketball/Communities,alan.robin@nwsd.ca,,SKY Basketball / Saskatchewan Youth Basketball (Jr. NBA),community program (Jr. NBA host site),,,,,,,,,,,,,census-2026-07,1,1,,,Meadow Lake Jr. NBA community program (SKY Basketball),https://leagues.teamlinkt.com/skybasketball/Communities,yes,,unverified-single-source-non-ca,2026-07,,youth,
Melfort/Kinistino Jr. NBA community program (SKY Basketball),Saskatchewan,Melfort,source,Saskatoon & north (SK),https://leagues.teamlinkt.com/skybasketball/Communities,penand00@gmail.com,,SKY Basketball / Saskatchewan Youth Basketball (Jr. NBA),community program (Jr. NBA host site),,,,,,,,,,,,,census-2026-07,1,1,,,Melfort/Kinistino Jr. NBA community program (SKY Basketball),https://leagues.teamlinkt.com/skybasketball/Communities,yes,,unverified-single-source-non-ca,2026-07,,youth,
Melville Mambas,Saskatchewan,Melville,source,Regina & south Saskatchewan,,mambasclubbasketball@gmail.com,,,community club,,,,,,,,,,,,,census-2026-07,1,1,,,Melville Mambas,https://www.basketballsask.com/member-organizations/currentmembers,yes,,no-website,2026-07,,youth,
Misfits Club Basketball,Saskatchewan,Regina,source,Regina & south Saskatchewan,https://misfitsbasketball.com,jeremy.sundeen@gmail.com,,Regina Youth Club Basketball League (RYCBL),community club (rep),,,,,,,,,,,,,census-2026-07,1,1,,,Misfits Club Basketball,https://www.basketballsask.com/member-organizations/currentmembers,yes,,unverified-single-source-non-ca,2026-07,,youth,
Moose Jaw Ballers (MJ Ballers),Saskatchewan,Moose Jaw,source,"Regina & south, SK",https://www.facebook.com/groups/1728174240798337/,mjballers18@gmail.com,,,community club,,,,,,FB @recover,,,,,,,"census-2026-07,website-scrape",2,2,,,Moose Jaw Ballers (MJ Ballers),https://www.basketballsask.com/member-organizations/currentmembers,yes,yes,website-corroborated,2026-07,,youth,
Moose Jaw Saints,Saskatchewan,Moose Jaw,source,Regina & south Saskatchewan,,andrews.garry@gmail.com,,,community club (rep),,,,,,,,,,,,,census-2026-07,1,1,,,Moose Jaw Saints,https://www.basketballsask.com/member-organizations/currentmembers,yes,,no-website,2026-07,,youth,
Moose Jaw Spartans (Spartans Club Basketball),Saskatchewan,Moose Jaw,source,Regina & south Saskatchewan,https://www.facebook.com/p/Spartans-Club-Basketball-100063684334994/,mjspartans17@gmail.com,,BSI-sanctioned spring club tournament circuit (2026),community club (rep),,,,,,FB @recover,,,,,,,"census-2026-07,website-scrape",2,3,,,Moose Jaw Spartans (Spartans Club Basketball) | Moose Jaw Spartans Basketball Club,https://www.discovermoosejaw.com/articles/moose-jaw-spartans-basketball-club-donates-1000-to-local-food-bank,yes,yes,website-corroborated,2026-07,,youth,
Moosomin Basketball Club,Saskatchewan,Moosomin,source,Regina & south Saskatchewan,,bdodds@hotmail.com,,,community club,,,,,,,,,,,,,census-2026-07,1,1,,,Moosomin Basketball Club,https://www.basketballsask.com/member-organizations/currentmembers,yes,,no-website,2026-07,,youth,
Nipawin Jr. NBA community program (SKY Basketball),Saskatchewan,Nipawin,source,Saskatoon & north (SK),https://leagues.teamlinkt.com/skybasketball/Communities,d.seckinger@nipawin.com,,SKY Basketball / Saskatchewan Youth Basketball (Jr. NBA),community program (Jr. NBA host site),,,,,,,,,,,,,census-2026-07,1,1,,,Nipawin Jr. NBA community program (SKY Basketball),https://leagues.teamlinkt.com/skybasketball/Communities,yes,,unverified-single-source-non-ca,2026-07,,youth,
Nova Elite Basketball Club,Saskatchewan,Regina,source,"Regina & south, SK",https://www.instagram.com/yqr.novaelite/,mericbauda@gmail.com,,,club (unspecified),,,,,,IG @yqr.novaelite,,,,,,,"census-2026-07,website-scrape",2,2,,,Nova Elite Basketball Club,https://www.basketballsask.com/member-organizations/currentmembers,yes,yes,website-corroborated,2026-07,,youth,
One Love Basketball Inc.,Saskatchewan,Saskatoon,source,Saskatoon & north (SK),https://www.facebook.com/onelovebasketball/,,,Living Skies Indigenous Basketball League (LSIBL); Living Skies Indigenous Basketball League (LSIBL) — co-operator,community nonprofit (youth development through basketball),,,,,,FB @onelovebasketball; FB @recover,,,,,,,"census-2026-07,website-scrape",2,2,,,One Love Basketball Inc.,https://www.facebook.com/onelovebasketball/,,yes,website-corroborated,2026-07,,youth,
Outlook Jr. NBA community program (SKY Basketball),Saskatchewan,Outlook,source,Saskatoon & north (SK),https://leagues.teamlinkt.com/skybasketball/Communities,amber.thompson@sunwestsd.ca,,SKY Basketball / Saskatchewan Youth Basketball (Jr. NBA),community program (Jr. NBA host site),,,,,,,,,,,,,census-2026-07,1,1,,,Outlook Jr. NBA community program (SKY Basketball),https://leagues.teamlinkt.com/skybasketball/Communities,yes,,unverified-single-source-non-ca,2026-07,,youth,
PA Thunder Basketball Club,Saskatchewan,Prince Albert,source,Saskatoon & north (SK),https://www.facebook.com/thunderbball306/,thunderbasketball.sk@gmail.com,,BSI Club Championships (Basketball Saskatchewan Provincials); BSI-sanctioned spring club tournament circuit (2026); Saskatchewan club tournament circuit; Saskatoon Minor Basketball Association (SMBA),community nonprofit (inclusive rep club),,,,,,FB @recover; FB @thunderbball306,,,,,,,"census-2026-07,website-scrape",2,2,,,PA Thunder Basketball Club,https://panow.com/2022/04/07/new-basketball-club-adopts-its-name-from-late-local-champion/,yes,yes,website-corroborated,2026-07,,youth,
Paradise Hill Jr. NBA community program (SKY Basketball),Saskatchewan,Paradise Hill,source,Saskatoon & north (SK),https://leagues.teamlinkt.com/skybasketball/Communities,dimples1973fink@gmail.com,,SKY Basketball / Saskatchewan Youth Basketball (Jr. NBA),community program (Jr. NBA host site),,,,,,,,,,,,,census-2026-07,1,1,,,Paradise Hill Jr. NBA community program (SKY Basketball),https://leagues.teamlinkt.com/skybasketball/Communities,yes,,unverified-single-source-non-ca,2026-07,,youth,
Porcupine Plain Jr. NBA community program (SKY Basketball),Saskatchewan,Porcupine Plain,source,Saskatoon & north (SK),https://leagues.teamlinkt.com/skybasketball/Communities,boyle.jocelyn@nesd.ca,,SKY Basketball / Saskatchewan Youth Basketball (Jr. NBA),community program (Jr. NBA host site),,,,,,,,,,,,,census-2026-07,1,1,,,Porcupine Plain Jr. NBA community program (SKY Basketball),https://leagues.teamlinkt.com/skybasketball/Communities,yes,,unverified-single-source-non-ca,2026-07,,youth,
Prairie Dream Basketball,Saskatchewan,Regina,source,Regina & south Saskatchewan,,prairiedreambasketball@gmail.com,,,community club (rep),,,,,,,,,,,,,census-2026-07,1,1,,,Prairie Dream Basketball,https://www.basketballsask.com/member-organizations/currentmembers,yes,,no-website,2026-07,,youth,
Prince Albert Community Basketball Association (PACBA / PA Lakers),Saskatchewan,Prince Albert,source,Saskatoon & north (SK),https://pacommunitybasketball.com,pacommunitybasketball@gmail.com,306-960-0430,BSI Club Championships / provincial club tournament circuit (Lakers teams); BSI-sanctioned spring club tournament circuit (2026); Prince Albert Community Basketball Association (PACBA) Winter League; Prince Albert Community Basketball Association (PACBA) Winter League — self-operated; SKY Basketball / Saskatchewan Youth Basketball (Jr. NBA),community nonprofit,,,,,,,,,,,,,census-2026-07,1,2,,,Prince Albert Community Basketball Association (PACBA / PA Lakers) | Prince Albert Community Basketball Association (PACBA) — Lakers club program,http://pacommunitybasketball.com,yes,,unverified-single-source-non-ca,2026-07,,youth,
Queen City Black Caps,Saskatchewan,Regina,source,Regina & south Saskatchewan,,,,Regina Youth Club Basketball League (RYCBL),community club (rep),,,,,,,,,,,,,census-2026-07,1,1,,,Queen City Black Caps,https://www.basketballsask.com/member-organizations/currentmembers,,,no-website,2026-07,,youth,
Queen City Splash,Saskatchewan,Regina,source,Regina & south Saskatchewan,,queencitysplash@gmail.com,,Regina Youth Club Basketball League (RYCBL),community club (rep),,,,,,,,,,,,,census-2026-07,1,1,,,Queen City Splash,https://www.basketballsask.com/member-organizations/currentmembers,yes,,no-website,2026-07,,youth,
Rapid View Jr. NBA community program (SKY Basketball),Saskatchewan,Rapid View,source,Saskatoon & north (SK),https://leagues.teamlinkt.com/skybasketball/Communities,mc_nolin@yahoo.ca,,SKY Basketball / Saskatchewan Youth Basketball (Jr. NBA),community program (Jr. NBA host site),,,,,,,,,,,,,census-2026-07,1,1,,,Rapid View Jr. NBA community program (SKY Basketball),https://leagues.teamlinkt.com/skybasketball/Communities,yes,,unverified-single-source-non-ca,2026-07,,youth,
Regina Bucks Basketball,Saskatchewan,Regina,source,Regina & south Saskatchewan,,cdandresfamily@gmail.com,,Regina Youth Club Basketball League (RYCBL),community club (rep),,,,,,,,,,,,,census-2026-07,1,1,,,Regina Bucks Basketball,https://www.basketballsask.com/member-organizations/currentmembers,yes,,no-website,2026-07,,youth,
Regina Community Basketball Association (RCBA),Saskatchewan,Regina,source,"Regina & south, SK",https://www.rcba.ca,rcbaadmin@sasktel.net,306-584-3222,Jr. NBA Canada; Regina Community Basketball Association (RCBA) — operates its own house league,community nonprofit,50.448119,-104.615859,,,,,,,,,,,"census-2026-07,jrnba-2019",2,2,,,Regina Community Basketball Association (Fall/Winter) | Regina Community Basketball Association (RCBA),https://www.rcba.ca/rcba/,yes,yes,canadian-tld,2026-07,,youth,
Regina Mambas,Saskatchewan,Regina,source,"Regina & south, SK",,reginamambasclub@gmail.com,,,community club (rep),,,,,,,,,,,,,census-2026-07,1,1,,,Regina Mambas,https://www.cbc.ca/news/canada/saskatchewan/raptors-win-young-basketball-players-regina-1.5182380,yes,,no-website,2026-07,,youth,
Regina Raptors,Saskatchewan,Regina,source,Regina & south Saskatchewan,https://www.reginaraptors.ca/,reginaraptors@gmail.com,306-596-1470,,community club (rep),,,,,,,,,,,,,census-2026-07,1,1,,,Regina Raptors,https://www.reginaraptors.ca/,yes,yes,canadian-tld,2026-07,,youth,
Reining 3's,Saskatchewan,Regina,source,Regina & south Saskatchewan,,,,,community club (rep),,,,,,,,,,,,,census-2026-07,1,1,,,Reining 3's,https://www.basketballsask.com/member-organizations/currentmembers,,,no-website,2026-07,,youth,
Rise Above Basketball,Saskatchewan,Regina,source,"Regina & south, SK (city per BSI grouping; base uncertain)",https://riseabovebasketballacademy.ca,kev@riseabovebasketball.ca,,,private academy/club,,,,,,FB @riseabovebasketballacademygp,,,,,,,"census-2026-07,website-scrape",2,2,,,Rise Above Basketball,https://riseabovebasketballacademy.ca/club-teams/,yes,yes,canadian-tld,2026-07,,youth,
Rosetown Jr. NBA community program (SKY Basketball),Saskatchewan,Rosetown,source,Saskatoon & north (SK),https://leagues.teamlinkt.com/skybasketball/Communities,jkatwhite@gmail.com,,SKY Basketball / Saskatchewan Youth Basketball (Jr. NBA),community program (Jr. NBA host site),,,,,,,,,,,,,census-2026-07,1,1,,,Rosetown Jr. NBA community program (SKY Basketball),https://leagues.teamlinkt.com/skybasketball/Communities,yes,,unverified-single-source-non-ca,2026-07,,youth,
Rosewood Community Association — Youth Basketball,Saskatchewan,Saskatoon,source,Saskatoon & north (SK),https://www.myrosewood.ca/basketball.html,info@myrosewood.ca,,Saskatoon Minor Basketball Association (SMBA),community nonprofit (multi-sport community association),,,,,,FB @MyRosewoodCA; FB @myrosewoodca,,,,,,,"census-2026-07,website-scrape",2,2,,,Rosewood Community Association — Youth Basketball,https://www.myrosewood.ca/basketball.html,yes,yes,canadian-tld,2026-07,,youth,
Rosthern Jr. NBA community program (SKY Basketball),Saskatchewan,Rosthern,source,Saskatoon & north (SK),https://leagues.teamlinkt.com/skybasketball/Communities,candicebihari@gmail.com,,SKY Basketball / Saskatchewan Youth Basketball (Jr. NBA),community program (Jr. NBA host site),,,,,,,,,,,,,census-2026-07,1,1,,,Rosthern Jr. NBA community program (SKY Basketball),https://leagues.teamlinkt.com/skybasketball/Communities,yes,,unverified-single-source-non-ca,2026-07,,youth,
Sandy Bay Jr. NBA community program (SKY Basketball),Saskatchewan,Sandy Bay,source,Saskatoon & north (SK),https://leagues.teamlinkt.com/skybasketball/Communities,atraxel@yahoo.com,,SKY Basketball / Saskatchewan Youth Basketball (Jr. NBA),community program (Jr. NBA host site),,,,,,,,,,,,,census-2026-07,1,1,,,Sandy Bay Jr. NBA community program (SKY Basketball),https://leagues.teamlinkt.com/skybasketball/Communities,yes,,unverified-single-source-non-ca,2026-07,,youth,
Sask Sky Basketball,Saskatchewan,Regina,source,Regina & south Saskatchewan,,saskskybasketball@gmail.com,,,community club (rep),,,,,,,,,,,,,census-2026-07,1,1,,,Sask Sky Basketball,https://www.basketballsask.com/member-organizations/currentmembers,yes,,no-website,2026-07,,youth,
Saskatoon Indian Métis Friendship Centre (SIMFC) — LSIBL basketball program,Saskatchewan,Saskatoon,source,Saskatoon & north (SK),https://simfc.ca/,reception@simfc.ca,(306) 244-0174,Living Skies Indigenous Basketball League (LSIBL),multi-sport / community org (Friendship Centre),,,,,,,,,,,,,census-2026-07,1,1,,,Saskatoon Indian Métis Friendship Centre (SIMFC) — LSIBL basketball program,https://simfc.ca/2022/05/25/living-skies-indigenous-basketball-league-for-indigenous-youth-ages-11-17/,yes,yes,canadian-tld,2026-07,,youth,
Saskatoon Minor Basketball Association (SMBA),Saskatchewan,Saskatoon,source,Saskatoon & north (SK),https://smbayxe.ca,,(306) 249-4712,BSI Club Championships (Basketball Saskatchewan Provincials); Saskatoon Minor Basketball Association (SMBA) — operates its own community and rep leagues,community nonprofit (city association / league operator),,,,,,FB @Saskatoon-Minor-Basketball-Association-S; FB @minorSaskatoon; IG @smba_saskatoon,,,,,,,"census-2026-07,website-scrape",2,2,,,Saskatoon Minor Basketball Association (SMBA),https://smbayxe.ca/smba/AbouttheSMBA,yes,yes,canadian-tld,2026-07,,youth,
Saskatoon Public Schools Basketball Academy (operated by Golden Ticket Sports),Saskatchewan,Saskatoon,source,Saskatoon & north (SK),https://goldenticketsports.leagueapps.com/camps/3925409-saskatoon-public-schools-basketball-academy---2023-2024---grades-5-8,tanner@goldenticketsports.com,306-693-5622,,private academy program (school-division partnership; not a varsity team),,,,,,,,,,,,,census-2026-07,1,1,,,Saskatoon Public Schools Basketball Academy (operated by Golden Ticket Sports),https://goldenticketsports.leagueapps.com/camps/3925409-saskatoon-public-schools-basketball-academy---2023-2024---grades-5-8,yes,,unverified-single-source-non-ca,2026-07,,youth,
Saskatoon Shadow Basketball Club,Saskatchewan,Saskatoon,source,Saskatoon & north (SK),https://app.teamlinkt.com/register/go/saskatoonshadowbasketballclub/73399,shadowbasketball@shaw.ca,,BSI-sanctioned club tournament circuit; Genesis Basketball tournaments (entered as 'Saskatoon Shadow (Wiebe)'),community nonprofit,,,,,,,,,,,,,"census-2026-07,website-scrape",2,2,,,Saskatoon Shadow Basketball Club,https://app.teamlinkt.com/register/go/saskatoonshadowbasketballclub/73399,yes,yes,website-corroborated,2026-07,,youth,
Saskatoon SLAM Basketball,Saskatchewan,Saskatoon,source,Saskatoon & north (SK),https://saskatoonslam.com,saskatoonslam@gmail.com,,BSI Club Championships (Basketball Saskatchewan Provincials); BSI Club Championships / BSI-sanctioned spring club tournament circuit; BSI-sanctioned spring club tournament circuit (2026),community nonprofit (registered non-profit club),,,,,,FB @WordPresscom; IG @saskatoonslambasketballclub,,,,,,,"census-2026-07,website-scrape",2,2,,,Saskatoon SLAM Basketball,https://saskatoonslam.com/,yes,yes,website-corroborated,2026-07,,youth,
Saskatoon Spartans,Saskatchewan,Saskatoon,source,Saskatoon & north (SK),,mitchellda1978@gmail.com,,BSI-sanctioned club tournament circuit (inferred from BSI club membership),club (structure unknown),,,,,,,,,,,,,census-2026-07,1,1,,,Saskatoon Spartans,https://www.basketballsask.com/member-organizations/currentmembers,yes,,no-website,2026-07,,youth,
SaskHomeCourt Basketball,Saskatchewan,Saskatoon,source,Saskatoon & north (SK),https://www.saskhomecourt.com/,homecourtbasketball@gmail.com,(306) 527-9241,SaskHomeCourt Summer League (own league),private academy / league operator,,,,,,,,,,,,,census-2026-07,1,1,,,SaskHomeCourt Basketball,https://www.saskhomecourt.com/summerleague,yes,,unverified-single-source-non-ca,2026-07,,youth,
SaskHoops Elite Basketball,Saskatchewan,Saskatoon,source,Saskatoon & north (SK),https://saskhoops.ca/,saskhoopselite@gmail.com,+1 639-597-3571,Alberta club tournaments (teams competed across SK and AB in 2024); BSI Club Championships (Basketball Saskatchewan Provincials); BSI-sanctioned club tournament circuit (Saskatchewan); BSI-sanctioned spring club tournament circuit (2026),private academy / club,,,,,,,,,,,,,census-2026-07,1,1,,,SaskHoops Elite Basketball,https://www.cbc.ca/news/canada/saskatchewan/brothers-from-the-philippines-proud-basketball-club-grows-1.7295744,yes,yes,canadian-tld,2026-07,,youth,
Scorpions (SCORPIONS Club Basketball),Saskatchewan,Regina,source,"Regina & south, SK",,k_bellefleur@hotmail.com,,,club (unspecified),,,,,,,,,,,,,census-2026-07,1,2,,,SCORPIONS (Regina) | Scorpions (SCORPIONS Club Basketball),https://www.basketballsask.com/member-organizations/currentmembers,yes,,no-website,2026-07,,youth,
Shoot 360 Regina,Saskatchewan,Regina,source,Regina & south Saskatchewan,https://www.shoot360.com/regina,,,,private academy (franchise training facility),,,,,,,,,,,,,census-2026-07,1,1,,,Shoot 360 Regina,https://www.shoot360.com/regina,,,unverified-single-source-non-ca,2026-07,,youth,
Silverspring Community Association — Basketball,Saskatchewan,Saskatoon,source,Saskatoon & north (SK),https://silverspringcommunity.ca/programs/basketball/,basketball@silverspringcommunity.ca,,Saskatoon Minor Basketball Association (SMBA),community nonprofit (multi-sport community association),,,,,,FB @Saskatoon-Minor-Basketball-Association-S; FB @SilverspringCommunityAssociation,,,,,,,"census-2026-07,website-scrape",2,2,,,Silverspring Community Association — Basketball,https://silverspringcommunity.ca/programs/basketball/,yes,yes,canadian-tld,2026-07,,youth,
SKY Basketball northern community programs (Jr. NBA network),Saskatchewan,"Various small towns, Saskatoon & north region",source,Saskatoon & north (SK),https://leagues.teamlinkt.com/skybasketball/Communities,skybasketball@sasktel.net,(306) 780-9264,SKY Basketball / Saskatchewan Youth Basketball (Jr. NBA),"community program network (league-operated, not independent clubs)",,,,,,,,,,,,,census-2026-07,1,1,,,SKY Basketball northern community programs (Jr. NBA network),https://leagues.teamlinkt.com/skybasketball/Communities,yes,,unverified-single-source-non-ca,2026-07,,youth,
Soldiers Basketball Academy (SaskHomecourt),Saskatchewan,Regina,source,"Regina & south, SK",https://www.soldiersbasketball.org,homecourtbasketball@gmail.com,(306)-527-9241,,private academy,,,,,,,,,,,,,census-2026-07,1,2,,,Soldiers Basketball (Soldiers Academy) | Soldiers Basketball Academy (SaskHomecourt),https://www.soldiersbasketball.org/about,yes,,unverified-single-source-non-ca,2026-07,,youth,
Splash (Regina),Saskatchewan,Regina,source,Regina & south Saskatchewan,,m.stefaniuk@sasktel.net,,,community club (rep),,,,,,,,,,,,,census-2026-07,1,2,,,Splash | Splash (Regina),https://www.basketballsask.com/member-organizations/currentmembers,yes,,no-website,2026-07,,youth,
St. Walburg Jr. NBA community program (SKY Basketball),Saskatchewan,St. Walburg,source,Saskatoon & north (SK),https://leagues.teamlinkt.com/skybasketball/Communities,keljenlarre@gmail.com,,SKY Basketball / Saskatchewan Youth Basketball (Jr. NBA),community program (Jr. NBA host site),,,,,,,,,,,,,census-2026-07,1,1,,,St. Walburg Jr. NBA community program (SKY Basketball),https://leagues.teamlinkt.com/skybasketball/Communities,yes,,unverified-single-source-non-ca,2026-07,,youth,
Stonebridge Community Association — Basketball,Saskatchewan,Saskatoon,source,Saskatoon & north (SK),https://www.ourstonebridge.ca/,ourstonebridge.programs@gmail.com,,Saskatoon Minor Basketball Association (SMBA),community nonprofit (multi-sport community association),,,,,,,,,,,,,"census-2026-07,website-scrape",2,2,,,Stonebridge Community Association — Basketball,https://www.ourstonebridge.ca/smba-registration-mini-bantam/,yes,yes,canadian-tld,2026-07,,youth,
Stutter Steps Basketball,Saskatchewan,Saskatoon,source,Saskatoon & north (SK),https://www.facebook.com/stuttersteps.bball/,stuttersteps.adrian@gmail.com,,BSI Club Championships (Basketball Saskatchewan Provincials),private academy / club (player development),,,,,,FB @recover; FB @stuttersteps.bball,,,,,,,"census-2026-07,website-scrape",2,2,,,Stutter Steps Basketball,https://www.basketballsask.com/member-organizations/currentmembers,yes,yes,website-corroborated,2026-07,,youth,
Swift Current Minor Basketball (Swift Current Surge),Saskatchewan,Swift Current,source,Regina & south Saskatchewan,https://www.swiftcurrentsurge.ca/,scminorbasketball@gmail.com,,BSI Club Championships (Basketball Saskatchewan Provincials); BSI-sanctioned spring club tournament circuit (2026),community nonprofit,,,,,,,,,,,,,"census-2026-07,website-scrape",2,2,,,Swift Current Minor Basketball (Swift Current Surge),https://www.swiftcurrentsurge.ca/,yes,yes,canadian-tld,2026-07,,youth,
The Basketball Experience (TBE),Saskatchewan,Saskatoon,source,Saskatoon & north (SK),https://www.basketballexperience.ca/,info@basketballexperience.ca,,TBE 3x3 Basketball League (self-operated); TBE 3x3 league (own in-house league),private academy,,,,,,,,,,,,,census-2026-07,1,1,,,The Basketball Experience (TBE),https://www.basketballexperience.ca/,yes,yes,canadian-tld,2026-07,,youth,
Tisdale Jr. NBA community program (SKY Basketball),Saskatchewan,Tisdale,source,Saskatoon & north (SK),https://leagues.teamlinkt.com/skybasketball/Communities,recreation@tisdale.ca,,SKY Basketball / Saskatchewan Youth Basketball (Jr. NBA),"community program (Jr. NBA host site, town recreation dept)",,,,,,,,,,,,,census-2026-07,1,1,,,Tisdale Jr. NBA community program (SKY Basketball),https://leagues.teamlinkt.com/skybasketball/Communities,yes,,unverified-single-source-non-ca,2026-07,,youth,
Triple Threat Athletics,Saskatchewan,Regina,source,Regina & south Saskatchewan,,sasktriplethreat@gmail.com,306-530-5373,,community club (rep),,,,,,,,,,,,,census-2026-07,1,1,,,Triple Threat Athletics,https://www.basketballsask.com/member-organizations/currentmembers,yes,,no-website,2026-07,,youth,
Turtleford Jr. NBA community program (SKY Basketball),Saskatchewan,Turtleford,source,Saskatoon & north (SK),https://leagues.teamlinkt.com/skybasketball/Communities,marilyn.whelan@nwsd.ca,,SKY Basketball / Saskatchewan Youth Basketball (Jr. NBA),community program (Jr. NBA host site),,,,,,,,,,,,,census-2026-07,1,1,,,Turtleford Jr. NBA community program (SKY Basketball),https://leagues.teamlinkt.com/skybasketball/Communities,yes,,unverified-single-source-non-ca,2026-07,,youth,
Unity Jr. NBA community program (SKY Basketball),Saskatchewan,Unity,source,Saskatoon & north (SK),https://leagues.teamlinkt.com/skybasketball/Communities,billandcarin_leibel@live.ca,,SKY Basketball / Saskatchewan Youth Basketball (Jr. NBA),community program (Jr. NBA host site),,,,,,,,,,,,,census-2026-07,1,1,,,Unity Jr. NBA community program (SKY Basketball),https://leagues.teamlinkt.com/skybasketball/Communities,yes,,unverified-single-source-non-ca,2026-07,,youth,
UPREP Canada (University Prep Canada Basketball Club),Saskatchewan,Saskatoon,source,Saskatoon & north (SK),https://www.uprepbasketball.com,info@uprepbasketball.com,,,private prep club (self-described nonprofit),,,,,,FB @2008; FB @uprepcanada; IG @uprepcanada,,,,,,,"census-2026-07,website-scrape",2,2,,,UPREP Canada (University Prep Canada Basketball Club),https://www.uprepbasketball.com/,yes,yes,website-corroborated,2026-07,,youth,
Vipers (Regina),Saskatchewan,Regina,source,Regina & south Saskatchewan,,ral751@mail.usask.ca,,,community club (rep),,,,,,,,,,,,,census-2026-07,1,2,,,Vipers | Vipers (Regina),https://www.basketballsask.com/member-organizations/currentmembers,yes,,no-website,2026-07,,youth,
Warman Minor Basketball,Saskatchewan,Warman,source,Saskatoon & north (SK),https://leagues.teamlinkt.com/smba,smba4712@gmail.com,,Saskatoon Minor Basketball Association (SMBA),community program (SMBA-operated),,,,,,,,,,,,,census-2026-07,1,1,,,Warman Minor Basketball,https://www.warman.ca/892/Warman-Minor-Basketball,yes,,unverified-single-source-non-ca,2026-07,,youth,
Warman Wolves Basketball Club,Saskatchewan,Warman,source,Saskatoon & north (SK),https://www.warman.ca/891/Warman-Wolves-Basketball-Club,warmanwolves@gmail.com,,BSI Club Championships (Basketball Saskatchewan Provincials); BSI-sanctioned club tournament circuit (BSI member club; BSI-sanctioned spring club tournament circuit (2026); specific leagues not published),community nonprofit (volunteer parent-run club),,,,,,,,,,,,,census-2026-07,1,1,,,Warman Wolves Basketball Club,https://www.warman.ca/891/Warman-Wolves-Basketball-Club,yes,yes,canadian-tld,2026-07,,youth,
Weyburn Youth Basketball,Saskatchewan,Weyburn,source,"Regina & south, SK",https://www.facebook.com/p/Weyburn-Youth-Basketball-100068064164988/,h.souledge@gmail.com,,SKY Basketball / Saskatchewan Youth Basketball (Jr. NBA),community nonprofit,,,,,,FB @recover,,,,,,,"census-2026-07,website-scrape",2,2,,,Weyburn Youth Basketball,https://discoverweyburn.com/articles/registrations-open-for-weyburn-youth-basketballs-junior-nba-program-,yes,yes,website-corroborated,2026-07,,youth,
Wolfpack Basketball (Regina),Saskatchewan,Regina,source,"Regina & south, SK",,,,,club (unspecified),,,,,,,,,,,,,census-2026-07,1,1,,,Wolfpack Basketball (Regina),https://www.basketballsask.com/member-organizations/currentmembers,,,no-website,2026-07,,youth,
Xcite Athletics,Saskatchewan,Regina,source,Regina & south Saskatchewan,https://xciteathletics.com/,info.xciteathletics@gmail.com,306-501-3761,,private academy,,,,,,,,,,,,,census-2026-07,1,1,,,Xcite Athletics,https://xciteathletics.com/,yes,,unverified-single-source-non-ca,2026-07,,youth,
Yorkton Blue Jays Basketball Club (Yorkton Legion Blue Jays),Saskatchewan,Yorkton,source,Regina & south Saskatchewan,https://yorktonbluejays.ca/,jason@goldenticketsports.com,306-621-2595,BSI Club Championships (Basketball Saskatchewan Provincials); BSI-sanctioned spring club tournament circuit (2026),community club (rep),,,,,,,,,,,,,census-2026-07,1,1,,,Yorkton Blue Jays Basketball Club (Yorkton Legion Blue Jays),https://yorktonbluejays.ca/,yes,yes,canadian-tld,2026-07,,youth,
Yorkton Hotshots (Harvest Hotshots),Saskatchewan,Yorkton,source,Regina & south Saskatchewan,,darcy_zaharia@hotmail.com,,,community club,,,,,,,,,,,,,census-2026-07,1,1,,,Yorkton Hotshots (Harvest Hotshots),https://www.basketballsask.com/member-organizations/currentmembers,yes,,no-website,2026-07,,youth,
YXE Elite Basketball Club,Saskatchewan,Saskatoon,source,Saskatoon & north (SK),https://www.yxeelitebasketball.com,info@yxeelitebasketball.com,,BSI-sanctioned club tournament circuit,private club,,,,,,,,,,,,,"census-2026-07,website-scrape",2,2,,,YXE Elite Basketball Club,https://www.yxeelitebasketball.com/,yes,yes,website-corroborated,2026-07,,youth,
Basketball NWT (Basketball Northwest Territories),Territories (YT/NWT/NU),Yellowknife,source,Northwest Territories,https://bnwt.ca,bnwttd1@gmail.com,(867) 445-6421,Jr. NBA Yellowknife youth league (formerly Steve Nash Youth Basketball); Jr. NBA Yellowknife youth league (operates; U14 Futures Jr. High Performance Program (NWT); U14 Futures Jr. High Performance Program (NWT) (is the program itself; U14 Futures Jr. High Performance Program (NWT) (operates); YK Youth Basketball League (YYBL); YK Youth Basketball League (YYBL) (operates); feeds Team NT); formerly Steve Nash Youth Basketball),territorial governing body (TSO) — direct league/program operator,,,,,,IG @futuresbasketballnwt,,,,,,,"census-2026-07,website-scrape",2,4,,,Basketball NWT (BNWT) | Basketball NWT (Basketball Northwest Territories) | U14 Futures Jr. High Performance Program (Futures Basketball NWT),https://bnwt.ca/,yes,yes,canadian-tld,2026-07,,youth,
Basketball Yukon,Territories (YT/NWT/NU),Whitehorse,source,Yukon,https://basketballyukon.ca,admin@basketballyukon.ca,,Jr. NBA Yukon (delivered via Wolf Pack); Yukon Lights Out Invitational (co-presenter with Aasman Brand Communications),territorial governing body (community nonprofit),,,,,,,,,,,,,"census-2026-07,website-scrape",2,2,,,Basketball Yukon,https://basketballyukon.ca/,yes,yes,canadian-tld,2026-07,,youth,
Cambridge Bay community basketball (U19 program),Territories (YT/NWT/NU),Cambridge Bay,source,Nunavut,,recreationculturemanager@cambridgebay.ca,(867) 983-4683,Nunavut Basketball Territorial Championships (U19/18U),"community program (informal, fields territorial-championship teams)",,,,,,,,,,,,,census-2026-07,1,1,,,Cambridge Bay community basketball (U19 program),https://nunatsiaq.com/stories/article/cambridge-bay-earns-double-victories-at-nunavut-basketball-championships/,yes,,no-website,2026-07,,youth,
GO Ball (GOBall Yellowknife),Territories (YT/NWT/NU),Yellowknife,source,Northwest Territories,http://www.goballyk.com,goballyk@gmail.com,,GO Ball (girls-only basketball club — internal sessions/mini 3-on-3),"community nonprofit girls-only club, partnered with Basketball NWT",,,,,,FB @2008; IG @goballyk,,,,,,,"census-2026-07,website-scrape",2,3,,,GO Ball (GOBall Yellowknife) | GO Ball (Girls Only Basketball),http://www.goballyk.com/programs,yes,yes,website-corroborated,2026-07,,youth,
Inuvik Youth Basketball League,Territories (YT/NWT/NU),Inuvik,source,Northwest Territories,,jason_dayman@bdec.learnnet.nt.ca,867-777-3040,Inuvik youth basketball league; Inuvik youth basketball league (self-operated); Yukon Lights Out Invitational (travel),community program (school/rec-facility based),,,,,,,,,,,,,census-2026-07,1,1,,,Inuvik Youth Basketball League,https://www.yukon-news.com/sports/lights-out-yukon-invitational-basketball-tournament-bigger-than-ever-in-sixth-year-6998654,yes,,no-website,2026-07,,youth,
Lynx Basketball (Lynx Basketball Club),Territories (YT/NWT/NU),Whitehorse,source,Yukon,https://www.facebook.com/lynxbballyukon/,diedred@gmail.com,(867) 334-8786,Lynx Basketball (girls development program — internal sessions),community nonprofit / volunteer-run girls development program (listed under Basketball Yukon youth programs),,,,,,,,,,,,,census-2026-07,1,1,,,Lynx Basketball (Lynx Basketball Club),https://basketballyukon.ca/youth-programs/,yes,,unverified-single-source-non-ca,2026-07,,youth,
Nunavut Basketball Association (NUBA),Territories (YT/NWT/NU),Iqaluit,source,Nunavut,https://www.nunavutbasketball.ca,nunavutbasketball@outlook.com,,Iqaluit 3-on-3 program; Iqaluit 3-on-3 program (operates); NUBA Regional Championships (Kitikmeot/Kivalliq; Nunavut Basketball Territorial Championships (U19/18U); Nunavut Basketball Territorial Championships (U19/18U) (operates); Qikiqtani); Qikiqtani) (operates),territorial governing body (nonprofit) / direct program operator,,,,,,,,,,,,,"census-2026-07,website-scrape",2,2,,,Nunavut Basketball Association (NUBA),https://www.nunavutbasketball.ca/,yes,yes,canadian-tld,2026-07,,youth,
Town of Hay River Recreation (recreational basketball programming),Territories (YT/NWT/NU),Hay River,source,Northwest Territories,https://hayriver.com/youth-programs/,townhall@hayriver.com,867-874-6522,Hay River recreational basketball league; Hay River recreational basketball league (existence not independently confirmed online),multi-sport org (municipal recreation department),,,,,,,,,,,,,census-2026-07,1,2,,,Town of Hay River Recreation (recreational basketball programming) | Town of Hay River Recreation — youth basketball,https://hayriver.com/youth-programs/,yes,,unverified-single-source-non-ca,2026-07,,youth,
Winmar Spartans (Spartans Basketball),Territories (YT/NWT/NU),Yellowknife,source,Northwest Territories,,emanramos5@gmail.com,(867) 446-3850,Out-of-territory tournaments (Swoosh Volvo of Edmonton Challenge); Yellowknife Basketball Association (YKBA senior club league — youth HP team plays up); Yellowknife Basketball Association (YKBA) club league,community high-performance program (sponsor-named: Winmar; no standalone web presence found),,,,,,,,,,,,,census-2026-07,1,2,,,Winmar Spartans (Spartans Basketball) | Winmar Spartans Basketball,https://www.nnsl.com/sports/a-winning-weekend-on-the-basketball-court-for-yellowknife-eagles-and-winmar-spartans-7273864,yes,,no-website,2026-07,,youth,
Wolf Pack Basketball Club,Territories (YT/NWT/NU),Whitehorse,source,Yukon,https://www.wolfpack-basketball.com,wolfpack.bball@northwestel.net,,Jr. NBA Yukon; Jr. NBA Yukon (operates; Out-of-territory tournaments (BC/Alberta/Alaska); Yukon Lights Out Invitational (youth divisions); in partnership with Canada Basketball),community nonprofit club,,,,,,FB @2008; FB @CoachTBrady; FB @WolfPackYukon,,,,,,,"census-2026-07,website-scrape",2,2,,,Wolf Pack Basketball Club,https://www.wolfpack-basketball.com/about,yes,yes,website-corroborated,2026-07,,youth,
Yellowknife Eagles Basketball,Territories (YT/NWT/NU),Yellowknife,source,Northwest Territories,https://www.eaglesball.ca,ykeaglesball@gmail.com,867-445-1771,Out-of-territory tournaments (e.g.; Volvo of Edmonton Challenge); Yellowknife Basketball Association (YKBA) women's league (U19 team; per 2021-22 season reporting),"community nonprofit club (girls high-performance; Basketball NWT-affiliated, BNWT logo in footer)",,,,,,,,,,,,,census-2026-07,1,1,,,Yellowknife Eagles Basketball,https://www.eaglesball.ca/,yes,yes,canadian-tld,2026-07,,youth,
Yellowknife Ravens Basketball Club,Territories (YT/NWT/NU),Yellowknife,source,Northwest Territories,https://www.ykravensbasketball.com,info@ykravensbasketball.com,,Out-of-territory tournaments; Yellowknife Basketball Association (YKBA) club league (reported — Ravens entry in YKBA playoffs),"community nonprofit club (boys high-performance; sister program to Eagles, Basketball NWT-affiliated)",,,,,,IG @embed.js; IG @ykravensbasketball,,,,,,,"census-2026-07,website-scrape",2,2,,,Yellowknife Ravens Basketball Club,https://www.ykravensbasketball.com/,yes,yes,website-corroborated,2026-07,,youth,
